id,time,memory,cpu
0023ae1595b947c28de697b0f5cbf5a2,1609997693.6874406,0.12119344533215767,11.7
00f057c9392943b99b8dee1d1ef34b33,1609998774.0259197,0.12766919447410788,9.2
011958e1fb5f469aa49fab3d8372313d,1609998561.9090521,0.12501900977168606,11.3
014562505f5a45a6bf9448dfbbcbac85,1609998351.4690158,0.12335605185227318,35.2
01857236fa0348c78224e1cc3d7e566b,1609997976.5907462,0.12342556290494756,17.3
01b40e2892f947738ee511aa0681259a,1609998467.7559361,0.1249330914417443,8.4
01bf0347961545178f0cf3f6664ef0c0,1609998847.1980817,0.12779745025149006,16.3
024f7b9633bc4305bd634850d4d55c74,1609998119.3528416,0.12238503521658296,11.0
02b20f64141f45e7b9a434dfa81c7930,1609998496.523044,0.12436099000297925,17.8
02b9d7de34e64283a9f9683051d1efb0,1609998288.695514,0.12254674242987257,12.2
03768d23caf349ce9474589c285c148d,1609997935.7340057,0.12274739038994836,14.2
03e117cedaad48c5aae50955afaa4222,1609998052.1749055,0.1227376248755674,20.4
042af76059884664a0b3ee769bad626a,1609997649.4394388,0.12095223409417963,10.7
0436e181e4e14ea78e81f28b8943b7e5,1609998045.1656723,0.12212605195553895,4.0
052ac8ad2d7a4ea796096a1554283727,1609998875.8804789,0.12769069680235662,8.8
056ca9e28087443cb3f243d9d9f70a61,1609997909.6994371,0.12227843340587159,15.9
05908d7ef96445e784358bc7a2514d83,1609998049.1710722,0.12214785756063183,2.8
0671554e09ed4e37b9002cd3a3e01e63,1609998824.21051,0.12763154265390925,14.9
0677fcd7aff14d97b3ce330bf0bbbe13,1609997851.9315689,0.12230017835559565,19.3
0692ac633b284ed4a7a5bd9f98b913f2,1609997934.73252,0.12232090732789187,3.9
06cbc6de4b25483282b31df96e0c75d2,1609998138.4495049,0.12238133523908458,14.4
06cd27cd6afa41c28c5da71a2f5a3e71,1609998545.7231553,0.12513998690480915,5.2
07205b5851664e1fa490b6626c410c22,1609998181.625337,0.1231878545145192,18.3
07de8e88e1f74519a471a4e6c8a3c494,1609998458.0700078,0.12390073706432897,6.3
08694e7bd5184dc3a8a6503a315880de,1609998313.703045,0.12321763630061268,14.7
08af00d72d764ee4ac2ce9d81299574b,1609997637.2194817,0.12137553274937275,8.7
08d2e5a7caf7457c93f0748c4fcab9f9,1609998094.1615016,0.1222180813138899,6.3
093a80510cbe4202a90d8926ef5ab22f,1609998908.153682,0.1278135542519133,12.5
0946a90a7fce42a78441a42c6f5128a8,1609998487.4410412,0.12408048924984427,29.9
0952f63b89a545e685e268e7dce04afa,1609998068.1628332,0.12229308167744303,17.2
096537a8701f4460a277ae147a9d3199,1609998173.7384923,0.12306466346043397,10.2
0979b68c94e74a62b34f615a8872ea09,1609998378.506503,0.1232108580631464,11.5
098f30d9d17b41dd94a6cc70fcb7d533,1609997948.752246,0.12216614515433281,5.9
09a6fe4df8e8400e94b5069723423edc,1609998597.1394725,0.12494807331784427,4.2
09a8d140f921477480257303e81009cf,1609998198.9425273,0.12213149577489106,6.9
09b7475e0f984927ac6fca0dc0507cf9,1609998036.1528623,0.12248587476725588,17.5
0a00a5c7a8f3465db9eb004ef29c861b,1609997950.7556787,0.12247368303812188,19.9
0a5ca857b91b4cbabaae96bed178f467,1609998106.178288,0.12255834276916051,15.7
0b5cb6b60d7949228259986bf9b0f939,1609998888.1289139,0.1282971898352459,29.3
0b9991cede404a9e81c827cd7f93be0e,1609997951.7569294,0.12260621501900629,23.2
0bbba90139884570a9dde873614bd221,1609997654.4450533,0.12076587047346231,7.8
0bf01c61fbc94affa272b889b759cc03,1609998532.6936839,0.12450841287691038,21.2
0c452f929a974ec291cc994569545834,1609998699.4684353,0.12656581265979752,20.2
0c4555a8f5524cb6af6d94531c554cd8,1609997990.2611156,0.12313008027571262,14.0
0c6052596ef041b7ae33e29e6313de2e,1609997960.4259293,0.12312672906658499,11.7
0c93e0a92289428b9e0132addefe9290,1609998538.8169663,0.12477637313254061,22.1
0ccbc2f907e146269fea580dafb77cc1,1609998360.4820065,0.12314386420827829,8.6
0cd4a8ef6c914e70a0b3a8362a85edb5,1609997544.3363118,0.12000698082639816,7.3
0cdb7e38905c414b9f52d27f306f247e,1609998834.1822608,0.12803109473220708,10.0
0cedf16a696e45398cba0f32c40b235d,1609998107.1796699,0.1223085336326514,12.1
0d09e87d56084b7788c5eaff535acd8b,1609998235.9933097,0.12252484584172646,14.0
0d2fba26f13d44709622379a6e92cb13,1609998832.4301705,0.12787378503315733,18.4
0d9b25248aab48a890601962e3932d80,1609997798.5245972,0.12182803696465552,18.7
0db21abcc629431a8fa97480293243c0,1609997788.5300605,0.12171840238550287,23.2
0db33cc4bed645d5baa04f656e985427,1609998519.1777806,0.12465996031592166,18.5
0de3bd3ba4ea422c86fe07d0a8a20087,1609998139.4511068,0.12236661114830212,6.2
0e6580a6ce7e41eaaf5c111f918531b9,1609998339.6336787,0.12318937089873985,5.9
0e877c3e53dd48918720b36da1238f07,1609997636.2195065,0.1213145286121762,27.2
0e8c132a450b421bb89456b9f518ce2f,1609997633.1753802,0.12074297307173057,13.9
0ea1e492495e4528be93c92931b07adf,1609997750.6944315,0.12249005998770485,20.0
0ea5d16ec2914a4283ca557b986a4fc3,1609998268.2679048,0.12271516722525964,18.1
0ebae48a4f654e4c9bd826f3650989e9,1609997590.5508566,0.12109252996227372,27.3
0ee4a6072d684ddea8b0177561b15cad,1609997610.303491,0.1211883351173341,13.2
0f056f18d4254586be95ec2cf496d5a2,1609997900.6283524,0.12261887682724867,27.8
0f078716fe9b4cb699e13462de7aa3c1,1609998127.3634055,0.12239906177062393,12.9
0f109ecc49fc46dd84180a1fcb13abd7,1609997662.4557464,0.12146220927142484,21.3
0f6622f628f24df7ab02188f1f6f5072,1609998314.7039,0.12257130785424702,21.5
102b053a8fc24a89b56acbee835a9295,1609997661.454402,0.12149854183735151,13.6
10324e6b410b4904a5a6c2140a70c6b4,1609998567.916859,0.12471210876926966,13.2
10420811bbd14fdc814e7b8bfbc55ae1,1609997492.212786,0.11649811323135154,14.9
10424f86598f472da8cff610d76c2702,1609997748.6928236,0.12202031448383335,12.5
1109b7055ecb4424b895c7ce617232ee,1609997736.774475,0.12231622170065007,23.9
1146a0d47af14583862bf6c3aa818bd9,1609998453.0622501,0.12425018780797668,3.9
11da3b3f6f604978bb4efd53f642477c,1609998489.444282,0.12395340108831199,18.0
11e28f08180349dc8ba56cbc2b7cdca5,1609997940.7408376,0.12278614917062805,13.8
124471f09dc54a5a92bf6624a733733f,1609998551.8949475,0.12582431593974416,26.4
1272f0c80d7b4d4f92a3cc32cbc8eaf3,1609998355.4744515,0.12299939828357741,9.3
12b64c6df8674523b2a67af87cad1d25,1609997969.85051,0.12196711972537311,10.2
12bf656762964fe3a44c885c979ebcef,1609998806.8091393,0.12787423994842353,19.0
12cc50819e8a4be2a4903ef1b3aac2ef,1609998674.9055312,0.12554555902846293,29.2
12de716e8c5f46289eab141152636549,1609998825.2122548,0.1278908291917974,13.1
12e2176cd46d469aaccc8c4250ca1d57,1609997787.5289187,0.12174213379855597,22.8
12faaa10151f4810a8feb0784db91827,1609997949.7539647,0.1222706846825041,7.6
13ad2161aa48464e97eeb4846cbccd91,1609998442.0482655,0.12368721500221991,16.6
13ce37defd8f4325ae437cf3aa75e3cb,1609997555.7451165,0.12054738983495174,30.7
13d6f5af94624771879c264331cb3cd7,1609997536.5827425,0.11998936044175426,17.3
13f24b0c515d4d0d973a3e3654e9f5e8,1609997710.401781,0.12138211385689036,15.0
142e773a23f14159afe2d71b561a231b,1609997639.22235,0.12144017620869887,8.2
1441f69a725640e4a7b9ff1ae0518ad1,1609998096.1637666,0.12244121725195786,16.0
14869b62306844bbbe92f00847725362,1609998828.4250703,0.12786474738320228,22.3
1524ead1036946a98040ce383f8afb2c,1609998848.1993096,0.12761328538789268,11.8
156e2f78f19846018adf92e37cd9fc01,1609997629.1691554,0.12085668672443677,9.0
15b42fde15a24b69b8434da969dedbcd,1609998603.0599778,0.1252609033825634,7.1
15be5d84b4884900bf8c8325655f7244,1609998864.9247735,0.12782838448959122,10.0
15c0fbb542494a688f90b86c59c5f01a,1609998309.2899392,0.12282049527322567,12.7
162c0799a0af43bd8c2d721739447de9,1609998821.6657212,0.12805729785153983,29.4
1636a85aa0f34e778a4deda99a4b8056,1609998076.134898,0.12222331283945113,30.5
1682c9c778b74ec396ed6195c6d99ada,1609997664.459136,0.12084270566192241,8.7
16d094e147bb4cbb90457703cd5ad204,1609998826.423154,0.12809361525362428,16.1
16d8475465e342a48e465ac50b090bda,1609997757.7455857,0.12164643479039104,11.0
1744d04f79e84ef28e162d681f1f66f6,1609997961.426858,0.12279605115958887,17.2
175bacfe89294998890e6311538e1243,1609997852.933015,0.12199797814426325,9.2
175c4aad2b7841f0b4737596ede54c38,1609998804.4701848,0.12821086208156457,25.8
17dcf66403f14829ae32e5d1c6ad7540,1609997832.6675222,0.12174921531286638,18.5
18039d29db9c4f3983e74c54a136a5fb,1609997903.6318684,0.12277241072958901,7.8
181519c41583480dbae754d407ed820d,1609997853.9347808,0.12205446345648228,8.9
18228606ea53407a84b31ab788cdec41,1609998466.7548444,0.12478043704225193,15.1
1833a1f2d0ea4eb2a69f086b6d114777,1609998911.15883,0.12790967784766,7.8
186a800aed8c4e7792dad8982a8b766b,1609998590.9481132,0.1249579753068051,12.6
189e76361c3149daa319740a3838f773,1609997897.6245143,0.12211267744671285,13.5
18e4be789c554480975d0db811b4e148,1609998530.8596613,0.12489725928261046,22.6
195eb3c211fb47f5bd2551cd38838531,1609998564.9135785,0.12470270718710166,7.8
19a3bd63c47f4b36acd5f3dba03cf7b8,1609998400.9914286,0.123935113494611,25.8
19f0cb6fa2204bacabdf10af6c1e3e8d,1609997993.099544,0.12222542061351784,8.6
1a2fb99f042c4446abc5e71c1c896572,1609997557.8679235,0.12064149663968499,10.0
1a4bfd41a8284507938d377017ddd74c,1609998229.9840593,0.12232259051437679,8.7
1a7c2ff8ab034128ac1273ee36fcf6c5,1609998105.17673,0.12219545686131789,4.2
1a93d49701c14be1b3ed118bc42911e0,1609997625.1644368,0.12126836987649975,16.6
1af2d3ac89b24ea998d8c35a84529b9c,1609998897.1398997,0.1281286740568056,19.6
1af590c1f40a4c9c9a3552ca9558374e,1609997686.678697,0.1211267699179759,19.4
1b2e414d95154fb4b401c8e591dae1fc,1609998320.807429,0.12331598898116373,11.9
1c0aea6c98b8412987f10fe087ce6b3a,1609998513.6357913,0.12622511145310292,38.7
1c24e812af70439a997d9fb90c5df199,1609998403.9960947,0.12371297837012868,11.4
1c332647d6194521a0db4c9c06cee2bb,1609997587.5464754,0.12104235280841258,17.9
1c6d87a8ca1243baa8253c568400ed56,1609998221.972681,0.1222927935644411,19.1
1c9b138528be4a3ba26cd156b7d7b2da,1609998204.9500742,0.12212447491594948,3.3
1c9de3da27d14761858b3f853264337e,1609998789.791883,0.12733527150487955,10.6
1cd08f6de5f34816bc5889ff0af59701,1609997888.3605633,0.12232827695520421,13.9
1d0a59ac4ba14f56aaf041003c8d3cf8,1609997987.2570846,0.12346098564034183,13.8
1d3ef4427a97457981d1010b8bfc7f31,1609998116.348254,0.12255010880284241,24.4
1d64c12aac25415c902c71536df04dbf,1609997578.79706,0.12063385406321293,9.9
1d7647e7dc064fa4be823e1e04dddddf,1609998727.5272903,0.1261848969435714,10.4
1d8a9971d36848eb94b95ed6a529453b,1609997705.3950155,0.12145194335025107,13.5
1da13b71324243e39a5b982e28b983a6,1609998757.6165552,0.12732888752731064,32.6
1ddb582781264eb5801094a1599f0c72,1609998571.9225419,0.12534724630008695,23.6
1df1c65c3a654dc6bc11f18b03b0fcb1,1609998359.4802673,0.12315241661528273,8.9
1e4b12454c3440a6a30fbaf7b3a1b066,1609998218.9688015,0.12205790564866315,7.0
1eb178d6ea4442d688cba93accd8e701,1609998559.9061596,0.12474020736887823,7.3
1f11546622d54c8d9f4a0438463e8870,1609998078.1375606,0.12231062624287589,16.9
1f5f3f7273724597ab8d51b325d7eda1,1609997612.7890818,0.12118794085743673,9.7
201394bd64244d1f94d447294a79e9ed,1609998465.7538006,0.12460705367046336,6.5
208e89829893446cbb2c2d97e655250b,1609998582.9380205,0.12478513783333593,14.9
20d0ebcc1cb1454a8e8e57cbf16545c3,1609997680.6696951,0.1213779892918102,19.9
2123d325f10f4fd6856b48805e920078,1609998404.997517,0.1236286977351452,17.1
212b2c19d82b460080f347468ba614c0,1609998461.0743968,0.12414285813283941,12.6
2138a9c2bdfd47a8bca0e8092afe6831,1609997791.0080545,0.12226348185745603,17.4
213bae7e77b34eb48b6efefcf54fd8b9,1609997923.716851,0.12259415976445215,8.0
21674f886dbf4b64a2b8f915adc9ecdb,1609998003.2539535,0.1230384148495746,15.2
21722c167e694d3ab214d07cd7fb72f7,1609997622.1611302,0.12104823637918867,30.9
21df0691b7da450cb82ed2c49b531fe6,1609998781.7852635,0.12767286412392184,17.7
2240360716d34767b3d86a166c0fd192,1609998411.006964,0.12405108655980596,17.6
22c976f53c2044c8a053e52064ab52a9,1609998208.9551892,0.12239655973665986,10.6
22d1a00359264b088ee654d2a53d6f0a,1609997947.7502074,0.122366307871458,8.8
22e5fc1b5ceb4ad0a086208b28d35640,1609997848.9264624,0.12209225175126076,9.1
2305aab946f04da1be7c5c0365fb0d65,1609998803.4693558,0.1283478977235843,11.3
230ddc9e0b1c423a9e80623ae74eab84,1609998836.1846392,0.12779858753965553,10.6
2314eef7cc41434ca11a25a489a28992,1609998613.301056,0.12533453900031793,24.4
2327a8e5bb644e1892063bde23a3ce26,1609998812.280891,0.12817085986582397,21.1
237ffb5745dd41bdbb9b09ae7d98712d,1609998410.0058227,0.12367153558937843,8.6
2479119f48e34f7ea41ee3136505e1d7,1609997735.773104,0.12248020349027065,29.6
2533fe50b2da40cfac4a7be0b1f7534b,1609998090.1558757,0.12219812569754622,9.3
256fbe4f3a384dd79873a5edd98864fc,1609997844.8725362,0.12216811645381964,8.5
2613ca6040bc4224a87542782ee0efa9,1609997725.0020373,0.12149967912551699,10.4
261d604ee38a4942a6d0055640b154a7,1609997684.6761425,0.12099478383541093,7.1
262912d12d744bf4a1daecc1e1854598,1609997727.4933474,0.1218383180496715,20.0
2686c79457824b0383e264846c9183f3,1609998893.135123,0.1279521972612069,20.9
26a772f252494e3abac614983326b343,1609998362.4849613,0.12327704823437756,20.0
26b1ac313aad412d86f65d17f756b7e0,1609997615.853674,0.12125745191011111,17.3
2751bc90abca405195a69de50b860578,1609998518.1764486,0.12473957048750554,21.5
27ceb715b4aa4eaabc5e8540438a52b8,1609998102.1721523,0.12229109521411398,15.1
27d474abf7b040928db4b1e13fb7eee5,1609997779.5764604,0.12188534112435372,11.8
27f0c3c33d114f478094ada4afb338f0,1609997552.742236,0.12015952907899508,25.9
280a73e151ca40ac85394f8328fb6d30,1609997885.2324622,0.1231532961181307,19.3
28277f021cae445e9b2e7a290550d011,1609998062.7212744,0.12225908434321615,12.6
287ab9f5ac53404c94d2b689086d3b14,1609998319.710233,0.12291440494801023,15.7
2880f933b084425cb86832cb0574dd69,1609997667.6977415,0.12167316864420102,19.7
2886f6912d6745609300ce769268a419,1609997780.9507744,0.12224607376660303,20.0
289ec15a6bdc4a9898a9f8320e4c7693,1609998780.7843246,0.12749180784797678,13.2
28a3612191b54acc8b7b9ae2a688265d,1609998031.1469636,0.12271668360948029,25.2
292367b2e25341b9a7ff903053d70725,1609997605.1631682,0.12180297113348826,24.7
297d3af994804198801af5a9247874ba,1609998861.9195495,0.12809297837225161,29.5
29c6b632581746dcad2231116737073b,1609997943.744925,0.12222408619540366,6.9
29ca1a64be034303827c25f360d02419,1609998506.0218768,0.12446236028812938,12.8
29f0557faad247eaacc6bd13aebbb70e,1609998196.9388092,0.12222610298641713,16.0
2a084f6413f74d0a8178f3f531a122a5,1609997874.1803033,0.12261544979891001,8.8
2a3daa9388264000b847a31ba1a47385,1609998627.346231,0.12575339464974458,14.6
2a7e9550231e450bb3404f7aa61949af,1609997646.4347026,0.12134555383333061,13.9
2a8d92a1e6fb437196fb68998ded4afa,1609997891.600256,0.12284510618912675,34.5
2a8e291a620c4eb4b52b331e4b01c255,1609998251.0135956,0.12263393452255968,15.8
2ab0861a0f7f4cc89f4958e5626f363d,1609998896.1386657,0.12771489829451813,5.8
2b3946c8a2c441c9891c3c97934b019a,1609997807.537527,0.1220211333313125,12.4
2b596397f5fa4e3ab1f58f32404ddaf3,1609997890.598688,0.1228325353639376,12.1
2bb49f99f3904decbbccf0e7caa3f454,1609997739.2138944,0.12161659234892874,9.5
2c937f8268464065bd5cf7ec9266076f,1609998776.2000613,0.12778915562980311,14.1
2caeae22550e4497a63ac88337db5a3d,1609997876.1825674,0.12315898255895812,19.6
2cd98e66110e463e86f81f362cf30280,1609997663.4572258,0.1210953201092397,17.1
2cf9d5909f1442b3a4c3951684a5bd7c,1609997656.4479053,0.12097147700993961,20.1
2d176effbbd942d3865a2d0aaab16b9c,1609997861.377033,0.12188848003969045,16.1
2d5c436df13e4337b3e5c53feac8da6a,1609997927.721736,0.12238000082097042,10.0
2e4174848644411b9eee8b58d66e177b,1609997559.8697975,0.12049798603704312,13.0
2e517d4e37624cd7a58be7f079c1620c,1609998580.9356384,0.12491336328303371,10.1
2e6eec730d4145c092794d7cede08e8a,1609997595.5587726,0.12119270230388955,20.1
2ebf5e5ffd8d44da8cfe290b1cfef4cb,1609997584.141103,0.12092525761889435,14.3
2ecdecf72440478588746ef886633044,1609998479.1625166,0.12408766174720792,21.5
2f597dbe734a4c439c10df177fe2d165,1609998592.9506001,0.12487370983566383,10.6
3001f50aa13946a39634286d389b0f46,1609998437.040849,0.12410755670818278,16.3
3026e0ab54204d00bb79285d1348f3ba,1609997967.5574932,0.12230974674002792,10.8
3083c102f4064f8d9ad2121f878de9f4,1609998716.9462707,0.12604780064618287,21.2
3154c2c11baa440ab3b51b529abf8262,1609997994.1014464,0.12206142366005504,17.6
316a2750bbe24a44a7ee4a6c6ca99301,1609998080.1414874,0.12236962875290121,14.4
31b717f3c11e4a41a683065f93dc121d,1609998331.5619006,0.12379471147962146,20.4
31c6b8ae72934effb28b949b1ebebf0e,1609997833.668594,0.12193328919341051,24.0
31efe7e34d1d46b3bdc55d4e6696f0a8,1609998684.9147322,0.12639620508471833,15.8
320a991831bd445c95de9ef620c2343f,1609998853.7692156,0.12802680336486266,11.9
3230255547a84e7e8ffdff7abb60179a,1609998083.1455135,0.12229687263799464,12.1
32a5e52cd09f4b32bba46b3253dbdbf2,1609998158.6701272,0.12273110442341863,7.8
32c0cfd46119465187b96dbce9bf973d,1609998881.714164,0.12857380864477602,16.1
32cfda323de34b3995099e7e3821fd17,1609998491.4464715,0.12462276341098924,26.2
32d09d5bd8f84f2387b343381e9b900a,1609998118.3509183,0.12241960877681367,14.0
3302475a5c8e4a9cb5b307e2fd5a719c,1609998236.994561,0.1220831534459369,17.9
3334ffc137b04ec5b7d13037b2fb533a,1609998354.4729867,0.12317790703403177,17.4
33363a7187e649bba830aa87310ef985,1609998869.9318259,0.1277249367580588,10.2
3362657ab8ef48c2b0b27ace52afbd03,1609998064.7236497,0.12242612922896244,6.7
33b7351fed7c4b67a14a9248a0217f9e,1609997597.5619578,0.12094744232004238,11.3
33d9f64a3a184495bab32f5e7307d753,1609997930.7264576,0.12291519346780497,21.1
33e2181a090b4ec9845166598ea83aa7,1609997763.1162243,0.12187841124846537,15.0
342f2eee98d448cbab27a4f968741996,1609998367.490687,0.12309456655726511,14.1
348c3ba171244cad93e280c6704a2722,1609998157.669419,0.12277695988225094,10.7
348e90a41f544dce988775c0a8688b49,1609997954.9680123,0.12218344709829038,5.7
34dc129485f440aeacac559c2a0358d0,1609998172.7372162,0.12295838009040895,12.4
353516633e6b422fb265d36c7b20d457,1609998598.140332,0.12513411849787526,12.2
356194a601874346abcb116deb2fe6e0,1609998820.6641612,0.1278969402202066,11.1
35849fcadd8043ebb4bda8fb77face83,1609997815.579667,0.12203432587403211,13.7
35ab68707d6249448d5cc63664dfc779,1609998017.1289833,0.12250734676782021,26.5
35fb82c4625d4561a7015df015ed637f,1609998010.213452,0.12230820002812286,13.6
360378c1770246448012c7377f4514f3,1609997870.1759298,0.12304344924518715,54.5
360e67a733e443f6ae5e8b77893945fe,1609998232.9890952,0.1222455430321258,8.2
36173849fb7a40b9aba5915ed2c65fd3,1609997977.5925043,0.12354469004932146,14.5
362fd882382f4613bc9a4efbee74fb2a,1609998422.021002,0.12403866737303887,20.2
3692677617964fbda0b811bc22dc138e,1609998140.4529874,0.12270129230964075,14.8
36935ec4854a4aa3910e3beb729258db,1609998128.3649616,0.12251310902785867,12.4
36cc8c43a98546be9f8b7d65c159c565,1609998549.8927,0.12440716390249788,15.9
36fb5a82295d4a39b1b2b582138c1ee2,1609998802.4686413,0.1282200513699417,21.8
3752fc12eadc412f8e3f912110d5dc5c,1609998318.7089698,0.12295317889253214,17.8
3804dcf49d334254810e589a493b13ba,1609998283.5451264,0.12339670611322869,6.5
381e4f1ab7d449a6807c9ff87dc00221,1609998527.85662,0.1252792667954754,12.6
3851be4f25d14a94adf6a30f29655958,1609998252.0141313,0.12238213892272153,12.2
38873834901d49fcb9a05dd4727b1e82,1609998137.4479465,0.1230757633929291,25.6
388db9d93210462ab90934ccd5497207,1609997877.184135,0.12252451223719792,15.3
38c42227a43a4e6a9b5878d99d639abc,1609997895.7546751,0.12300008065647669,11.4
38da1c49b09b458b93c8c002c242dfcb,1609998098.1665244,0.12235311532873838,12.3
38f6842913e54ee0a10f2eb5578f857c,1609997910.700377,0.12276076489877445,29.4
3926fb291e644781bb20a81bbde59620,1609997914.7052393,0.12244252134238762,9.8
39521c51857a46e086bbf7e07e7c8828,1609998088.1528478,0.12224138813936122,10.7
39dd825e04f649cca5838fedc5c97c44,1609998130.368786,0.12263017388969248,8.1
39e7e1b7f3d74379a3c4e4a90c9fc087,1609997926.7204533,0.12284308939811328,20.2
3a10b106b9f0464b8b401e0cc55e1c36,1609997835.6714318,0.12218635855599401,20.4
3a45eb4e5b3c42148e54bdb54a44fba8,1609997688.682136,0.12102869018658456,5.7
3aa0959d3cc6463fb57288873be38dc5,1609998912.1595256,0.12832067862682373,22.6
3ae2805f63f541bf9c8fcc8e72303c80,1609997493.2129617,0.11688585267657055,15.3
3afcde6739c6457e964ed6523d61dfd8,1609997773.4062479,0.12196000788337828,11.2
3b14a4a7bc8c40af8780038fedd062e1,1609997530.5736527,0.11989006760298641,31.2
3b4e0eb3ed0d41d087e34313741fb0e7,1609998459.0721512,0.12373329791868533,11.7
3b68ac5da7864d2393b45d343940545f,1609998877.8830767,0.128216548522392,27.5
3c06c28d9e9143abbfe9e292a1d3d335,1609998192.9335823,0.1228511110706405,18.7
3c427a5fdfb5419481e5a665139cb480,1609998074.1335847,0.12187618216366101,9.5
3c999816bb964ad581e3bf75f0c8d91d,1609997801.529278,0.12210740042962501,25.0
3cd7057526534a28a48b43f9f46c9616,1609998200.9447598,0.12254223876873725,20.3
3d540b638a1b44ccbe9aa30b1c43f5be,1609997679.6684906,0.12105656132856002,8.9
3d79b7bd6a2c414fbf3f1c91b6fd08f8,1609998715.9451632,0.12583160974784546,18.8
3db2b87cb930482292bc79d85db53af6,1609997506.8240826,0.11810388830180389,30.9
3df07881498541baa1f6f53441a7c666,1609998022.1356585,0.12252854581922483,14.4
3e05f38dcafc47c1865acfc74edecbbb,1609998155.6885319,0.1225928708378646,14.4
3e44165f78b240d0a081de9208e24631,1609998751.3269122,0.12788866076236186,22.2
3e605503fe024d22ba16d3cbd2cb237a,1609998615.9607615,0.12562695853342717,14.6
3e7ffec81ac046868f88f264354cc457,1609997669.7001162,0.12143779548547246,9.1
3ebadc93f7d94a6f9b755bc8c51e166e,1609998813.282,0.12818535649897334,17.9
3ee3a7ec534047d3bcaf4376d5df3285,1609998152.4687314,0.12289652677804883,14.7
3f1766ec0cc145bb831694b6839694a0,1609998537.8161058,0.12456432196312557,21.1
3f8ffc56b9b9489c93a7d1fb7058a3dd,1609998065.7249262,0.12266004665883919,10.4
3fb35bb965da4609a532c77b0d940658,1609998108.1810942,0.12211731758242803,4.9
3fcb2c1aef354537a0a68e20455cea96,1609998555.899858,0.12484439812867876,10.0
3fdd2ac91ba84215bcc06e093bbdecc6,1609997997.9855866,0.12242341490120749,22.1
4005d2b3101b4e2da9d632978fb2e463,1609998838.1864371,0.12764406798757177,13.5
406139004105490da31cf75aa2a7faa7,1609998904.1493876,0.12780915673767343,7.4
40f41467793647ffa877a9e05c826685,1609998441.0466475,0.12388816623913983,14.1
41bfd4a025df4887b2b9d90a92cf3049,1609998234.9919136,0.12215049606917575,2.7
41ca292cd9e14be385e6bd894870f8eb,1609998141.454509,0.12267339083998087,17.4
42161756e73c4f6580786c7dc937bced,1609997678.667378,0.12094735133698914,9.7
421e6b93a4b045cdb462febba76b9c0c,1609998485.4386356,0.12398997627571395,8.5
424a74a031c04656ae8f194cc1fe7c45,1609998498.742077,0.1243768817096116,10.0
427856c04b344aeead03750b01be4c16,1609998247.0072603,0.12212844784260757,12.3
429d3cc9d4ff4380ab01b0f409d7b5df,1609998053.1766634,0.12231796554250382,11.0
42db268d9d914dc990fd8d572a777f92,1609998374.5010834,0.12322985835743108,11.9
430ac4ed7cc64c9fa58c6f3fd5257bfe,1609997742.4607456,0.12196906069717554,21.6
43724290610144bf8f524668105aa3bd,1609998417.0153623,0.12397347801539334,20.1
438b21c80b6745a98f2d47c4b71aac44,1609998504.0185096,0.12417555137663652,13.4
43cc7bf9277a4910b68085ae00224fdc,1609997938.738527,0.12246685930912898,6.9
440e9937a94041c2be148d893ef9b409,1609998230.986065,0.12253586995501055,17.1
44236b7225d94eeeb7327d09a58ac2b7,1609998380.5087864,0.12327386382751421,9.8
44643555e1a04571b7c9e3830ea4fa77,1609998361.4828618,0.12342803461122721,19.0
44b5e98fc38549d08e9c427b4f77469d,1609998397.9877286,0.12337262593180484,24.6
44e2c69a785740c9b102f1d9ad6e6d40,1609997713.4823673,0.12136379593550496,9.4
45b345f946814c52b214ec230d9720a5,1609997699.694794,0.12157357252858904,7.6
45f899fd051c4b50afe5a4429474018c,1609998643.7248168,0.12575747372329812,21.7
460eec52648844e5811bb41e55e50f5f,1609998866.927473,0.12815320915349565,20.6
466c125ad2a146e98dce007d25ffe397,1609998784.7858996,0.12776527257832795,33.4
46cf5f43a87c4b528c68f22f99c8ce2b,1609998576.9292102,0.12495852120512452,17.0
471654f46531401bb45fdecd9c85f002,1609997487.5471878,0.11609301118680615,6.0
475ee91c619f4c09a784cb4aaf7f61cd,1609998924.2508836,0.1277627857082061,12.3
4773d5bb60c74acda1c23917914b2ccb,1609998863.9223554,0.1277754930079751,12.0
47828bb0486e43a9ad5fe81325cef85e,1609998907.1526413,0.12807710182946144,12.2
479485a6b3b4438cbf86b34fa1b4911b,1609998421.0202916,0.1238594307581586,16.3
47a14fe13d4e440aaf80c0cd2f7ce4c2,1609998101.1708708,0.12263860498595927,18.0
48256108f1874e0fbe0fc83095430803,1609997842.869624,0.12195450340865735,22.1
483b2a99f6294d7ca1a2499caad4cd1f,1609997627.1676602,0.12094240792442984,15.6
48813c9efbae4fe3af5a9033c92b3b0a,1609998721.9665685,0.12663988802897605,16.5
48b8bfa3bbcf4da4962012271efb81fe,1609997620.158759,0.12119981414588438,15.5
494c3becb70b4d9389f61f2e8c362b17,1609997690.683952,0.12166733056495153,16.2
4986b01ecaff43a38eb296fe0888e4ff,1609997554.743832,0.12047329930193101,9.3
4990dabb4dd04f6786f6cdb7c4487ee2,1609998482.8741493,0.12486822052478509,16.1
49fc897c5e68475c946ab9893beacd66,1609998276.1449323,0.12338164841791767,24.8
4a35e6ef9dac41bd957fce201c730e52,1609997913.7037609,0.12244749508263134,10.3
4a6f06f8f1814901a25c768af6bfd387,1609998265.263696,0.12244652459673012,12.6
4a8ae09721024571b6fdb6cf686e5081,1609997813.576613,0.12181272148402701,14.8
4aae0117e0bc4367aaf228a805db651c,1609998295.1951623,0.12295610551407798,11.4
4ac3e860b04841008e27b6ddc4a79dd7,1609998807.809808,0.12777065574231125,20.0
4b10fbd762f54220bd0f9c4c2786b0b2,1609998390.61874,0.1238725778093516,7.9
4b115668e84b4495b138335ff6296346,1609998407.0004666,0.12397403907755497,22.9
4b23265768794b25b66911a1503a45e8,1609997989.259393,0.12286196838166032,8.4
4b2c471ae02443e188326f155af67bf9,1609998279.1817765,0.12352943522406176,10.9
4b750e02bad2454a8d76940dec57d075,1609998060.2623022,0.12208013584133781,9.5
4be9650777b54a3cbd64cc520a3b4158,1609998536.814543,0.12497461004170557,28.2
4bfad14168e748979278519b4781290b,1609997630.170385,0.1212179349373211,21.4
4c530a9cc83a4713b4dbcf4a9d1c9b1f,1609998770.5447838,0.1273191371767719,16.8
4ccc9e8a6ed347f68cc3f71cf13caf11,1609998547.8898437,0.12538062191678334,8.7
4ccceee954014172a19f7ba0af3b7c9a,1609997912.7026136,0.12243759309367053,22.4
4d1f0a3feb8a485cab9ba16ee5792240,1609998227.981736,0.1222112120933704,7.7
4dab96f5475f49ff92a8562b6c6ed24e,1609998522.6828103,0.12515462001253838,23.2
4e14b758b59c438c90a4a3c5a27a8f85,1609998353.471894,0.12314712443435268,22.6
4e3da5f0d1da469ea8606a81d68a316c,1609997703.14659,0.12123833030508877,12.2
4e409332d754488a9c33e141d6c7da5a,1609998852.2043378,0.12815281489359828,25.6
4e9b98aa337e4cb8ae789ea5c62efb13,1609998386.5180397,0.12353366593603737,16.2
4f2bffb119094e8c925a1989329ab39a,1609997980.3230102,0.12281831167994794,13.1
4f7dafc4d862462bad7153642ac5ed3e,1609998563.9117522,0.12483852972174486,13.7
4fe2a267174c4c089479d5c9101498b8,1609997905.6338255,0.12250046238345848,18.9
5023731a78af4ba590e00b43676f488e,1609997697.693138,0.12152677691153992,24.5
513660155b92493d882a1bf4b877dab8,1609997774.5749576,0.12190758648087058,3.6
51560dd3f3fb4d30969ab6d494681365,1609997524.159847,0.11923985721301592,20.2
5159b10711e84e00b055da23aa671d3d,1609998209.9572577,0.1222984193498997,9.2
51913d99dcac4731b29c81b21d7b0177,1609997546.338603,0.12039779853158508,13.6
521bb598835c4ee7b7fb36add036de77,1609998510.6308877,0.12423273422559707,9.0
525065e533e449788f0e6910a2cae8a7,1609998284.5460541,0.12343497965095777,5.2
5259d8a716b84509abf24a33fca523c3,1609998925.2526214,0.12765148310641072,5.1
52785e6fe5b0453d87a4e511168e1286,1609997871.1769745,0.1232090080743972,30.8
529a83ebbb18450e876efe4692243a45,1609997695.6905208,0.12159237569292504,13.7
52b6c24448524260b5fc9a701d75c026,1609998865.9257722,0.12773010762825118,5.7
52ddb65a4b5a44e58dc9c9fb67c50b6a,1609998223.9757547,0.12223972011671852,6.6
52ec84cbcbb14464a2c98e93d7cc575f,1609998228.982808,0.12211223769528887,4.1
535af897a6d14deab22c3249eed84c14,1609998835.1833403,0.12758755234766833,14.3
539871b4b880499995bb7ba09d277d1d,1609998132.371931,0.12239343598516533,20.0
54d6ed3feb3346019251279a5db4eb21,1609997494.2134175,0.11820630489206628,22.7
54d9b5d9b74a40439a19b1cec6bad81c,1609997709.3999178,0.1209054081494461,6.9
556794f0f4b34d7d800ff59a22fbba82,1609997594.557318,0.12075991108347518,6.9
5574243fc14845d4aad85c8722568807,1609997575.6294165,0.12076268606659896,12.1
559b01b0f1f54dbc8f67924c48c1ab98,1609998588.9457843,0.12478888330236093,11.3
55f95640d2e6412c9088de724412f782,1609997689.6869433,0.12124469911881548,12.3
5692fc9645d14296b0f874b7bef612bb,1609997698.6935325,0.12158506672098153,17.3
572025dcf5264048b57f55213e2d7651,1609998124.359979,0.12243468163596688,9.7
574f995f05dc40c8b0e3dda3b7057558,1609998143.4573507,0.12238054671928984,8.3
57725ee0de7a42d68d8109875010e040,1609998241.0002244,0.12251409467760208,15.7
577318f1fde04a16b6f3eab1af201e92,1609998476.7301953,0.12438387224086878,8.3
57a9db31f9d0464f986c737733013f90,1609997786.5283813,0.12183557339423214,11.3
57b3f45bb8094101aa201b1962fbb080,1609997569.621207,0.1205541074170492,30.8
57b54978db6741b6831c3bd3cc5b21fd,1609998921.2461479,0.12795692837997533,13.3
57cb208789c948ca966d0b44aaade852,1609998097.1649897,0.12224528524680829,11.8
57f0f73caec446e4abbfdd0efdace1a3,1609998041.1612952,0.12264844631955125,20.7
58171cd363db4d869cc9a6b6ac1f1c02,1609997784.2336402,0.12192582858304495,29.4
581d46717b5a4ad6b57613f55eb0269d,1609998085.148943,0.122059437196726,4.8
587818e8a7a24fb89092aa294db27267,1609998495.3746133,0.1241750358060015,8.8
589b79086b734357b168c9d709d2b896,1609998543.0050137,0.12538950792831632,24.4
591dc930c7ed47fe93c9548572a9a898,1609998203.948306,0.1221694205442494,7.7
5a308480fea2431cbd67e09b29508579,1609998391.618921,0.12400119751894673,12.1
5a67304f2cea4261a3f7608cdc6d8862,1609998533.6941512,0.12478146818352198,34.6
5a778bf9bc46431588452c9b243b0f67,1609997616.8539336,0.12110413030156167,8.3
5ad11614f2674159a9c6b1f5eefbb9cd,1609998790.7931514,0.12743779424203738,11.6
5ae50be898ac4d5e90bcb94be5d794fc,1609997592.5538003,0.12079421169454617,11.2
5af0dbedf623467786699f88ce497533,1609998178.0152159,0.12250830208987921,11.4
5b1b6cede67b49f5adb68d98b4ded67c,1609997953.889573,0.12249304726461953,7.0
5b310220d6e04f8aa8d976e25976c58b,1609997775.5760384,0.12233755722663456,21.1
5b6dd63322434745a71f3ff2e17aa9ea,1609998556.9016094,0.12505470545624006,21.0
5b8b2b39d8f445889164a8e10bdeaef6,1609998521.2486196,0.12516958672479614,37.8
5b9fd49722c0468dbc27229f80f193e0,1609998447.0547597,0.12405051033380211,10.2
5ba75a90f97246efb9a44de9a2fe8100,1609998109.1828394,0.12206767116304411,3.0
5ba8509411124849a03dba43f7eec655,1609997541.332865,0.12021825863986067,32.4
5c3e2aa7765046bfa94de5e8473b54b8,1609997771.1675568,0.122041589354449,35.2
5c5c2e46330d4e74ba98cbb88baf1b3c,1609998093.160281,0.12211469423772632,5.2
5c93cd01689c4063b231761e015dfd4c,1609997883.2307422,0.12288031663073012,13.6
5db76619fe77427b9961e5af2ac93a62,1609998282.5441587,0.12327680561290226,13.8
5e92cd78c3f84925be6dd5aac71ce7d2,1609997665.4597566,0.12149723774692175,17.6
5ecb2a12f4544ec5afee4cfe87cc0009,1609998357.4769874,0.1230325009511141,13.5
5ee0171f5aa54e45bcd353deb2e44a75,1609998021.1348546,0.12247450188560104,18.9
5f209739fd3e4a03b1f219bc52b4a4f6,1609997952.8884714,0.12228815342872593,6.9
5f21d12ede2b41c6a4cadbeb31faf76e,1609998426.0277095,0.12404103293242308,14.5
5f34cc66bacd4dd69d6a23ee13fbcaf3,1609998081.1430607,0.12266624867030163,21.2
5f5e0142fce64977a4892d4bea4c399b,1609998133.3731322,0.12226178350712891,4.7
605b91d7747847d5ad480bd404d17c2b,1609997884.2317085,0.12268045719044908,11.7
60ccfe015faa489bb35e8c793e0382f1,1609998570.9208374,0.12503822235976164,10.3
60fcfb99c8e54b48a0c9f4526f389722,1609998633.0676985,0.1251577892555595,14.0
612b32f023924338819f32e4a1b02097,1609998193.934811,0.12249288046235525,24.5
612f3aaa874e4d689788974899d6a84a,1609998026.139562,0.12266019829726126,28.1
617d25e3ce9c41e29aa08c84bf45f293,1609998542.0047991,0.12530651621992042,13.6
619108d9ede84823987f1522468fa975,1609997670.7006116,0.12142149435510052,17.8
61b1e26299fc4fb9a3b36434e7d1da1c,1609998900.1434865,0.12782677712231733,7.5
61bfa52d16d04093afcf5c57f0d3b14e,1609997706.3958619,0.12140222111165612,10.6
61d6b64cf75a44b08eaa5d21c4dab248,1609997520.18096,0.11986727634815011,24.2
61f8deeac2924ad583887a504e2f96e5,1609997770.167088,0.1218533757449825,18.3
62317ed663f040fbb3c127fd4d4ce801,1609998573.925064,0.12472434598993026,10.8
628e23aed0cd4594a699476a85b45630,1609998490.4456875,0.1240445812714994,6.7
62d6efc7be8c401aaf5b5d88ec594dd0,1609998594.953941,0.12470991001214972,8.3
62f3bf0879ba4f04b5e402e2de066465,1609998785.7867565,0.12764807124191427,21.5
632584751f4b42b5965e6ea456953312,1609997658.450752,0.12089559714353852,8.1
63c23069c0d4470db7d9d6268eeb591a,1609997726.0037298,0.12170160084833812,20.7
63cb7302cfb146769c011e9f73ecd2ca,1609998186.9025474,0.12277376031154538,15.2
6431db80ca3849a9b50c50075d0c7a50,1609998786.7876477,0.12793897439080287,32.5
64ad23622c7b482b9347356a6b800eeb,1609998815.555577,0.1282357762743098,5.8
65ab857209e447e08218f626870c3580,1609998477.8983684,0.12420035942248628,12.7
65c651d82b4b453885417d944dc856a6,1609998233.9906907,0.1221990203642364,6.3
65d8da5a34384a0dac1620fa65f4a0b0,1609997754.9101884,0.121351164454947,8.0
661de5e0b0c9467e843678bcad39ef66,1609998636.0352287,0.1251887841490295,11.8
666e1baf1d884fcd83cd412f70dd41ee,1609997761.28569,0.12174390796809412,12.7
66b03cb2fd0d49da9cfac5005351d865,1609998682.2977517,0.1259517528696472,16.4
6718efe821254b07a8eeb6bbc80301e9,1609998206.9532163,0.12264359389004519,13.6
6778becaa8c4418997da48b006f2f1e1,1609998696.8297913,0.12729367708570727,19.4
683f795e99cd4baaa9b5632b0c82b4ef,1609997932.7289577,0.12236623205224696,9.1
685528826fb44bcdbe58a2efd00df355,1609998375.502156,0.12302337231810581,2.9
687119704a664e42919b6a7c65dab4d9,1609997841.8687656,0.12252790893785216,28.3
687f594708ec4f5b86c4f3e8a545ee6b,1609997583.140387,0.12089433854463538,22.7
6883732dbf924646b7b0f6923854f028,1609998922.2473571,0.12811290366091088,20.8
68ae95c9080743a0ba5e0080448bf959,1609998515.6380951,0.12619692187044113,17.3
68b3ba18c2a54cfbb149b0bec8c5e861,1609997937.7373557,0.12245809460833365,5.3
68e6b1cfa1364858814edcf9f8a3f24b,1609998104.174658,0.1223484751930232,9.7
690e2819e6b14b609b872b7568157a01,1609998151.4678612,0.12290030257475823,18.5
69190bfdf75f4d42a05e1e44f492f9c7,1609997981.3241072,0.12305379098557195,19.5
6922760e5c3f49f08f11ca0943b35b9f,1609998800.8071218,0.12778950439817385,6.9
692b8ea47321488099e8b82dd68e5787,1609997970.8522916,0.1227133930557215,32.8
697c4060406a44f2b5193862c0733125,1609998168.7099957,0.12222893862490973,24.4
697c7917632f4ac3b3dbbec3d282359e,1609998887.12828,0.1282532298566894,8.4
69881b6085504223835a273520a9e242,1609997719.417433,0.12128415543623668,13.1
69cd1f42a6c34811aaf1530cac24b8e9,1609998342.3925824,0.12326346143176058,16.6
69fa3624da6241328c56770ffd63ed48,1609998364.4873888,0.12305239591208895,8.5
69fd95807ccd4325b7a496b55b19732d,1609997643.4318745,0.12120039037188822,10.6
6a1b7091814c4ad2a07c0a2eb157ba48,1609998565.91433,0.12493436520448964,9.3
6a2018760ee5466ba26ad6def7f123a6,1609998546.7239366,0.12514614342474498,20.2
6a44c9b336d1470fb17d0476335b651c,1609997802.5302076,0.12198602903660456,13.5
6a5477e39a7a4471955a09c8c01d92ad,1609998723.1553175,0.12672247031363237,14.5
6a915b5dbe8d4588b1c4dff551f8a8af,1609998334.0966601,0.12279864417660617,12.2
6a9b423ef371453c8406522578517faf,1609997919.7116132,0.12247500229239384,7.7
6b05b555cceb48849fb2a197cb99503b,1609997959.424604,0.12264377585615167,8.6
6b40012528f44452899436035ca23e7f,1609998012.1210885,0.12263190256770401,7.1
6c564a13b62040a9beb81994876983d3,1609998589.947514,0.1247650760700968,6.5
6c7d4b03f4d5405eba85009286aee8b7,1609997849.9279406,0.12219400113246606,9.4
6cbc020ac1c84cffb6d4812f98aea6ed,1609997701.697133,0.1211888355241269,27.2
6d400ce6e8bc4140880af6e1e4fd1612,1609997928.7235847,0.12228768334961754,4.4
6d874a74398e4414a53877434199f1ce,1609997795.5169067,0.12250425334401009,25.6
6e01add99b7b4599b0285cc8a38210ac,1609998249.0103896,0.12209002266645641,6.2
6e0868de5b2d4325aac6d64d761babf0,1609998079.139517,0.12215612185463434,8.6
6e31af2b552347e283ed1a45688d1904,1609998382.512431,0.12322812967941954,16.2
6e37080277a841239ab411e52412d47b,1609997621.1595435,0.12134396162989892,11.4
6eb9f24c33ee4423b6c05c1bc0591c3b,1609997992.0383096,0.12313186960909298,18.4
6f189fc0e62b466f8c33f8c8a7d7e9ea,1609998286.5477278,0.12328886086745638,6.6
6f1f4f7dca0e473896b2bbac8249cb9d,1609997586.1616657,0.120898129505187,16.7
6f76a4106c514877945d135d50ee9331,1609997971.8530414,0.12283788820023647,40.7
6f7c0ed66943432db250784f91252305,1609998433.0369124,0.12371070379379771,13.3
6f9d5d9437a14e2f80ce29f73c3c899f,1609998260.4175184,0.12238785569123337,14.9
6fc04024650a42beb266a426268b7515,1609998562.9102352,0.12518528130147982,19.7
6fd31de5200f488b8858b291ca7b45f3,1609998381.510551,0.123452918476288,17.4
6fec4a444761485d848e35b440b83b7e,1609998056.1807165,0.1225616029952349,13.9
7007394124cd4275ae4556a6cb9165bf,1609997822.907154,0.12217227134658422,16.1
7050d117235948d89be39602dd9664fe,1609998142.455863,0.12243475745517791,12.8
70db931e99d44f69af1fdc4771713a99,1609998350.4680011,0.12309908538224262,10.1
711196618bd34441988528799e2bfb62,1609998035.1518357,0.12216546278143352,8.1
71b9f1d861c04d2b8e11baffa241dc40,1609998264.2636583,0.1223943003241711,8.8
721ab6614ea4429b847654b5b8476490,1609997850.9300933,0.12248634484636427,20.5
723c0d9e9b6249babe8e4a5a69a86b8c,1609998001.2525713,0.1229909368596262,38.4
729787abfe264f0f827cb03678c50dec,1609997839.8663988,0.12210756723188929,6.9
729b06f648ca4c38a4c166849450a119,1609997845.922751,0.12248331207792298,18.4
72ed8f04f6d848449e2bf10fce5290be,1609998452.061763,0.12420384710619377,18.1
72f9b932ad4e4e2b88af9d61e07c8f39,1609998183.429555,0.1228797707324107,14.0
730802d75113481ea013c65b5e5266d7,1609998581.9365683,0.1250776331856562,16.5
7320624cdeb3462e9a6e4278a3ac9794,1609997929.724792,0.1224906210498665,10.4
734158e1cdf24ffe87b12ee67ac671c7,1609997865.1691875,0.12234933953202896,6.2
7351ceadb9b544ed9c5caac99382e7a6,1609998123.358714,0.12234445677483849,6.7
73625faac9fa409281f3e3b62ab16bc3,1609998488.442734,0.12444850053635267,25.1
73908263fefb42d7b1e41a0752441775,1609997613.7890697,0.12130129057792996,7.5
73a28d85a4f743c6988ee8224e463166,1609998146.4607635,0.12283590173690744,16.2
73de7512810144b1b88c14eb1bd121c2,1609998906.1513722,0.12789060173416428,7.3
741ec26b2514431981f3c8977a929f20,1609998566.9159682,0.12507896760377038,19.6
7462cb6d5d5e41f58860afb9b309c484,1609997863.3784084,0.12202779025804113,8.5
749787c03d7f43d0ae83ebe7688ff8da,1609997901.6295707,0.12276020383661282,27.1
74afe7accdf646a1b0bf52bd99490cad,1609998409.00451,0.12351654595818629,7.6
74c04fa69d164884bae9ca271da468b6,1609998254.190375,0.12236033331762865,5.7
74db1ae8ada8427ebea70b5dd0f6c260,1609998092.1581311,0.1223254413167116,19.6
74e3316464934f8b9015ae701ca577b6,1609998657.654241,0.12578003752050132,15.2
74e3cc502c9441ccafdb79a2ac7ee0bf,1609997978.5928059,0.12308386088466734,9.7
751d644ace28408cbe8783cf35973848,1609997655.4462469,0.121330966217128,20.9
7547e133f9b04de1a172e85cf21fa4a8,1609998472.2821488,0.12408377980360308,14.7
7589deff75fe48d8ba41153ce7442def,1609998387.5187974,0.12354176342777562,7.6
759eb6a393b04816bcfd82308a33d509,1609997540.3321025,0.12013799642306192,28.9
75b653f15e014bcfa5395b2bce9c8d07,1609998162.4431036,0.12242321777125881,11.0
75bbc021c435486fa39ab5a3f4327488,1609998117.3490984,0.12218608560683429,18.3
75ea29bdb4cf43ca8a54242eb2f6212d,1609998115.3466158,0.12236116732895,6.2
760d42688c91464193531887e2c038f1,1609998572.9236262,0.12482723265930105,20.4
7656c2f7089f47f79101f26d6d3056ad,1609998242.0010993,0.12246329580621046,18.7
76d0b32306fe4fcdb21346c16fb05114,1609997568.6196299,0.1202270081768138,15.1
77028277f4d94692b6f8aafd2be6f73a,1609998846.1967633,0.1277238297975777,10.3
772cb85bd20548b887d0ae480a867092,1609998084.147156,0.12215957921065741,10.4
773f53d5d394479f80a6282d2c8e4fe3,1609998023.1367452,0.12254433137896174,9.1
779587bea8104d67ae96e650115b1e54,1609998432.0351117,0.12411451691175555,16.6
77b6182f3ff041b2be33a5e886314ebd,1609998059.1850832,0.12180937027489938,13.0
786aabd973a345b5a9204f49ff2c015b,1609997800.5276704,0.12243534884502397,20.8
78934a7d52404048a6c279c45f8a0021,1609998054.1779509,0.12228637925918777,7.1
78f51b5e6a694bf7bce33d405f95834d,1609998169.7113647,0.1223362379723626,19.7
790f3b650442483ab873600c680dbf8e,1609998787.7890244,0.12793331827765986,35.4
7946a69241074c79afb05b6f26edc997,1609997941.742168,0.12259666179841622,16.7
79500227086b4226a6fd1ea7507b509a,1609998436.0396438,0.12406731187096687,7.3
79ff2df838414e8bad7d66c42ae7903a,1609998816.5565786,0.1283464723224169,25.3
7a1219cca0e04c0da144348e10c22c39,1609998099.1682189,0.12214294447575694,4.1
7a1c4da0401445f982de9267848dfaca,1609997682.6730878,0.12098912772226793,8.3
7a595d4df698481180b3a705fc498d81,1609997714.8722563,0.12152644330701139,15.4
7a66c62bce614febb36a0e5131755d3a,1609998191.0972676,0.12295963868931209,15.9
7b0514e376cd4f5da4b16462686fca03,1609997488.5485106,0.11610433857693436,9.4
7bd6534d486d414eb8d69e36b0028e3e,1609998574.926513,0.12466901312971893,8.5
7c1642511c8246578201f97332b48051,1609997683.6747346,0.12125188678002134,15.3
7c1a8fd600dd4886a89301cb41c3562a,1609998100.1693735,0.12219947527950259,5.3
7c2fd3c8e1b746f1a84e262a10bc0c2d,1609997869.174238,0.12234013507980965,28.6
7c74e984199b4c1db2565ac349dd8247,1609998414.010485,0.12368809450506789,8.9
7ceb44df7467478dafc9cdff14af64d4,1609998849.2010303,0.12765630520823237,10.0
7cf45a1385d742c7ac9479062bfb71a1,1609997529.5729945,0.11929126263809578,11.6
7cfdd1fcec724e8681946f5a2f4d06a5,1609998161.442226,0.12259082371916673,15.8
7d6cbf6088744f758f870c14df6c73c3,1609998335.0970314,0.12286542573768339,8.8
7dc2045626af4a20be3d7fd562d808a3,1609998507.022212,0.12451584315959154,13.5
7e2e7d65d338495aa19568042d037b47,1609998501.013708,0.12442936376748814,21.6
7e37d5df32294fc786b8c44823c2befa,1609998439.0434084,0.12352238403743576,7.4
7e51975464c44df7a2cdb68ce4bc9176,1609998578.9320366,0.12481317577757567,12.7
7eb07926c44b468db7ab15d33d57d7ad,1609998839.1875503,0.12775844884933504,11.9
7f1dd5b13a584300a5d1c10fa4c445ed,1609998898.141552,0.1277179462268016,11.6
7f35d30111914a8eb7b1506e5a5717a0,1609998457.0688202,0.1236566598601739,10.3
7fa2a495dd3142db9d7c1f5e5d1ef9ce,1609998499.7437146,0.1239731747385492,8.6
7fc01ee7818e439db61317c8477abc1c,1609997553.7432904,0.1202497994316501,12.7
7fc9640f028445a2b967262896e75fb1,1609997577.4749353,0.12046741573115491,19.0
7fcd98ddba8846109bedd6d7c026acdd,1609998075.1336749,0.12195780912625835,15.5
7fe8399c94b8403e8195cf6c6f3200c2,1609998508.6017265,0.1247013879328297,11.3
80601c6c3e6141c8922e6c74cd8f0411,1609998794.7988696,0.12757727126265234,12.6
80688202ccaf4b8480d91b56825a68e8,1609998338.5977416,0.12336763702771891,13.7
807c1ce21af040a397fe9aaaa8c71fda,1609998845.195401,0.1275724491608307,8.8
80b0fecd4f1345468c6f1f24049201d2,1609997638.2211087,0.1213859654728108,9.1
80da15a69977406cab5853b8071fb41f,1609997873.1793826,0.12286807941006953,13.0
81aef79f338446828eb1130ea4c2dbe0,1609998769.543267,0.12730180490512993,30.8
81c17ace6e4c48dda67f51f2b683e5a1,1609997955.9695604,0.12250701316329167,26.2
81c9ef2229a44abca2cf545f08e8ae42,1609998860.9183726,0.1278126140936965,18.8
81d44600e81a4b59becbf43234ff4d52,1609997915.7068036,0.12280413348748491,18.5
81e6627741be48e291cb976eaac11b7a,1609998121.3564477,0.122751696921135,21.6
81f5351ba2134ff6968fcd4be381f09c,1609997828.1127899,0.12224354140495454,21.4
81f7221dc4aa4add8290930f30cb3418,1609998902.1462283,0.12816517342499653,16.9
822056305c014a4080d56ee0bf2e5075,1609998766.5394669,0.1271802667098452,30.7
82a737c59c6647799a615e39a252a714,1609998048.1690547,0.12224621024118289,7.1
82d98775e1eb4991b26ba87173974d41,1609998778.4796083,0.1276476163266481,15.1
82dcf961aa784145a667f7a473c8b1de,1609998434.0367963,0.12382848135621523,10.2
83b7b82c42c94eaa970b39faa17d3b19,1609998147.4611242,0.12262442679349624,16.4
8420946d5b3541a68881632ea1c79070,1609998369.4943764,0.12298948113077439,5.7
847d93624b0740818d413fc05df3f754,1609997904.6328714,0.12253405029394578,6.8
84b6fdd865044539b05cc4d72138ac43,1609998435.0388532,0.12373150858530496,9.0
84cfc37e7677498d9b1a3ff6ed249557,1609998363.4854891,0.12308775799211441,8.7
850132ad713d4e269a55383b72ecf09b,1609997936.7352304,0.12234911207439587,13.7
8504620390b742778754e0c83b5c247b,1609997632.1737337,0.12089239757283296,15.5
85233652bdf34ef6b19e917a09b564db,1609998793.7974377,0.12736785860178124,7.2
85290db273e840948de7df6cd2db3abd,1609997974.5884273,0.1227559427969528,10.9
85397e42f9384b369e78cc5edce30e34,1609998219.96986,0.12216076199034952,6.0
85516d2f791c4b44bb6c5911cf221672,1609997550.73938,0.12050635647794107,28.8
858e5ad6fb084c1bb0cbeb177d121c1f,1609998637.4825087,0.12511323788715698,22.0
862f9065e0fa441d823384d344238e75,1609997650.4406607,0.12142960701068096,24.6
86cb0054d2be4caf9a7c1213932d5777,1609998771.545918,0.12744945523669415,23.6
86e551f8d17745689766f18896121d8f,1609997985.255832,0.12313625195949064,13.3
86fce5f020cf4f15b16bfe8f64438e4d,1609998384.5153325,0.12320864414218426,7.7
8792851ec7f14be695c86c9f444d8223,1609998326.9837458,0.12339145942382525,27.6
879cdb9b29c44c17b76f128bc535c8f1,1609998795.8010612,0.12737817001448162,7.8
886f74d202214501b8b697cc32b59375,1609998517.1751308,0.12485354192552925,12.8
8874001d37a641fda8fbcdcfaca0b76c,1609997591.5523243,0.12084165935681017,22.7
88b0451c18074d33bb659fc6173e2c99,1609998524.319913,0.12496489001885124,8.3
88fbdb31ab0b410fbecd9852b8b89e0b,1609997696.6924076,0.12161025386288644,6.7
895afa750a2941018b8446d7acc819f1,1609997920.7128532,0.12274177976833198,13.6
8a51cd4b218a4caf9c7f040d8bdd4c8f,1609997911.7011347,0.12310584845586671,46.6
8a59102443ee4b92a71fb536043008c0,1609998129.3667035,0.12236677795056639,5.9
8a6ade000e8444e295b9900a63081f51,1609998270.9765515,0.12315067277342898,12.6
8a9d2a2c85024582adf9be6bd30b3193,1609997628.1689584,0.12065029166816472,7.3
8ae90104e1774faa903ffdc4b329f73e,1609998831.4288545,0.12777352170848827,21.1
8b0b47c8d17b4d6f891a53c5d25809b0,1609998321.807862,0.12331221318445433,29.3
8b3f3b114dab4f34a13fecf993c15d2a,1609998210.9583848,0.12260633632974394,14.1
8bc070478d4d4a60a64905e8b4275cca,1609998788.7908213,0.12753341743099128,17.4
8be8bd9e84c245209bc1b781713b8fd9,1609998051.1739218,0.12270499228713912,17.6
8cba482d0202410e8f164d4908db8e5b,1609998916.2386587,0.12807029326431077,14.4
8cba983b9e774a48becc5cd842759c69,1609997619.1576004,0.12110825486664181,5.7
8ccc73a9fa844fafb5d8599556433dbc,1609998212.961139,0.12206603346808581,7.6
8ccefed3e1524ff78aeec86d572cb0ee,1609998418.016604,0.12362431538474754,13.8
8ce9af8e722042d292c86e303c18a716,1609997862.3775141,0.12193718630085758,2.7
8d392131d1994ccf9e5b4f8e9b303474,1609998176.7802517,0.12297546974057562,20.2
8d41fc789d214aa0b74d2a144a91766a,1609997504.3748946,0.1182961354932973,22.6
8d472a20c1a84cdd8d9a97dff6d00a47,1609998486.4401221,0.1247222988712324,27.4
8d769f3ce79a4f9eb7ae4ba3d9c67184,1609998520.2474391,0.12478165014962846,13.2
8db949d665a64b96ba647fd5820b15ed,1609998113.3322613,0.12218857247695615,6.3
8de96f763f0144b8b1d03ab6e23015a3,1609998454.0634623,0.1237863562025657,13.4
8df22369c05c47a6a9c9922382bfb3f1,1609998544.721432,0.12507375124205136,10.3
8e6a8ece8fcb4093b9023606835694d3,1609998798.805084,0.12761549930885482,13.5
8ef0e38056994498aed3c4a60e2b6532,1609998289.9965804,0.12258901922194416,5.4
8f019b05b7334536afdeea7e06f0de7b,1609998371.4974253,0.12343980175277942,18.2
8f05d9f8f73340aaa68ab7b0c1ff773f,1609998871.9348636,0.12803682666456112,16.2
8f3551b55fb244f59e6f69101dedb374,1609997580.798858,0.12108922424467272,25.7
8f35d3b6f1ca4eb69434b01f55f02515,1609998395.9854681,0.12363013830015482,9.1
8fa1121068f14658b789cbc6cd7ec1eb,1609998063.7223423,0.12231018649145191,6.7
8fd89aa418514df895d40582e639e9ab,1609998250.011855,0.1221985351212858,5.9
8fe4111fe0fc42b1b7d5f7cbf7c76ad7,1609998468.7571933,0.12459786438208624,13.0
90073f7556134b7e850e51a83299befa,1609998244.0040896,0.12216250583220326,5.9
904f19faedbd40d19937de80cc193d68,1609998456.066688,0.12391254969740781,11.2
9051555bc5064642b54b5d390818dc8d,1609998584.940977,0.12474386185484998,7.8
90c91f49d55648bbbd0b03c81bab2b4f,1609998272.2089374,0.12319214588186363,22.0
90db6341b1784345ae68ddf00f9db351,1609998814.5549316,0.1281378026898139,9.9
9111f6e69172415091c9db9f4a8ee956,1609998856.7755096,0.12801159403112958,14.1
9124cd009b2742b5ae2ca85306a1157e,1609998275.1437209,0.12292432210081326,11.6
919f500ae53e47af81fa3d62517c3304,1609998859.9169543,0.12755934760116433,14.3
91b073bde4284b92bdc8ca6869c14ead,1609998299.207821,0.12310947261415404,11.9
91c504151efd4fe2a37132c07bf2af3b,1609998190.0959482,0.12237913648196465,10.4
91e29199cd114796a4a7becb97f3e844,1609997830.6647825,0.12269665217392557,16.8
922a1552f406452996e5c40569b50c3f,1609998019.1317258,0.12241690961290093,8.2
92367786016f41e38c544d14c5cfba0e,1609997894.7545156,0.1225872147247216,7.7
9271c9e1dc754e05a790b7f44f32c32c,1609998356.475377,0.1234291567355505,22.7
927d6219f43d46cb936f799f34b14d2b,1609998451.060268,0.12396745797003737,13.3
9292cc93403141f38df9e57a8d600966,1609998055.1793082,0.1222009158445122,4.6
929884e54a0a4c95836aa00542cee1b7,1609997589.549346,0.12072162238190388,15.2
92e9d66ffd484b9f9667472e41864ac3,1609998199.9433277,0.12228766818577533,9.9
93112ee282094fb4827ad4d6855c33e0,1609998841.1907687,0.12782269804876378,13.9
9326e81bdb40499cb7f41fe24f61947f,1609997837.6741395,0.12249921894839755,12.4
9389811af61b4ee4b2aa3cce572a7b37,1609998914.1623583,0.1277996945001366,8.9
93b4ebb6dc8d4ab59f2eb19b4b602c4c,1609997942.7440445,0.12214235308591088,8.5
93c8eb0b94544fb181b5288f9007c131,1609998609.2578692,0.12487346721418853,8.3
940f6ac402fd41838ab9296e02ed5ea4,1609998444.0512888,0.12366098155520275,8.6
94c3cabb127c42a4a020e590c7cd64c9,1609998416.013903,0.12397748126973583,13.9
94f994844f764ca88324556604cd00db,1609997917.7089672,0.12255810014768521,8.5
9526a77788824f02be9b724ff9d2e990,1609998166.675944,0.12249711117433086,8.4
954dff3255da40ed989d3371cfaeb119,1609998046.1670794,0.1225256646892056,16.1
9570cc7675124eb2a98a3db4090a4cc3,1609997856.939121,0.1226638072917064,14.4
957f38928096461ab771c2e1e8d6ee97,1609997916.7082672,0.12235570834575568,16.1
95d6b6b79947483d95cf305a5b0caa85,1609998438.0418847,0.12378529473361125,14.1
95e1d0a403aa48f7bfa6f7343c594579,1609998086.149916,0.12258906471347078,22.5
9625820537f64f0baf63a42cfe4e7b20,1609998583.939772,0.12478186244341935,9.0
964b3c910a59448182a5e55baeaf357c,1609998150.466195,0.12274005109032043,11.1
96569eaf0bf142c2b755f3ea411ea5a3,1609998213.9623933,0.12210979631669364,4.8
966d3090bdd94a579bae3b144e6985a1,1609998673.9043896,0.12569411919055956,12.0
97092efeedf841ecbb61d0dadcd9f633,1609998329.5601287,0.12328796620076621,12.2
974976f46d834b17a0307f27ac6b95d5,1609997542.3345335,0.12007594598075311,37.9
974a3587ddec43a4bc733712772e8d68,1609998323.162541,0.12316885422023452,14.2
9758dcca65484a3087abf995e22f9abe,1609998187.903803,0.12241087440370275,33.0
9827fd2cc12d461ba80496293461fb50,1609998002.252885,0.12300884535727202,26.4
982e72c7955e45288d5dea5b2de16619,1609998377.5043988,0.12316116615223585,12.7
985ad40e581546c3865417bfc88429a3,1609998136.4466808,0.12288723134277628,11.8
9867b5cf19614330a9ea581bd463062c,1609998796.8027027,0.12779179413834704,16.9
98b0734b23174a17b7fff262358220a4,1609998253.1897707,0.12223247180014384,6.2
992eef70ba674414ac28272b9181b523,1609998446.0530107,0.1240267334292224,13.3
9945a92eb92642449faaa2f089f5132c,1609998854.7705557,0.12824388892989022,10.1
994647119b074fb3bfa83192f7252425,1609998890.1314235,0.1278092932122533,21.8
9952b695e112459bbf2330d00cb996dc,1609998701.217064,0.12663949376907868,16.6
99df689b2a5841348dd5aec8ebe06fa3,1609997528.1021945,0.11985511494670054,23.3
99eb8b1fd0d84254adeea878cc88cece,1609998640.2143536,0.12493856558878083,12.6
99eca7b69a9646db9dfb12667abaad54,1609998073.1329932,0.12172439210317441,12.1
9a00988996bf4878b522b038f82459a2,1609998550.8939214,0.12475587161787749,34.6
9a9e74cb2b48430590a5d31c78930dd4,1609998197.940411,0.12226376997045796,8.7
9ac3852d91b94ece80d62eed68a107ab,1609998067.1617885,0.122061787592268,12.6
9acda5bbb52d427389e8691e26a7a726,1609997843.8712015,0.12222071982243383,36.3
9b16abf5cb4c459fba25e7f8376052c8,1609998528.8571224,0.124601518868058,23.0
9b4d549e38ed432487396e074ff2511b,1609998245.0050557,0.12216497753848292,7.1
9b63beb4344a41198fff5917ea6d170f,1609997571.6248558,0.1205097076870687,19.5
9b8ef3446fe2485abaeea1e34a42e82d,1609998013.122164,0.12271343854724812,29.7
9bb94fc64a464bcf89b3e46c10503e60,1609997958.4242496,0.12259188518812118,3.7
9bd752a1f92d4508bebfa5e0c1263130,1609997634.2177732,0.12069162830201952,5.9
9be5fe3eb31c46bba1f2e25f6e0a2652,1609998552.8958886,0.12473185209182246,20.0
9c0f3066945f4798abf0e7bb0d8b3ca8,1609997892.7523391,0.12272793518039748,6.5
9c32304c34a448858ae740be8d4b96d2,1609998773.0247855,0.1276109956477195,17.4
9cbed86681bd4ab2a9649b7f9177f482,1609998029.1439562,0.12232419788165066,8.9
9cd503c44b04489f9e480c51459974ef,1609997624.1633856,0.12080282475691943,16.6
9d0c39d508414f4fa9cbd419e3bd4fe1,1609998412.0087934,0.12413031763533468,22.2
9d4754dbfd1e470cb9359e25dba137e6,1609997593.5558095,0.12095928528080563,15.5
9d5b92287e5145f2a8b44d3d6273d8c3,1609997814.5781658,0.12172094991099355,7.6
9d6719b83ecc4d2ba0678b700b0886ef,1609997769.1664271,0.12213662115355685,10.7
9d70e3c5ac64444687553fc49cc975c6,1609998175.7416801,0.1230969017889649,15.9
9dd335cdd65a40faafb2b092d72172bd,1609998591.9489048,0.12505441734323813,16.4
9e947a1018e043c3b4364a57ad9a5dcd,1609997880.2269692,0.12324802464039442,23.6
9ea4a7b5c0f045f9a851d33e60fe4287,1609998153.6912384,0.12299413643033176,3.2
9ec82f8cf34b4b28a5c9e7571472867c,1609997836.67323,0.12231308278531335,21.5
9eda27d2a3544ccb8ae445e7df77e1b4,1609997834.6701844,0.12182247183456575,16.4
9efa2b3f0b0a4081ba4311734227df0c,1609997652.4422097,0.12089990367472515,7.2
9f7a76b061e74c96805f84920acaa9ab,1609998170.7124555,0.12295706083613699,47.1
9fd27f4c4c71403b8fa2d6144ce1fa1d,1609997579.797876,0.12080323418065901,17.3
9fd92171260f4e299e6ca7690dbfde1f,1609997626.165892,0.12145884289845502,24.2
9feb05df8994495f80490a29705fa19b,1609998450.0591466,0.12370902060731279,7.2
a048fa29bbe7464492b0671b0cef5bb2,1609998285.5472212,0.12308070680548841,10.8
a06885545d8647dea260f3fe81472625,1609998558.9044244,0.12461220937681355,11.0
a078876ae5994dc797180814057aff72,1609998336.0980325,0.12340295361621774,28.6
a0a52895d36f48afb2f0dac778096571,1609998726.0267673,0.12621834837947885,15.4
a0afb5c1171c46f282674c6afa10bf53,1609998149.4645073,0.1224633716254215,8.5
a134d676c0ac487e9ca1b6b051085e85,1609997489.8702092,0.11616522140339328,12.8
a166548af7504d5caaf83a8e5b14bc94,1609998431.0332778,0.1239790431454831,12.1
a1942107e0764661b247f05dc7db6216,1609998455.065053,0.12374965970442608,8.5
a19b2e3949084a66ab50b19e2b18fd1e,1609997931.727851,0.12283411240352707,21.7
a1afc70796a04ecfa979805e38c0d5cf,1609998402.8664095,0.12355556252418348,15.9
a1d027b19811488683ec654abe08b9ad,1609997812.5751987,0.12249788453028339,18.0
a1f8014ee8554da3bf08da24aa797af9,1609998840.189331,0.12771112249780872,10.4
a1ff0a085ced4bbeadb121e363f99eef,1609998909.1558247,0.12800372399702442,14.1
a21c1cc3def847ba9c8bfd6eaf7e626c,1609998043.1635785,0.12214047276947729,4.0
a237c443996f492b817098eb112731ff,1609997924.7179513,0.12239000895682668,8.7
a24e5be75bde400ea39ca264da6329bb,1609998294.1941645,0.123002673673494,12.5
a257df37a1ac418c92525fd8e5cf4f34,1609998125.3607748,0.12244352215597325,10.7
a29bd7ea5ec14fd9b8d1a38863777f9c,1609997645.4338694,0.12141288129272726,24.3
a2f97f1224134a6eb7160368cc092e0c,1609998226.9798756,0.12221292560753971,14.7
a311ce7117fd4205a754d438b571473f,1609997676.664843,0.12141968985787795,28.1
a3b01e2f07be4a88aae36ff5de87bd54,1609997611.3053415,0.12143899342900677,38.4
a3d2a281704544ae9b40cdc2f700e60f,1609997898.6259592,0.12198278397437239,14.3
a3db063ca80b404e868419043e88ed8c,1609997808.5394714,0.12168995501752357,8.8
a453fc142e174400a67c899d54cd7ee7,1609997545.3374293,0.12034484639460015,13.5
a4eda83a4e80451fb64891a6206f9267,1609997614.7903497,0.12154653539793493,9.3
a52523a4d2c9484894382b15cf6ecd1e,1609998239.9988983,0.12223043984528817,5.0
a5351c083a684b1ba832ea33e773d3db,1609997485.545334,0.1160571790276723,4.3
a538fcd91702494bb28f8c5355d586c8,1609997857.9406765,0.12235125017614698,7.9
a540e461b3ad49e3872296e3673c969e,1609998855.7716658,0.1280543560661518,8.0
a5639e89ce514f82b0d5e458ff049bcf,1609997635.218264,0.12134790422887261,20.3
a5d2412d7b524feca2a3efddd86a54e3,1609998843.1929321,0.12762731194193364,16.8
a5e9273187f948569a408bcd0c3eec82,1609997746.6036253,0.12222986361928433,41.5
a61533b57ab443699ac14477349cdc82,1609997687.680267,0.12112636049423632,10.5
a625425f36c84074ba83deff54146d2e,1609997617.854907,0.12106552315930404,16.4
a62b241a9ce04d179dee4096c3496259,1609997819.0805538,0.12196037181559125,6.8
a62cc3029e8f47448848223316b81fc6,1609998120.3546202,0.12245536511673649,11.2
a657a8b17acc486b97fbfe365fabec2b,1609998605.1738722,0.12479760251162965,10.1
a67ae20834224e87bcde3946df264168,1609997893.7533586,0.12278581556609952,8.7
a69a7c31ee8e42baaaaa5bd42a9a8096,1609998211.9597576,0.122475821139873,17.3
a6cd091bca1f4e18a0d3e0961a2fa7e8,1609997675.663804,0.12168583045244341,29.4
a6e0b69ab1234f9cb46a32971e386da5,1609997743.4619243,0.12174628869132054,23.8
a6e6547152c74d17bb2a05b89d7c3f01,1609997551.7411888,0.12029386555710204,27.7
a73553ba1afa49e8b691ec4b7f1778ec,1609998767.5406418,0.12760776574932953,41.5
a8424ce82f234622a69f1356c3a9541f,1609997486.5454984,0.11606283514081531,1.8
a8451cb7fd6d49099c971dd5ec862c4e,1609997644.433041,0.12116598361392178,8.3
a8552aaadac042c6b436a9832e25c794,1609997796.5219471,0.12220417607058659,18.2
a8e6dfc7d2f14c2da063e5b7b63b0a3b,1609998004.255666,0.12256830541349015,11.0
a94a9be5fd974947ba4dee3180959d6c,1609998038.1562996,0.12223829471555112,9.8
a96f63313e0442f381db3ff74b07c963,1609998028.1419866,0.122391722470996,13.5
aa145747d1f140998dae95fec9354ca8,1609998602.0594447,0.12520769346026095,16.2
aa1e3f328536450d88152faa7fa38681,1609998368.4920585,0.12318597419808561,12.6
aa233210eceb4ae6b7698bf8e1248266,1609997673.6625361,0.12149763200681912,8.1
aa2fed9e02dc435a856dec4b7f500f2e,1609998171.7128656,0.12286130117260324,31.2
aa31c282f5564ee38986b583a53d90be,1609998656.6537325,0.125972011762835,13.7
aa4f797a3f044612b20f7fe6031c2fea,1609998765.5389526,0.1269655163765174,14.4
aa60772d97d1482db0593ddb76902e6b,1609998895.1375992,0.1277550521486808,10.7
aa8bd800f65a4677ace10db7c4eb7d80,1609997753.522145,0.12157492211054541,16.6
aaa9e72439f34ad096a867e1fcfebf46,1609998020.1330264,0.12252807574011643,12.0
aaafc314dfe049d7ab0c06d589d66065,1609998428.0289996,0.12382567604540703,11.6
aae1b01ab3964f37a52bb13f5e21d11a,1609997570.6229641,0.1207992309263165,28.2
aae4d686ee984359905212d0dffb23a7,1609998799.8063662,0.12755945374805977,8.3
ab1a1d1a44fe4e9aa7bb5ea241504e32,1609998110.1845348,0.12227461211763557,8.4
ab40f38e309c48869a6ea0313c83daa7,1609998919.2431824,0.12765930764898925,10.8
ab448ab6e908424a950ea24ebcc24223,1609998783.7841244,0.12785345032075848,13.2
abf1f5fceeae4d9997e7a183233ba225,1609997855.9368904,0.12265005368682513,25.6
ac4d8eebec784cd5bb75004fde37d539,1609998039.1578355,0.12211821224911822,3.8
accdea1c6e2b4a739a73e225c438e772,1609998246.0062966,0.12248276617960355,15.2
acdbc88254f14852b5f572895fd94805,1609997789.531405,0.12188135303385342,16.5
ad4ff6f8dece42deb8f7890911fb69f4,1609997515.3122451,0.11958099817113449,20.8
ae1d8e83b6b846dd96c37386a3147fad,1609998018.130121,0.12253859944660771,14.9
ae2d05948e574018b38188596bb3c265,1609997666.4611459,0.12154589851656226,11.2
ae597a650819465091bd35f55112342d,1609998585.9424753,0.12494479792792769,8.8
ae6ad19a2cb74579b89fd0de2e4968db,1609998037.1548822,0.1222119247939541,15.2
aeb06ba146754ebd8831a5334b32fbfd,1609997766.1187356,0.1222192186020554,13.9
af0a284de3a041fe9e5febefb62720fc,1609998376.5028307,0.12342430430604442,16.7
af1b9b6b5bed495db1ec95c8c5b14ae1,1609998460.073158,0.12377176858636309,5.7
af2a8f9e422f434f99a34ea59e5bc8b7,1609998880.713013,0.12820839037528492,6.7
af96623306034b48987b9541563ed6c7,1609997785.2347236,0.12219359170872648,9.9
afe137b89cd44f9eaca4ad2fa902ff02,1609998154.6864784,0.12225956958616677,12.6
afe247ecc0b244a38baf248cf871bb9d,1609998396.9868534,0.12354065646729454,16.2
afe77ac4a1b24e5ba9d36accb6091524,1609998851.202457,0.12785082697605676,13.3
b0ebef8af0a745c8a1d769cbf66b3ad5,1609998744.5280426,0.12720686408907533,11.2
b1773c57e784403087b0f0b0196a96c8,1609998480.8712332,0.12459201113899455,15.7
b1788e85675b486daeec6fcf01a09ea9,1609997681.6709557,0.12118982117387032,19.8
b2529ffc9e254ccd9b34968809d8451e,1609998281.1429822,0.12351530252312536,15.9
b29208fd50904da7a8490b7245601487,1609998388.5196538,0.12364897179217524,15.8
b2e0f61f577e43c6badd4f4fd76df2da,1609998135.3752496,0.12246472120737786,5.0
b2ed0b6c3ae64f42967b1b675766e65b,1609998167.7087016,0.12270341524754964,26.8
b3090ee638f449d7ae1a0de2d8f1920c,1609998248.0091786,0.12228581819702614,8.4
b358ba6fa4d24b97bf1502a125c20f5c,1609997651.4411058,0.12098574618545588,24.4
b379b1beabb14c45b20e2b661bdf8db6,1609998894.136019,0.12785658923609522,12.9
b39eb9bee886441bb5dc375521ab58d8,1609998385.5165145,0.1231083959813574,2.8
b3e46da4a0d8438b9106d9a16d3575c4,1609997538.3302584,0.11983656956768204,11.8
b3ff90e6b6124739aa1e27c0c6fa293e,1609998493.3726077,0.12454902164633926,20.1
b40900ea801849a2b86e722cc66acb24,1609997548.7369735,0.1202749410820284,12.1
b40f1cf9570a4d73901630a6f940ccf6,1609998425.0255697,0.12364029807443315,6.6
b41070211d044160ab05f32eac044af1,1609998791.794396,0.12776710740323494,21.6
b479ceee537849ccbd5c158a8c4af85c,1609997560.9240837,0.12063244382588774,8.2
b4a0a032c4b048288fd066dfaa5e077f,1609998303.4923062,0.12301955102986978,13.3
b56833c69bcf47a58d52188baca37e70,1609998340.9401238,0.12353313520156015,9.3
b569b832601f48ee9b6fefed91f46655,1609998372.4984179,0.1231142795521335,15.0
b5947ebbc6ca4e8e8ecb30f3504e933d,1609998024.1378424,0.12256390789925029,5.5
b5e96929ae2943b0835d1fecdef940f4,1609997776.5768254,0.12244203609943702,7.5
b61584a56a214cba98a63e3a7f25a084,1609998540.582761,0.12649187376519885,21.0
b652b46ad3af499395342a32b45dfcef,1609998225.978739,0.12245425815625542,10.9
b669b9d7aa1949e3952bf6815189ba32,1609998923.2492566,0.12784846141667255,19.2
b701138ca56b4492bc35a93194e5b1dd,1609997692.68646,0.12123372049705801,19.4
b709e5446a674372bf5638a4d263034f,1609998269.269966,0.12252314749139934,17.1
b71835a0aabf4d89a36bb7246774a2e5,1609998202.9468136,0.1223174499718688,10.8
b736dac79eb54b96a201c13d7672da12,1609998014.1235914,0.12235094689930286,22.4
b777b57d0e9e41aeb7db5182cb528622,1609998557.9025948,0.12479817873763349,15.7
b7cb2a3a7a8645e48f75638824d2165f,1609998792.795833,0.12746592316933036,18.3
b7ec5167e1ae4efa8ddc5fba2029e2d6,1609997829.6638765,0.12233551010793668,2.6
b8030be2527c433fae35638653902fb3,1609998415.0124643,0.12342627560553127,8.3
b8193baf5bee4d89a9b93bc1097cba69,1609997872.1782012,0.12290385091383454,21.9
b837f9f3895b4ee29aca1aba56f644f1,1609997764.116927,0.12194350962305767,10.9
b847700edb3b49bb98fc04467b6e9e28,1609998608.2573464,0.12492470583700413,16.9
b88f6829741c42c29c5852625444faab,1609998443.0495589,0.1237055177597631,10.2
b8aabb7c0b0344379c1e6403006b0b46,1609998089.1545222,0.12219118065781566,7.0
b90a802a4771409bb6702f27574c4230,1609997803.5318825,0.1220401639532816,7.7
b9103b5dc38c4f988ea6630bbf6e7d7b,1609998383.5146694,0.12322276167927845,10.3
b91418aa1418473bb757021bcc5447de,1609997858.940956,0.12230609225405617,9.9
b91dee9c388e4c3094976e9a9e102b8e,1609998262.2810261,0.12240315600801967,26.7
ba14419a13ed4fb686cfbae2ad90f10a,1609998365.4879098,0.12303937017163362,6.5
ba44c1922c7046be94abb9a284e92b8a,1609998424.0244389,0.12364142019875642,6.0
baa85bf1dd964cda847a615c20a4bc39,1609998042.1622097,0.12222200874902138,19.1
babc5014c94642e490d699e64276de1a,1609998554.898844,0.12468975726585735,12.7
babcde62bea84523b424934c8994981e,1609998114.3338528,0.12218337127907934,6.6
bac6de18cdde4ab59765a9092b99c650,1609997599.5649927,0.12103228401718749,12.3
bad54db821dc41fb89079364fc785d2f,1609998905.15044,0.12780597233081006,8.1
bb11a77b01eb4869961c3f94a5dac386,1609998494.3738732,0.12437304525753337,10.2
bb3211e4bf75433baa059fc204ff03dd,1609998445.0522478,0.12355811004967417,5.4
bbcc22daaf664be8b3dcb2ea784fdce5,1609998918.2414188,0.12769473038438353,11.5
bbcc5f0866084f339c5e52d0adbfd923,1609997660.4537203,0.12153253917157837,19.7
bc700a8ba4264787b90e935b53852d0b,1609998058.1832683,0.12178929334781803,7.5
bc99a2057a3f4389b83af137a3f7babd,1609998266.264924,0.1231220434393432,31.8
bcc81d0597de48cea315dbcdf3b79062,1609998047.168279,0.12226910764291463,12.0
bd276d92c477436eb201e4797a5f9de3,1609997794.5162485,0.12254240557100153,7.3
bd8b5b3c73b24db68969f3e07aa418ba,1609998423.0226755,0.12352916227490204,11.4
bdac9d1cd0be4d6e91c93d0ad861a101,1609998867.9291124,0.12761138990761686,12.9
bdb64d9664b44dfdb1f8ecd366cb2ecc,1609998238.997688,0.12213170806868195,7.2
bddb5bb6c0f749cbb98fcb39cdc61123,1609998399.990246,0.12356058175595382,17.2
be1bb26fc8e14136a43a4815c4ba055f,1609997558.8685234,0.12064769865114743,12.2
be7660e2f9304e14b68ba3e21f4dedbb,1609998505.0208073,0.1240277039151236,8.1
bed3f2ed890a428b9b961f028edcf93b,1609997921.7142951,0.12265176720099447,13.0
bef7cbe05bc345659207c788af1f76f2,1609998653.2541661,0.12607051608180814,21.9
bf63a0af84e849908796cf66f5ec5d8d,1609997820.0818825,0.12219099869170919,22.8
bfed8e12d6694b85a57f140f1343a020,1609997868.173223,0.12241795591801317,17.6
c01d7390299b43e39d61923b156b57f6,1609998872.9363198,0.12810971925404754,24.3
c038087d29f741fa9cb6aca3d88b2310,1609998842.19226,0.1279352289217779,19.9
c0a3ba1072264a108ea92139e3a4385c,1609998394.9845037,0.12324288409788642,8.3
c0bcdc1c17b34b4db0a8e0dd2261ebae,1609998332.5629687,0.12341990679180456,18.2
c0fddf92b2f04df49936cce5f867685a,1609998862.921099,0.12793251459402294,36.1
c1057dd2729742f89c3e3cbdff6738cd,1609998686.0814652,0.12667283905809065,18.3
c13de9b748cf4f76bfe7eb143ac2b9b2,1609997601.5685143,0.12128683943630722,24.6
c141c6110ca34fd7a1465d827d08dc94,1609998016.1264648,0.1225207212766463,32.4
c1ae341ada0640bb8dc613f01b48e6cb,1609998708.8881009,0.12634786275576418,21.5
c1af5ae9da234cf7aecae3d822b7b0b1,1609997988.2582293,0.12343102188814188,10.7
c1af89efa4f846aba9b46f52a7dd92cd,1609998070.1225295,0.12218572167462134,4.5
c226eb1b1e7644038d4716c195ded30a,1609998548.8913236,0.12475458269128993,26.0
c25ea06a188a4b7389635bc4ac3faf60,1609997758.7467716,0.12138827037682617,10.2
c291a04de52b43919d45e1a040065ce5,1609997806.5359237,0.12212274623793794,20.6
c2b88d02fb70434e9939692ca78818f6,1609998358.4787595,0.12315217399380742,9.8
c347b962bccd444686b9a936cb569a4d,1609998224.9775271,0.12208817267770723,6.2
c3c35f4d82f243f6acb30e1ad67c2e9e,1609998148.4625878,0.12252467903946218,9.5
c3f377bf0e8440ddbaff747d5051fd62,1609998274.1427126,0.12303307717711794,24.3
c4907549f3914698904ecd5e1162aea2,1609998797.803212,0.12791503068395887,17.7
c501bf53b9a14e04a914e84c0cb2af53,1609998315.704803,0.12283485543179519,23.6
c50922ec68ed4d8ea69419df19a7396a,1609998738.0209618,0.12622773479780464,16.5
c570d61e44624992a09895118a97969a,1609998025.1379848,0.12224569467054786,6.0
c575f093226f4294a1d9c5ef57ba89e5,1609997659.4522786,0.12099862028748916,11.0
c6065c598a5241529ae5ffe1d18157f8,1609997810.9112883,0.12233332651465896,14.3
c70e9f2c0b234eebb7dae67364ce4e94,1609997799.5265415,0.12208934029355713,32.2
c76c8b9c928c403d8090100878986ed0,1609998535.8133142,0.12509843797716347,13.6
c82dbadf509f4392aeb666738dc1c4bd,1609998464.75244,0.12436162688435191,12.3
c89d9583a2c34ca7b59d02f8f120ffe9,1609998620.073487,0.12570916172202837,17.7
c89f147f67a8451796eab083b95b951f,1609998050.1729796,0.12236885539694868,12.4
c8af29b3b4b0420d9ecebd356116af64,1609998879.7118483,0.1282087846351823,9.9
c8dd66bac26a4a67a27a65a741282732,1609997600.5666585,0.1211455730823119,25.4
c8e2a9074ac2458fac2de2ed609b169f,1609998440.045005,0.12367843513758238,7.0
c95791d3f5804a1d87fcb43c0f29b76f,1609998483.8753097,0.12455584537533217,10.8
c958ea81a3ef4075934cd60c3f5de4b5,1609997783.2330894,0.12173734202441873,28.2
c96b4b34f6d444139153e534d848647e,1609998502.0154948,0.12476008716601088,27.7
c97f1032813845eda6c608a5977a5fa0,1609998311.395375,0.12302206822767606,9.4
c98b76070503422298d4d97d327a92f4,1609997826.2042727,0.12244769221258002,10.1
c9c8c38a5bf1478b8d156eb89f33f62f,1609997691.687801,0.12167606493806245,21.2
c9eafe192033402f989e7e170642cbd4,1609997946.7483695,0.12214750879226108,12.3
c9f78f440a9e478d8c04935b4da9ac96,1609998586.943361,0.12512849271241666,11.2
ca367fde67bc4f8988fb7dec388ae3ae,1609998512.6340683,0.12461336182882124,31.1
ca5a279196c1486e89b9860be5d9f928,1609998683.7957158,0.12610390686234674,17.6
caca0a7f72a840ad9f5230910c398fb2,1609998427.0281363,0.12408423471886927,17.2
cad7e87b931143498ca0dee361959ad9,1609998243.0027246,0.12205453927569332,7.8
cbc45eff43024fb093750d1887bc49a8,1609997674.6635942,0.12103610530542351,10.8
cbe66ad9cd994a548b84ddee01181860,1609998015.12506,0.12230239227655779,27.4
cc169c4d2b84445db8a0a3efb67ef02a,1609998892.1338525,0.12837546558871563,28.1
cc7d512a365944e494cbc17cc76648b3,1609998509.60304,0.12466631396580617,8.6
cc923e974143452293f57b47f5345b36,1609998131.3706641,0.12297120870091562,17.7
cc95d469ece9458eb4329da9b2ec7831,1609998575.9274566,0.12478225670331672,12.1
cca19479dbef4e04a9909e626c5e0be3,1609998610.2585113,0.12519851933572607,22.5
ccb8572e54ab4fd6a5ed02079e9969cb,1609998267.2662554,0.12258644136876908,28.2
cd481066e529443c867731eb6b652bcd,1609997565.7763224,0.12058974244623435,27.5
cd9cbd9c3cf1474fb8391852c353f364,1609998651.0196316,0.1256589087489562,16.9
ce4b5ad4c2d54a5c81d685546e068d46,1609998317.7074296,0.12305279017198632,28.4
ce580950128846748c655ab4e3ea4fbe,1609998837.1850855,0.128017280471957,22.7
ce58f1d3f3df4fd591f9d49ed4e44c28,1609998214.9644213,0.12212153313056143,8.5
ce6dbb825e024ef298649c649044517c,1609998830.4278398,0.12791327167826294,15.8
ce7c687df7634674a17816d9108aaf3d,1609997647.4365256,0.12098570069392926,24.9
ce8239a2a4cc4c53a3a9adaa08b3c3e3,1609997518.2938511,0.11964200230833104,26.2
ced180d73a284c838973d21ce3d35fa4,1609998370.4958973,0.12303730788909353,5.2
cf0e1d1bb2964cdf98efc602e9160a34,1609998095.1623094,0.12222264563039405,7.4
cf17ba06299c4280a7c2c086ad050b60,1609998870.9331534,0.1277275601027605,10.7
cf386b8b05dc483681ac4cbb5d643671,1609998920.2444875,0.12762973815668668,4.3
cfeef4aeada642a9a8379edbda74462b,1609997944.7457168,0.12233902811932858,11.7
cfefb8026a2d4737a4ccf06d8616c7b6,1609997933.7308183,0.12241731903664049,7.2
d01865e4b75a4e8d9224d23e7eb10b57,1609997511.7912552,0.1192626181401678,33.7
d0473433285f4ef1a8d622595da1b26f,1609997908.6986876,0.12231970938435756,11.2
d061df2333cb45fca4ca191a98df012f,1609998174.7403674,0.12291402585195507,9.8
d08c76c053574ad6a76bd595ff90cfaf,1609998405.9988182,0.12373064424629919,18.6
d111f0c34b5d43beb51691ebe8dfc57c,1609998111.678693,0.12294044126507872,23.8
d18c08ed6745475f9277fd3b83fe8843,1609998587.9447844,0.12533212794940712,22.2
d1c77310892c4f1c96b1c166f1e53ec7,1609998408.00229,0.1236201908196674,15.6
d1dee58c04114b25af58a14949fcab13,1609998514.6367292,0.12487107132711991,12.8
d1deff99fd134a7dbf8a00c4b7f12983,1609997732.8826437,0.12186870638945323,13.4
d207eb401bec4a4f884969546358115c,1609998103.1731791,0.12218843600237629,3.4
d21b3b9265ec44218f90d53f2f4de8bc,1609997694.6891172,0.12109111972494853,5.3
d2749931acb44e079e25d0484ec249b1,1609998569.919893,0.12487742497700441,9.4
d2870e6044304c918ad9fe86726bfb11,1609998082.1447058,0.12233105193832798,20.3
d2c6987767ba4409bf2d9664243ea096,1609998324.162963,0.12317247837852185,8.8
d366784565454c2d87eeaf9bda6f646e,1609998430.0317125,0.12368504657278438,5.6
d379b5b6ec0f495a99aa78547cf68956,1609997718.1564944,0.12111698923975274,11.3
d3caf02e1b544f90a6982f0101970c8e,1609997925.7189453,0.1228473504377733,11.5
d3f30a02580646eba01f850aff6cf2ec,1609998915.236929,0.12791545527154066,6.4
d43b9c127146474f94b63617abb500f7,1609997749.6936243,0.12198983516099839,14.4
d46ef34e378f4832977f3f0eac08fd34,1609998568.9186094,0.1248038348507765,8.2
d519fed22b2f43b396aff58a9b718864,1609998030.1455493,0.12227740226460156,11.5
d51ffaa3fd584ade8c0b7401e8726a18,1609998503.017013,0.12426650410219083,26.4
d55add3a7fca461c910a4d61a1a9c2b7,1609998829.4262733,0.1278394237667175,22.8
d5707d628fdb446cb9c6cf6553734ff2,1609998184.4307392,0.12296662922056927,6.9
d5957b3f062b42ab971b78bb921bd8ed,1609998087.151093,0.12255286862212399,15.0
d5cb673f0cb2456291fca4281c7ee81f,1609998194.9361308,0.12225834131494805,11.6
d5e22380bed64f7eb2d0bd48295e5496,1609997918.7102687,0.12237247955523602,7.0
d5fecc63cba54349b9320511fcfdee11,1609998883.9826603,0.12759871293553227,12.9
d644e7a82e234f6fab27b8684d70f498,1609998844.1940281,0.12750789668455784,8.1
d661779307d545d1a87e841afcfa9133,1609997585.1611676,0.12130729545944371,19.6
d664b5fef40a4e39a9eee524fe050066,1609997700.6959577,0.12140737681800631,16.4
d67efcbf157345449fab7fbbf25700c4,1609998006.5512016,0.12257123203503599,10.1
d697d90ac642400482fc3308dd5384cf,1609997532.963027,0.11990191056374964,15.0
d6a810dd433e4989a9fea3a924cbaf42,1609998805.808238,0.12802977547793512,9.1
d6fe0cbf6a5d43d8bb9c49eb5e90e067,1609998008.0368135,0.12265143359646592,29.0
d71327eabe4841849f2ed892a1c2608d,1609998188.905077,0.12231403810737235,17.8
d7387b791f2f460b9a0390effa0cac1a,1609997549.7380586,0.12032205513976385,16.7
d806dbded7574b46b7238837947704d7,1609998305.6624248,0.12291229717394354,8.6
d8913a5a5cc5462180b91f4e8ebc6ed0,1609998061.2629583,0.12238594504711535,24.7
d8d877443107457a9b0ad6fa91d10b58,1609997838.8649962,0.12196586112646998,9.0
d8f41d5e2d84431e95ff2a5b7b1a607a,1609998529.8583012,0.12461835073290717,15.1
d97b5aaccded46abac7083987135c28a,1609998034.1500485,0.12228515098796905,9.0
da16c4a2414f48169a32f84b58767881,1609997847.924409,0.12219680644327426,11.0
da2c03ffae7d4d79a691785271355620,1609997723.7081234,0.12150096805210454,18.8
da6288aba64849f3a8208b0d16b69209,1609998819.5694907,0.12799034948819835,18.0
da814145b6b742468a8257510d55f576,1609997730.7310326,0.12192890684301286,14.3
daa5f707e7c34f639c7dd1a6688eaef0,1609998876.8814871,0.12821052847703604,20.2
dad1902df8804c7db9d5ac6e5930917f,1609998903.1475875,0.12788773576798726,16.1
dad5dd581e7545328c767965017d47a3,1609997631.171952,0.12136100578853898,22.5
db1d5f5385384cf78af9d5df180d97ff,1609997817.5825164,0.12176803364104459,9.9
db356e07a33d483abf002e92586851a1,1609997875.182007,0.12304886273685485,9.7
db6495f745f94a9bbdc625f575ca7426,1609998691.520497,0.12679882025914188,22.2
dba23383df3f4ca9956f208c44731852,1609998768.5416822,0.12728424517585485,32.8
dba800e80f8f4bdd866092335d76fb24,1609997598.5636556,0.12080393171740052,5.9
dbc7f4f9deab49cf9148873efdfa1d3e,1609997567.6180182,0.12023883597373483,13.5
dc89a70f66c54c0cad08ec74dda0aaf1,1609998033.1490877,0.12222855952885457,7.5
dcba790bc01742f6aec1e0e577846eab,1609998579.9336987,0.12464892103879537,5.6
dcd755d232a541858c46b6519a08b97a,1609998899.1424809,0.12782938530317683,8.9
dd417a29d6d347fe8f0993ca260694ee,1609998145.459755,0.12262603416077011,7.9
ddab212b1adf4995af3d6c48d2a9295d,1609998352.4705257,0.1231262741513188,28.5
dde3eaa83c6b4ada9ec504e57416ed3b,1609998889.1305535,0.1277371739787194,27.5
de3c92333bbf4b59b49a0da8cffffe5f,1609997996.9844587,0.12227775103297231,12.5
de897c2a06db407daf188e5e44fd18c1,1609998595.9553554,0.12485701444539453,7.1
df840bd36d634a24920d0a46a84c2dca,1609997606.9460497,0.1217567820701274,16.5
df8af07e8a31454d8532c8794df73640,1609997588.5477052,0.12057680768883226,10.7
dfb7d085b0f2470c8d7b31e789cea183,1609997840.867386,0.12248349404402946,15.4
e040dcecb21e49858aefae49925f6b46,1609998913.160845,0.1277524742955057,20.5
e04772b5636045c89abb1064e5378a2b,1609998222.9744992,0.12208726284717485,5.3
e04ae298c43243cf9bbb010ecf1558d3,1609997854.9362273,0.12205905810067083,8.9
e04b5f65911b437097d170e6f4ca2867,1609997704.1479225,0.12133918501960389,7.3
e084696c6d234d4f859986a1b33ce059,1609997510.049184,0.11896461831312657,23.1
e0b8732ec348477fbe82e1cfdd3eaf68,1609997740.2144747,0.12197632417759242,17.9
e0fe484944a245f4b52c30887f3086f9,1609998216.9661145,0.12203611520741248,12.1
e1259243fddb4b83b48c66bff864a2fe,1609998205.9511955,0.12261996862388753,14.9
e1f4c062a6dc483a85401b89f4267d18,1609998481.8724797,0.12483469326966663,24.8
e28cac6fe05542ed9c811523ed672efc,1609998901.1449409,0.12797416966856406,7.1
e28e60e14ac34d8eaa28dc2b6385ba15,1609997986.2567956,0.12343131000114381,22.0
e2f3d8f140064690832cbf425dad9264,1609998259.4164157,0.12269642471629247,11.9
e2fdd2ee904e4661b77e0bea55f132f0,1609998122.357161,0.12245381840483142,15.7
e374e9cddbcd4fd49722d00eb620607a,1609997956.9713397,0.12259211264575429,19.5
e3bbddcf12274907a8f7ccddda9373c4,1609997846.9231744,0.12229741853631407,19.7
e42701a1657148fa986092b384382064,1609998917.239798,0.12792675233398448,18.1
e474381ac5fc41d1873fb544b4675a72,1609998373.499924,0.1230146531088371,2.9
e4b478a3ee32488187c8f1c2be13a4b5,1609997964.9422493,0.12225408027528803,11.2
e4c50f3ae8924b6fb44a9c6dbcbcf7fa,1609998910.1572607,0.1277804212566922,5.7
e4cf79b6795243d19947b22f3e254b77,1609997668.6986768,0.12162647917404736,11.0
e532679935804ae4aa23606fdd6415a0,1609997533.9644861,0.11970387078453337,17.9
e543633d39ed42b989cebfff0711aacd,1609997866.170145,0.12252026636138011,14.5
e59a7b1efcfd4e4d945ff27413f253cb,1609997623.1620336,0.12086636125576448,17.4
e5d882c1310c4e96b3140d21f3601d4a,1609997765.118194,0.12227221623056694,14.3
e69d2f2613f4464686aaceac6e3c6f93,1609998553.8969321,0.12469492813604975,11.4
e6b12cf1ff8c4f8dbfbf5512124c36be,1609998000.2517304,0.12248807352437581,16.8
e6c8f61817a642faac231cbe63a7e882,1609998134.374204,0.12234052933970702,9.8
e71ef6cbf20746b0a97421eb6b219b0a,1609998891.1328573,0.12794569197290034,14.8
e7287fd2f99c4945941948d01c6039f9,1609997805.5344007,0.12220228059031078,17.4
e72b528047014af6862162760f4fc3e3,1609997879.2260225,0.12273671504503501,5.6
e7cf7f89761f47a1b34e5aa9b51bad19,1609998413.009147,0.12371801276574122,12.4
e856bb42086b4342b1b1be3f4060c7dd,1609998077.1361525,0.12217618361787348,46.3
e89327ab343e49b99fe50df4cc758434,1609998201.9457197,0.12266565728045559,18.6
e8dc9b444b184e1094408958711a7026,1609998220.9710965,0.12257186891640867,15.2
e906623360a04a5fa5a13fc8f92d7a7f,1609997539.3310244,0.11972799645748385,21.3
e90e9358933946bbb17b15323bfca244,1609998606.1752799,0.12514124550371228,18.5
e9974f632a2d47da9fe7ec7219d558be,1609998756.6151311,0.12657786791435166,13.5
e9d2134d5d134b4383022fcacce31e57,1609998366.4890168,0.12349063095185546,20.5
e9f5fbd0259a4c5fa311833dea99f6b3,1609997745.6024098,0.12205826958087611,16.4
ea0b148b976a4f4980676781bdda38d8,1609997975.58971,0.12337367223691709,42.4
ea1fb3ac500849e78bc055bcf1d3deeb,1609998392.6192195,0.12392102628520121,18.9
ea5c17d1a9cb4cd29920a313f29ebd3d,1609998398.9893422,0.12349857680517164,22.1
ea6db615cb4149f9ba39076452cf878e,1609997831.6666508,0.12196008370258932,24.5
eae89fbe226947e9b42384e42c79a9de,1609998616.9611654,0.12593072062050684,21.4
eaf5defdb1834f83866aa30815c31f07,1609998850.2011034,0.12770225165011795,6.9
eb7157935a8b41f8b276ea341d18808b,1609998448.0561364,0.12369876984998122,13.7
eb8d78d8f95441e2b0d6f1c431323470,1609998429.0305476,0.1235746386376792,9.5
ebf7482985444fcbbcdc33c0baba75db,1609997945.7475066,0.12249562511779462,14.8
ec4650d219c6463c8bf0f3bfbc4ca518,1609997939.7400787,0.12252443641798688,7.5
ec9e4e8e402b4bbc97e2478377fb7195,1609997902.6306658,0.12272381061531733,9.6
ecac48866f1e4a2a9fa57997dc1ccbe0,1609998379.5073748,0.12306358682763732,4.7
ed3bf21e101e4b5db281868160d5cdaf,1609998419.0180552,0.12372920368128958,8.4
edd131bb37d44e4b913cf53a54f1bad2,1609998044.1646783,0.12232518353139409,11.4
edddd38e6f7a4a8d8d6a38feebb64c05,1609997648.4380958,0.12083560898376978,17.2
eeb4b21cb9774881af9494018d453c1e,1609997685.6777194,0.12147074651458707,18.3
eed0ed9011bf45898487a732303d74dd,1609998511.632357,0.12472455828372116,31.3
ef3a78cbc85549f5a7c173d858ede3f8,1609998195.937133,0.12251185042895553,15.7
ef69a5fa39ee40eaacbd563543dbc1d4,1609997809.5412393,0.12189727506817019,13.3
ef89c9c000ab4cfeb37ec66b24654675,1609997677.6656954,0.12123419057616641,17.7
efa3087c13414f7ba4f5174d9292009e,1609997573.6263943,0.12037255073431133,12.2
eff75e6d9fd149dababf40f9e896a0bc,1609997797.5229185,0.12203314309434,21.0
f08aed4a815f40c89b20ef7587cd5b99,1609997899.6270702,0.12237686190563368,16.0
f116cd66ab5842b9a19fba01bd9cd6bc,1609998207.954323,0.12274463057066679,10.0
f134d60bac7540f2a8e76e79a2fe56ee,1609997657.449518,0.12091846421758586,11.4
f13af8b0203044c38cb0ffefec75b7ef,1609997596.5608516,0.12083852044147343,13.8
f1461d16c3c24c39b1b383dd1b1b3906,1609997882.2299905,0.12309612843301238,25.4
f26a083e24e04e749e4592e74d8f216e,1609997604.162391,0.12138464621853884,6.9
f2abfce7db4c42a6839de0e8e0363af2,1609998255.1919498,0.1223371932944216,8.7
f2e8f0b0f6f049b488c35a1f375a5c29,1609997572.6256878,0.12051139087355361,12.1
f2f04b12ea7549f6bf9b05809cc6715d,1609997707.3971345,0.12105164824368513,24.4
f33b37a5d04f4b32a35af76bcf98ff41,1609998420.019063,0.12368509206431101,9.3
f3508df3babb46bab1e2715ac30070da,1609998577.930228,0.12474102621635737,11.3
f3686e060df74c958422adac767e3061,1609997602.5688481,0.1213749110318423,7.4
f3f42448f59b4bb89d4b7c01d0a83190,1609998032.1482623,0.12240756868610175,23.3
f43c6184b5d447a1b8a41672dad33d63,1609998873.9376047,0.12769686848613465,13.3
f4423ba4abe34262ab439f60769f13ca,1609998713.3144252,0.12631697400918962,16.6
f544f8d2be0b4cf3b9b9f8ba34f2072d,1609998316.7058704,0.12335033508376135,30.5
f55b4a68a3e145678e6d101fee914320,1609997922.715512,0.12238943273082283,6.1
f5ab9d17fd634139906ccb0e46274703,1609997641.2697985,0.12127431410264468,14.0
f5d7697871b545e9b83072daad4388c0,1609998144.4589407,0.12230962542929028,6.9
f604f9a6aaba46dda065d4d04084de6a,1609998560.9078124,0.12498822717200697,16.3
f6f6c7befa5d42e28f26e5e2f236c8e4,1609998330.5605478,0.12343676898433813,8.7
f70da521483f4e1fa8e2b5eeb4bc5c67,1609997804.5329847,0.12195225916001079,8.4
f72339b5ec8e4ff4a02a1bb267caaca2,1609998091.157423,0.12252041799980218,18.8
f75e5ec7874e4391a3181ce75a2d2f51,1609997737.7750971,0.12201923785103669,15.7
f7b401d3540c472db5d733e21ecbe03f,1609997543.335286,0.12005316988975902,11.6
f82132628f5f45689b27af52a6a3f1f3,1609998231.9874828,0.12256010177485646,17.6
f8497b7f922046d88003e90122ed9be2,1609998185.4324765,0.12322641616525022,9.2
f863c1ab9de247e7b4d15c1b1e11a5f5,1609998237.995785,0.12212831136802771,5.4
f8acfdad09154cb0a4708511fb03d77c,1609998462.075526,0.12430655180945807,14.7
f8d7153dc98044e39e7bb62e3095de11,1609997881.228606,0.12295510470049235,29.1
f8e122f2d6834153be7492efe2db003c,1609998593.9518206,0.12494713315962748,12.8
f91ba75d8fbc44b2b1705e43ea9557a1,1609998217.967606,0.12224434508859149,7.7
f9478534587040e2aad7b8052d8db0cf,1609998057.1817257,0.12207751249663609,11.0
f9cf95bda75b4abdb182c78fcce6ff71,1609997653.4433627,0.12090693969750894,9.7
fa7ebb757d094b4fa2a9921a31bd485e,1609998215.9650567,0.12238641512622375,12.2
fb0ed84dfa6840f1ab85255f2c14cff2,1609997867.1714635,0.12223627792453766,35.7
fb29bb430e444751ba2d468e336e362d,1609997823.9082947,0.12227288343962403,7.3
fb2a92a3378949e2b9efcd70db544152,1609998393.6205547,0.12372304716135375,9.7
fbb6bf1cb097452596f17cc463b1ae7b,1609997672.6606839,0.12138619293044389,12.8
fc3dd38bae654a978d18e75ffad1f996,1609997574.6283858,0.12027427387297131,7.2
fc6237ff2de84f26855b5964e83b9d83,1609998449.0573442,0.12365127669619062,6.5
fc9f0b1763be498e97ca910cb8f3f0bc,1609998325.9827743,0.12321167691062554,9.7
fca3227215164e8ba086d891779a2dfc,1609997491.1256385,0.1163057750568049,14.2
fcb18e83ca17471d981b50a4585a5f5a,1609998027.1410534,0.1221929093358272,15.1
fd61c5c932d44e81aee299bb56ce844b,1609997563.9196928,0.12080209689249354,14.3
fd918d23b69b4ed79e510352148e06ad,1609997816.5811718,0.1216362446884283,11.5
fe306dee4abe4b70a5daffb96dd3da18,1609998827.424069,0.1280692166315141,23.9
fe408183c70e4c12b32e9ce9f3059b3a,1609998126.3622777,0.12273629045745324,18.8
fe892165f5a845e68a0c59c30a6400f3,1609998762.39263,0.12693136740386848,18.2
fe9376c23bb9420c8b3a29e2fe7f2035,1609998040.1596508,0.1221997330648201,6.9
fec0a6788ac940a09738164c36c06442,1609997793.5161285,0.12241762231348463,14.2
ff58fca730b9447891cc3742c6cdf4c5,1609998868.9305649,0.12771729418158673,9.2
ff821a9a070c40b6b8a9967da6bded78,1609997755.910903,0.121588994156113,19.0
ff91c94bfb6944378680a00a54fb727e,1609998179.6451442,0.12251306353633204,7.5
ffdf3bc5cba44efbb1941fbdd8110358,1609997708.3983262,0.12090245120021584,13.1
