id,action,time,exec,lender,renter
68d303c9e18b483baa7c259ae3e36a2c,video,1610077103,0,0,0
cd1cf02b0e59446f9d2802251c843bda,video,1610077104,0,0,0
7b12d681d9a74888a74562534b25fee4,video,1610077105,0,0,0
f227766fcf66471d8fde9c284de4937e,video,1610077106,0,0,0
a94d0519c4c74f46b0c07dd6e40a91dd,video,1610077107,0,0,0
1439501817ef4012895ea6d91b99e43a,video,1610077108,0,0,0
069147c8a1bc43038b826f7e1d9c85e3,video,1610077109,0,0,0
0cc3911b54394397996a142acac434d6,video,1610077110,0,0,0
df56c1d74cd346d8955875eebc67fd00,video,1610077111,0,0,0
e93ef3b706d34d21a5b4ade9d2d20aa5,video,1610077112,0,0,0
cce3bfa770e04cbb82393fb5cd7b8da8,video,1610077113,0,0,0
beb8a90e779a40afa90e6ffeb6469b72,video,1610077114,0,0,0
d6060df4a2ca463bb617e12c17be33e4,video,1610077115,0,0,0
47274f88a8074ad9a56de0949573af8a,video,1610077116,0,0,0
cace3997e1c04edfa0fb5fc24cb5a05a,video,1610077117,0,0,0
def86cce3b444b74a3fcd4fede5efaf7,video,1610077118,0,0,0
ffc7d9d803624dbd934ce32b695b9487,video,1610077119,0,0,0
d9ea639f488d4ffaa7eeb1b638a4c958,video,1610077120,0,0,0
f554f2d84dba4383940ad96bb3e951ba,video,1610077121,0,0,0
0ed9f16761104dc6a525766375078327,video,1610077122,0,0,0
44e3d95595f2455e9e219c6bcb55d2e7,video,1610077123,0,0,0
e476ced637ed463da66be9fd2ac67009,video,1610077124,0,0,0
ce9c59c408de424bb8917e5f9169423a,video,1610077125,0,0,0
7627dbb9d1824624a50b53dcdfbc96dd,video,1610077126,0,0,0
3b4ae225f6544123850d76df5243951e,video,1610077127,0,0,0
720b4ff9d86a4243b6cb209fac8f9a63,video,1610077128,0,0,0
0d30bfca115c4ffba9738674fabd6dba,video,1610077129,0,0,0
b4db65107d24471895a4282f89a90ff6,video,1610077130,0,0,0
4aeb3f5904e54190b408c6178924a132,video,1610077131,0,0,0
a0357ed420614c959ad4eb4f8f6ae106,video,1610077132,0,0,0
aab417b8aee84a0381200e880490bb62,video,1610077133,0,0,0
6e16fb15304f481b8f985d5676f3ef3a,video,1610077134,0,0,0
7e18fbabfea64cc380ec805ac9164722,video,1610077135,0,0,0
558f289ec9064e6197d648640ce4fd52,video,1610077136,0,0,0
a6575adaa2554e469890db270ce7d938,video,1610077137,0,0,0
3ac2c16d50d44124ad0de43f4e101270,video,1610077138,0,0,0
a0e855fcd10648ed95a5f4cb8e5840ff,video,1610077139,0,0,0
afe882d334e7405c946da7bcbe6e9969,video,1610077140,0,0,0
473f2a1363564f688d13aecd17e6bd1b,video,1610077141,0,0,0
2224e300bca440aa82fc89dde3a3a7e8,video,1610077142,0,0,0
d5d9fb723dd749af958beb6ccc15463a,video,1610077143,0,0,0
1c4c7d198cec42d6851663421fa8eae5,video,1610077144,0,0,0
cf14d3dfec1848029ac05c6a87cac1db,video,1610077145,0,0,0
973ee45ae73f4b08a9f6b1178bc0ee71,video,1610077146,0,0,0
e55fadcead304aa8a7ac04c1e9344294,video,1610077147,0,0,0
edf09a8a56594f639f7ef4e3478eec4e,video,1610077148,0,0,0
81edf7f9214442cb81e8ffaa11d82aae,video,1610077149,0,0,0
ac7355cdc47b401ba91b5a5cde8d54e4,video,1610077150,0,0,0
ff3550d3ad124b6bb2f7906b6c0981da,video,1610077151,0,0,0
10a881ef86ce4e009258c66c3586e31f,video,1610077152,0,0,0
0d10eb72f4be46fe82a8499276d492f5,video,1610077153,0,0,0
d6236987200b4a8fada6f116a8522520,video,1610077154,0,0,0
49b78eefe7404455aa39ec35067c6171,video,1610077155,0,0,0
f07045f47e614e55be73e69b52165148,video,1610077156,0,0,0
dd0142962215425e95adb874ea3251a1,video,1610077157,0,0,0
6b124baf17624840ac9e8c2e0178fb66,video,1610077158,0,0,0
139eb71384f04e1b8baaa582e4452642,video,1610077159,0,0,0
d2bbf2d6eae64ceea46b435b397c7daa,video,1610077160,0,0,0
e521b8b54ed34149a5327b6c7cf46516,video,1610077161,0,0,0
e018e4ac424e443283edd9bec55c8662,video,1610077162,0,0,0
e8663a26ef99412db9ac2bdfcb2f04d9,video,1610077163,0,0,0
19784c6e863443a6ad56d5543783c43f,video,1610077164,0,0,0
c23d3fef4d5143bba61bc257a35de9a3,video,1610077165,0,0,0
85b88c6750aa49ea80934db12af08ed4,video,1610077166,0,0,0
df3d7a157acd4fb1b32a6dbf9bbfd391,video,1610077167,0,0,0
cf6c48978eaf428cb234ff22b1ab62df,video,1610077168,0,0,0
a4405c72d3134125a7676b25b32563db,video,1610077169,0,0,0
c78562704ad44e04b1aca8aaa98edc62,video,1610077170,0,0,0
aa8ec8ae06e54e13ab6070adb787fd59,video,1610077171,0,0,0
344f9b73b6d740208403ef4dc806186e,video,1610077172,0,0,0
7559b94815e3479f81656653dcb56404,video,1610077173,0,0,0
b58b85fbe6e349c881478f5dd96bb2f2,video,1610077174,0,0,0
a556492b6a8d4d02ad902a354a081561,video,1610077175,0,0,0
5424041d139143d2884029240b3920f7,video,1610077176,0,0,0
36609a1b9f2d40cfa1e11ba1b473f251,video,1610077177,0,0,0
0639b8888b434dd58237e3ac03b6e1b9,video,1610077178,0,0,0
2f2121b85e5a49f4bd7d4a055bd08686,video,1610077179,0,0,0
7727895a53ed4ed68b40b79fc9332a65,video,1610077180,0,0,0
692fdab97f424b0db22acde6d3abea91,video,1610077181,0,0,0
06b26f1610234f0695243fb5108fc07b,video,1610077182,0,0,0
afc0644ab19a488186fca6aac473a5ec,video,1610077183,0,0,0
0c2783d20d5b46c6a9cca3fb488ab6ff,video,1610077184,0,0,0
a9026bd85f714b7f9d97a5b19ae67ab1,video,1610077185,0,0,0
8bac988c700b4d2ca672ca7e303da037,video,1610077186,0,0,0
29d43da8cf204332a8dd614813a34647,video,1610077187,0,0,0
f4158f7a781841c88a781047aff6ac2a,video,1610077188,0,0,0
bd8b7db9d388455da49e45261db965b5,video,1610077189,0,0,0
620feb2fa51d4dd78f02897efe8d09b2,video,1610077190,0,0,0
182c8db991a34af8b80b43b2d58ca6f4,video,1610077191,0,0,0
0c8a5dbee0b54b1db60cbd9bd69680f8,video,1610077192,0,0,0
5517f7dec19a41f2a73a30728c64d5a7,video,1610077193,0,0,0
010551465bda47d8bd91d06e9fc3e777,video,1610077194,0,0,0
430d2b13ab1f4c26bf4146c0528bbb01,video,1610077195,0,0,0
b1d36bfe3276405dbb66600dab41c9bf,video,1610077196,0,0,0
f875090f73784b038714a829bc7ad47b,video,1610077197,0,0,0
fc34b91e0c904cde9c901252edc6bce9,video,1610077198,0,0,0
9c8c2c97df084e208fe6f06e2466e138,video,1610077199,0,0,0
966bf053c4f849c68cbc6b33b83c8a20,video,1610077200,0,0,0
90e32736320b4f109014144e8517c852,video,1610077201,0,0,0
b2965c5a3e834422b3e44df53d93cb49,video,1610077202,0,0,0
b2d3916c9a8e4dc3bad931b5d69aa700,video,1610077203,0,0,0
8abe6f5e33a645ed99e0525d870f5040,video,1610077204,0,0,0
17333aab369e41c5b25066b29932bb64,video,1610077205,0,0,0
ae631eba36744b789a780eb59743e906,video,1610077206,0,0,0
08d3295209484fadba68c1f150bc0238,video,1610077207,0,0,0
e1a7c05223624e18b6ab1b4342fc8e47,video,1610077208,0,0,0
24bf16ae4f2c4ea79555902e863d89c5,video,1610077209,0,0,0
14d60117b5d04589a900c5cae7128dfb,video,1610077210,0,0,0
fb2ee0f26ec7496ca7ed7b16fd908124,video,1610077211,0,0,0
6ae44b8c42184bacaf7ae8e13ee256e6,video,1610077212,0,0,0
55542ba917b9487eafbfb7bba7ce3d8a,video,1610077213,0,0,0
25582bdccabe4d298c0bceb0babd6f35,video,1610077214,0,0,0
ef4dc80da77043b3ab7e64677231aa8d,video,1610077215,0,0,0
cac100cc68d24ce7b907564826b85058,video,1610077216,0,0,0
1b5d18e004fe4ab2a474a9f3bd45056d,video,1610077217,0,0,0
01b733cefaf64ea48938ca35556119f0,video,1610077218,0,0,0
24ff94aabfb9470d80f64acd3604f96a,video,1610077219,0,0,0
0db2456dd8d64611883170c669eb8831,video,1610077220,0,0,0
df87bd8d1d12475a94d645220fc1ad13,video,1610077221,0,0,0
212237536fc7412e8c409f882340396b,video,1610077222,0,0,0
96fedfe58bb043d69a88c32170ffb265,video,1610077223,0,0,0
46a7af6fd5b24ba583b6686ee4c63673,video,1610077224,0,0,0
2d8a63f01cc74678996fa0f505f23d52,video,1610077225,0,0,0
1db578aa67f24d05b3d7f547e5bab701,video,1610077226,0,0,0
fbfdd4f331764a3bb53f4e6697820ab4,video,1610077227,0,0,0
96553b635d914463b1d4644b3855b38b,video,1610077228,0,0,0
9c435f14a86047d3820960918dbff23a,video,1610077229,0,0,0
56fd82e505e14026a44643498280b449,video,1610077230,0,0,0
99c4bcd622484601959d2577da4259e3,video,1610077231,0,0,0
2237e434829141899c6f1f414b44d23e,video,1610077232,0,0,0
b12251b53c42473cac3567466232f51f,video,1610077233,0,0,0
89fe735c6ae8476c88f1118af1c13b16,video,1610077234,0,0,0
2e359c19d75447cbbdd4c7113e251bcf,video,1610077235,0,0,0
cc6dd167bda24a06b3125a0b77aec060,video,1610077236,0,0,0
e268840d47e84ce8865b0ef37d5fca9d,video,1610077237,0,0,0
475c466a5bea40e5aa11e01b00de2e51,video,1610077238,0,0,0
270f4a2eee7e4c5793a8695c160bb09e,video,1610077239,0,0,0
477a8b62cba647528fb918173d39225b,video,1610077240,0,0,0
fdf3f1bb45624714ac07b4e84efb2aae,video,1610077241,0,0,0
ef1920d02f9d4f8d8acc61f4f0684606,video,1610077242,0,0,0
b7535ff1bd84469baddc115e1afe35a3,video,1610077243,0,0,0
a0386822ba3940cd9abc273b12a6a23e,video,1610077244,0,0,0
04df6dc80b3340218471fa74b710d862,video,1610077245,0,0,0
b5e7cb49c8cd4754ac18a2e9b8904f83,video,1610077246,0,0,0
31fcefbd932045f9b4ca2d95dbb2fe9e,video,1610077247,0,0,0
6d09f98b0d0648ec95e6b0a164775481,video,1610077248,0,0,0
fec4fb3b6b594d7ea4dc1554582788f0,video,1610077249,0,0,0
d0cb72f9ea3e4522a4d29871e1ae984b,video,1610077250,0,0,0
aa921da60e714acd8ac5d6753d276aaa,video,1610077251,0,0,0
d5092094856e4b7bb3014750af845bc0,video,1610077252,0,0,0
730ed65c79b844129c6f2df654b12ca2,video,1610077253,0,0,0
29b18dd0eadf4856852f3f9c3999769f,video,1610077254,0,0,0
fe62602542a44bcd83e834fab6bd8235,video,1610077255,0,0,0
bc7fd8a728704d5c8030e693506db266,video,1610077256,0,0,0
dc0abef573f24f77875daea77760266b,video,1610077257,0,0,0
26234f6cf45d4b9696a98b49baf9d207,video,1610077258,0,0,0
cd37a51ac65d45af9f8222910e9ace18,video,1610077259,0,0,0
bf1aa2d8864e4e06bdb2ad8a54ad3409,video,1610077260,0,0,0
525318216e5a4f899c053bdcc735c580,video,1610077261,0,0,0
e8d8f96ad409428b905366e04de7d17e,video,1610077262,0,0,0
24db6951448c4e7a9e6d84f668dd4bbb,video,1610077263,0,0,0
f00131ce0f854eb4993636902d53edb1,video,1610077264,0,0,0
edcefef5a0fe4e32a9a4aaeaa7706864,video,1610077265,0,0,0
4e129c45e1674524a3419a5a465eaeaf,video,1610077266,0,0,0
8586fc94e1ec49b8bd81fb03b90b29de,video,1610077267,0,0,0
a94eefa4a27d4db783ec261295a357ca,video,1610077268,0,0,0
8b64743c6a0844b186ecbc74ccc3353f,video,1610077269,0,0,0
cfe1c5a2c2444a9191f79135f94a7e30,video,1610077270,0,0,0
a68a984c5b6a454fa6fb2fc23f838e01,video,1610077271,0,0,0
2f57f9c5fc5d4227be2a9ef6c07c5db0,video,1610077272,0,0,0
9bea4d84e7bd4936ba663d077e76c351,video,1610077273,0,0,0
461a32120b5a47df9905b4e2a33b3030,video,1610077274,0,0,0
ac6a11f7b9324f98b67d2541ed7da2b7,video,1610077275,0,0,0
bb08eb036ad04266a76144053b11176f,video,1610077276,0,0,0
198d92a84c38456d945c3c3fe9b5f9b0,video,1610077277,0,0,0
024bae83584d4ef2a577d9fd1280bbd8,video,1610077278,0,0,0
e9b123bb740f4bfe9991fb4fe652aef3,video,1610077279,0,0,0
eac4549f5c824e0995c8d083869e13da,video,1610077280,0,0,0
8b8a747099274f8aa205e772495dd2e7,video,1610077281,0,0,0
d7c66ca8260c48978b7cd3227c7e27aa,video,1610077282,0,0,0
f20b911cebbd484a8364a8e31df62442,video,1610077283,0,0,0
068b375d0ddb4ec28411dc02f89cdb52,video,1610077284,0,0,0
5ee87ac571354d08b15a879b2d366b7c,video,1610077285,0,0,0
400fbdcf9b244e98a5029a924c72e078,video,1610077286,0,0,0
6f2217d5ddab4253be4b8250afad8c89,video,1610077287,0,0,0
fb2a6ad1c83145489ef8577cded9402e,video,1610077288,0,0,0
aca71d0e7cd14c47bf9f3a86209d35ac,video,1610077289,0,0,0
db490b9f6cd94e229273f526a30c64ef,video,1610077290,0,0,0
579aadc1bc894468955196b8a91b52aa,video,1610077291,0,0,0
5072f2b0ee944865bc0903f8644ef6a3,video,1610077292,0,0,0
3e668869f9d245d28baddc0b62a48754,video,1610077293,0,0,0
71d4f9c5bd8e4198ac3e9188f6eec8d1,video,1610077294,0,0,0
f9cd3bc09cf34df39d02f721b49c1c86,video,1610077295,0,0,0
d28f919faf0749c0a97fa0aa3c22827e,video,1610077296,0,0,0
446f53d01678462ab8a6ce3ed9c98a5a,video,1610077297,0,0,0
cd17e2048bfc490ab846a9f9c681c04d,video,1610077298,0,0,0
b7bc44428b5643bd9bbcf13cd7f954e8,video,1610077299,0,0,0
469852b6bb98415ea903b64ca871003a,video,1610077300,0,0,0
994610c63fff4442b24b363a34dbb892,video,1610077301,0,0,0
4b3167dfc82342b29ef9f31f926d2893,video,1610077303,0,0,0
bb41b5240c444d2b8b742c05894463fc,video,1610077304,0,0,0
4b01707256c043688e2e944c27d12ff4,video,1610077305,0,0,0
73bac8956f674fc8ad47f0dbcd926061,video,1610077306,0,0,0
323edbe25c7443dca27fef28f3512af6,video,1610077307,0,0,0
4c247b88fdbf46b48186fe1cc5626e8f,video,1610077308,0,0,0
42c29dd8d53041a6a3e09d1f19816701,video,1610077309,0,0,0
71f4475610e146d895d57339fb64246c,video,1610077310,0,0,0
78b6c64ccdcb4abba29043aeb170f629,video,1610077311,0,0,0
1ad1ff0eaec24cdaa05be4f0fa70e65a,video,1610077312,0,0,0
dc7fe044371c4249abd182136b63c60e,video,1610077313,0,0,0
d150591fa3684b45b4e5ad8f479c63e8,video,1610077314,0,0,0
68e07e65b7b44141b9f7f9808e4654a2,video,1610077315,0,0,0
42642ec9d70f42d188ee36b5df23f7f0,video,1610077316,0,0,0
c09087e8d33f4ccc84448c8c076302f7,video,1610077317,0,0,0
6b64906fa7c64db29be4a43948a7d3e0,video,1610077318,0,0,0
d23c4e049aa14348987d58d057f02855,video,1610077319,0,0,0
eaf6bea521be49e5837c1b1e8e2af0ee,video,1610077320,0,0,0
69e50079569b40a7b1527ddaaa3b9c97,video,1610077321,0,0,0
1d717903c69d4dad8f4da707ae9c579e,video,1610077322,0,0,0
57bbf46beac84f29a32f46bf3f47a4b9,video,1610077323,0,0,0
1c44665d68824bd3a8cc0754a0d8f502,video,1610077324,0,0,0
82e6cbca682b4ccdbe19750c1c8dda98,video,1610077325,0,0,0
4a5aa9daf68b4eae9733771f845c8eea,video,1610077326,0,0,0
47f823f994a54b289dfcc6f74b328098,video,1610077327,0,0,0
25a1f59b8e2c4f2d8fdde603c7e96d6a,video,1610077328,0,0,0
55ec72980b9f4b6ea8669975e0983379,video,1610077329,0,0,0
432b7a8e31e24427b34e6d868ecc92e1,video,1610077330,0,0,0
9d2ce00e95c54cd3bfa92935111d1d2a,video,1610077331,0,0,0
e870fb62fd17419f8ef6657af2a64d59,video,1610077332,0,0,0
ffe245b84b9a4902b8efaab0e8144266,video,1610077333,0,0,0
e2120724d8a141aaae99d6c1824bea45,video,1610077334,0,0,0
5bc430574e9345adaef3fbf3b69bcb67,video,1610077335,0,0,0
e7555998e11d4bedbdf855687500a3a4,video,1610077336,0,0,0
54975cf3d21d488d9a586a09c796df42,video,1610077337,0,0,0
3e9b91c44b6f4df385d6e019722206be,video,1610077338,0,0,0
00a16d40a4024869864ced0afb8b0d17,video,1610077339,0,0,0
a6c2e0d214cf46d7a3b4f0b5db62c6ac,video,1610077340,0,0,0
13b32681cb20415985378a4789ed9ecb,video,1610077341,0,0,0
5c3cd67eb0594b819518505d7e278786,video,1610077342,0,0,0
eb38fd8083f64d68a45327dc3bb57005,video,1610077343,0,0,0
bd788595af7946d7a38b0fd77a0c26d4,video,1610077344,0,0,0
e0211f5bd17b4ea499863b4fd47d1363,video,1610077345,0,0,0
3ddb75f8da8b4e30922d5ed378d3eae3,video,1610077346,0,0,0
d53e49449dc74904b362d7b6da4715ce,video,1610077347,0,0,0
1b2b2ca770544baca994bb2eee79872a,video,1610077348,0,0,0
44d1d8cae66846e687b6ece20bae206d,video,1610077349,0,0,0
3cd16e2bf6ad485aa1802d72bddcec93,video,1610077350,0,0,0
48a7e9a0a7c1421b98ce0713609510ce,video,1610077351,0,0,0
3037575dd1b04237a35b727303a60a60,video,1610077352,0,0,0
3171cd8d4c1f418883da535bced8cc23,video,1610077353,0,0,0
a97bc69b68814afd92fbcc01e0d9a98f,video,1610077354,0,0,0
45c883f3b41544bbb3f8ecff6ca584d1,video,1610077355,0,0,0
e963c728299d4486ace8a34beab2cfd8,video,1610077356,0,0,0
8be59fe9a39b41da9013395426a1747b,video,1610077357,0,0,0
9733cb046fc74e9f88ccf1d6b11ab86f,video,1610077358,0,0,0
02f9169be1e14ecabbf0e16eab685b09,video,1610077359,0,0,0
a064ec503544450ba5c2c2ddb6d9262a,video,1610077360,0,0,0
d069e2c7960d4765b78be7071e9c61c5,video,1610077361,0,0,0
a87b838fc1544b92beb4ca5e1154ad5e,video,1610077362,0,0,0
3f490036821b42a68f09ffa1fd73521c,video,1610077363,0,0,0
e2c394ef2ddc4033a00933c4bcd406c8,video,1610077364,0,0,0
e5ea5aec1ac64446ad6517a211778255,video,1610077365,0,0,0
c282a80a69ec4eabbc09cf9aefb5ab47,video,1610077366,0,0,0
487f640867144e0b850e82503c29bead,video,1610077367,0,0,0
4cdddca68b00469ba9bf44ff7695f83b,video,1610077368,0,0,0
f03624b7a98d4755b6a9f80bc18b6739,video,1610077369,0,0,0
222e823667e0408c8694e6c53f69e3a3,video,1610077370,0,0,0
57aa2e24dd4a462abc1a4357f36503cd,video,1610077371,0,0,0
d20f11a49ea944aabb8a1644863b4505,video,1610077372,0,0,0
6740b40a9aee4092bf32eb8c32cfc125,video,1610077373,0,0,0
f476d86a9fcd457e85058794f748c588,video,1610077374,0,0,0
13e8c7f4d0124189a9f9535b701562ae,video,1610077375,0,0,0
3f7dce38f12144f4bcf826fa91121216,video,1610077376,0,0,0
4d6618c8653240048f827e68bd935fd4,video,1610077377,0,0,0
d19db7afa22c49bd89202f8d7c77d1d1,video,1610077378,0,0,0
1dc1602a13f34f1eabdd151d9a71f2b9,video,1610077379,0,0,0
3769d4387b5042deb7b4dee72f457708,video,1610077380,0,0,0
d21c99997dab4ee1aeb0ff8f650efac4,video,1610077381,0,0,0
3e428c2e91cb432ea13d7c4c6a5e6108,video,1610077382,0,0,0
c1354b89d08340d0bd9dbb60666e79bf,video,1610077383,0,0,0
643cc43d0dd64dffbe8329cf0a539400,video,1610077384,0,0,0
c26f3b7cc7704e79a765503604ed8968,video,1610077385,0,0,0
2d505a9e8ec54c55a6a9f510b3b7740a,video,1610077386,0,0,0
74df198275db4c0b98cba65ca36e0923,video,1610077387,0,0,0
db5af39da6934bbdace1cd7c1696bbe3,video,1610077388,0,0,0
1766bab79a9c4867b80cdb742fb34021,video,1610077389,0,0,0
587124cf34954ba78f9e5d9d3814e5ab,video,1610077390,0,0,0
d94f358eaef645479cffb7c0bada112f,video,1610077391,0,0,0
7035612912c94a6db2be0f96ca74606c,video,1610077392,0,0,0
361bf5797e93405d8f3ea247519b81e5,video,1610077393,0,0,0
c7b4cb450a0c4b63b8a1f783a41e4ec8,video,1610077394,0,0,0
f54a32ef6b2d48d0bd30b996cf7775c7,video,1610077395,0,0,0
83089fb1c4834c63b138ce66aee6c7fc,video,1610077396,0,0,0
910f2b04220f4d7fa19166fd1780dde3,video,1610077397,0,0,0
4cb37a3db50d48c6989159882f89ace0,video,1610077398,0,0,0
b902f11f6ba74f0cbeb15142aec415a7,video,1610077399,0,0,0
f39f1b9f48a4424083164f6aa9cd474a,video,1610077400,0,0,0
de1d995ca8704a8a8ad5d63b51e4984c,video,1610077401,0,0,0
841fe5b732e84d9399dd457b50d8602f,video,1610077402,0,0,0
839c88662b7c43ff93a47e403589b660,video,1610077403,0,0,0
d20ce7cb08a04d058123012ee50b5973,video,1610077404,0,0,0
c6dd433b42e74c4f88e3424034050987,video,1610077405,0,0,0
51063c83365c4ab8b0987dccb6ff2de6,video,1610077406,0,0,0
ad1268b6950b4c499f7bca154e38fa37,video,1610077407,0,0,0
c9d5d2475aa14f90a6587d2d54a7d0ec,video,1610077408,0,0,0
abc6a68f53f947bb8a5fe4b25d48953a,video,1610077409,0,0,0
46c746bbb48a4173b7cfa65729e68482,video,1610077410,0,0,0
043b3d3926614d8c89b1752505e2de82,video,1610077411,0,0,0
ae1353e3dddb493aa0740bf34c39f315,video,1610077412,0,0,0
3b883e92ad644351b191c6e9d61e0842,video,1610077413,0,0,0
c65a612464654fea8b9092c5e596657c,video,1610077414,0,0,0
540feee53c62438e9f3e7976c28fe90a,video,1610077415,0,0,0
e97f0fd634b04ef8ae36a67c06df34d2,video,1610077416,0,0,0
35cbb942c8e44e1180e6c8736d1e304c,video,1610077417,0,0,0
09887ce49f19444b98113d2d5814afab,video,1610077418,0,0,0
2fcbd49a28034c88a298fb322e6e7e87,video,1610077419,0,0,0
930da98717484322815a4314e3bd9528,video,1610077420,0,0,0
0aac0f5d0e344b4c93882b4534d8fcd1,video,1610077421,0,0,0
4eb6a8c651164ae2b202866530afa0c4,video,1610077422,0,0,0
aa0e4f441cac453b8d2c314f320cb1f0,video,1610077423,0,0,0
7df5b869d81946f6bf079ee3ba4373a9,video,1610077424,0,0,0
fc4eab237baa40fa96a604e217070c30,video,1610077425,0,0,0
52d2a7cf14d74c3b99f7187a6a164fdd,video,1610077426,0,0,0
602215f7a2dd47cf8389b307fb5d3d6c,video,1610077427,0,0,0
965a89572baf4f1fb0fcbea42c9e9597,video,1610077428,0,0,0
9497b5364f3a4022b2f0f7b560151d2d,video,1610077429,0,0,0
662d23e8634d401fb14f6f5eb996a3e5,video,1610077430,0,0,0
c66725fe9e8246758419b53d179de748,video,1610077431,0,0,0
dfb806ceec174fcda30d6dac47cc826b,video,1610077432,0,0,0
fc5277848d2c4bf6ad1ebe588cc73f36,video,1610077433,0,0,0
6a029e15311246dd8af9c81263ef95da,video,1610077434,0,0,0
491ad49864264afc92094fbcc7dd90a2,video,1610077435,0,0,0
3b072693f7b64c77b12dda458d555e93,video,1610077436,0,0,0
3424bb2cb1384fa5837ea36690b40fcc,video,1610077437,0,0,0
b7fe92d2b3cf434bb7981d69699f3340,video,1610077438,0,0,0
9f36c36ac2c2487982c7787bb8714426,video,1610077439,0,0,0
17456b6a333d4f7386c7e4a7c534f71e,video,1610077440,0,0,0
dfadcb9fa75144a18653cdf2571fcc1f,video,1610077441,0,0,0
9aed7aa307a04bfcae56244139415da3,video,1610077442,0,0,0
999445b750e645ab8fc5f372701b11a4,video,1610077443,0,0,0
8099683c589a4fa39ede2f504fe0c685,video,1610077444,0,0,0
8d8ebd00c4b544bca3a022370abe0313,video,1610077445,0,0,0
0aedc6fed31f4b7da80778a40b922ef1,video,1610077446,0,0,0
0d023aa1360f4552b8d9bdfab3e92b94,video,1610077447,0,0,0
7aef25a8ed4e4681b2da7a23c86c020b,video,1610077448,0,0,0
f5b3d9a01dd446b8aee27341c3711470,video,1610077449,0,0,0
a72977447fc74d819ca8afa3230f7585,video,1610077450,0,0,0
9130b173573844e2ae3da9d9effc3940,video,1610077451,0,0,0
bbfc5cbd89d6482c8ffd7cd483d42045,video,1610077452,0,0,0
75b5c3c5efb34a56ab95f8e8f0670724,video,1610077453,0,0,0
7bf9b5f9c794405cbea83a889bdf3c26,video,1610077454,0,0,0
9870710ff22044e08a697423f8b821b2,video,1610077455,0,0,0
87c176bbb6fe428baf0a53cca2310e31,video,1610077456,0,0,0
a248cf65edd44012a63bbd3d67b27267,video,1610077457,0,0,0
6a65c5f9baa944c7aadd650999bf7e2a,video,1610077458,0,0,0
e250b2ecbf134b478e1f6564ac9833b6,video,1610077459,0,0,0
2d9b0ad4efbd419196903f561c07b836,video,1610077460,0,0,0
018885415cc64f66978f682d4148a220,video,1610077461,0,0,0
9dc7014390224252b2d30ba6e0ed883a,video,1610077462,0,0,0
88831c5584734e13bf7fa3d4a36e59bb,video,1610077463,0,0,0
0d07a03e729f49628561c4b1f50c7815,video,1610077464,0,0,0
b7baa234df464c73be9963b2b415f395,video,1610077465,0,0,0
4faea34eb41c4d26b00fcacb8bdf0c76,video,1610077466,0,0,0
9d59f7dccc9f4604ba71a3745fd29323,video,1610077467,0,0,0
2c77faa9943a4481b39beedf1173db01,video,1610077468,0,0,0
0507de97373c445087600982408c9893,video,1610077469,0,0,0
541c3b7fdcff4224acdc296aac67ffb9,video,1610077470,0,0,0
02302d8923e648eabf9e0cbf937d3c56,video,1610077471,0,0,0
d785a45e1aec4d5ba9762b8a716d643f,video,1610077472,1,0,0
16e74b86df194e00b94103e65cfb7fd6,video,1610077473,2,0,0
632039c10c6743eea324d030767d990c,video,1610077474,2,0,0
1134e306b8324b90bd88ec56aa36e2e0,video,1610077475,2,0,0
a76b78cceb964af3a43769a6cfb04595,video,1610077476,2,0,0
eaaf94ba9bfb4d5b81604a77027ba371,video,1610077477,2,0,0
7ce3870a6e6d4e138731b1cbbee7dc1a,video,1610077478,2,0,0
c2f8015009274c358b934b57a7249f17,video,1610077479,2,0,0
299da254427a4cb6bdf0897821880c60,video,1610077480,2,0,0
8db22942f1e14c0bbe61fb6f474fe54e,video,1610077481,2,0,0
6136768cce314c6894de4876328662c7,video,1610077482,2,0,0
bba79785ca41432dae81926471842baf,video,1610077483,2,0,0
9ebcedf21753415e9fb90db4fb558c4a,video,1610077484,2,0,0
20dcb27a42df4a99a7ac361bc50c604c,video,1610077485,2,0,0
4a7866ad15d748868d5bc43feb551a7e,video,1610077486,2,0,0
88372ecbba8e40af9f70dd74a30865c1,video,1610077487,2,0,0
1b7c724b53d8491981754924a0011a28,video,1610077488,2,0,0
b11edd87a2d14092bcd0762cd88e4042,video,1610077489,2,0,0
c6183dc5480d4db281be8dc6b72bfb61,video,1610077490,2,0,0
f68039eb9313441ca7eeb033689c0f41,video,1610077491,2,0,0
d51d06eee26e42e58994619fccddb02f,video,1610077492,2,0,0
d0623e3e03c041cf9f145a4986aa6792,video,1610077493,2,0,0
5a54ededd4b84ae395be9055599d839c,video,1610077494,2,0,0
e0a5754e33ca4eb1b473dee92efa3852,video,1610077495,2,0,0
ebc3478aba9c42a3bf7c2954a00e7aa0,video,1610077496,2,0,0
73ed3bee3f604e51a046c1f03ae5e98f,video,1610077497,2,0,0
fe97df9a804b4250a69542b6201732db,video,1610077498,2,0,0
8b0999d22e6d424f8537893bcb2dadfd,video,1610077499,2,0,0
078284a100404c7290254b4f9f3ac328,video,1610077500,2,0,0
cfa1eebda9c842eda06cb0f1ff7e9e9f,video,1610077501,2,0,0
b54399ceef76481cac59f962d85c4bc7,video,1610077502,2,0,0
cb86c7ad443c4868b226995e91db53a1,video,1610077503,2,0,0
1a954bb90d354e04ba962c1bc4c9b6c3,video,1610077504,2,0,0
d7e8ce13eb6b4af897b264ff2bf7387f,video,1610077505,2,0,0
a408dde6083c4f4b872b682a1f075ef5,video,1610077506,2,0,0
1e5078375a3444d48728278cf7a09b0f,video,1610077507,1,0,0
3f47ccdcb0034c29b962bb68107d2542,video,1610077508,1,0,0
0210cf2ce3a84ce4bf6ad233366e8963,video,1610077509,1,0,0
2a71f33771e04dff956d48ea4de27cf9,video,1610077510,1,0,0
afabb419ebd44b76801655ab9372e89e,video,1610077511,1,0,0
62c15da20ca4481dbc24fe1aba9ecd99,video,1610077512,1,0,0
7a1dac5064124fa8936fab5c4c62a189,video,1610077513,1,0,0
894c89c35e2e470aa822d2cf1b5824ec,video,1610077514,1,0,0
a0332a60cbc34fc8ab7fced689674c14,video,1610077515,1,0,0
0a60ba27940343499fabf9bedda0f6ff,video,1610077516,1,0,0
00a37e3c180f4d99b88003aa0d86e4bc,video,1610077517,1,0,0
bbbc9062a50c4aab930921aea1fcc85d,video,1610077518,1,0,0
a2d988b968c7424c931cf1b18f443d1b,video,1610077519,1,0,0
068ea3764b6f4ff89dc3cb24dc55f54b,video,1610077520,1,0,0
038e555b54b54ba9b058faacac7f5e58,video,1610077521,1,0,0
dfaf49e6adc04cceabade6e7c426b6f9,video,1610077522,1,0,0
836c78f0ea544b28ae3807d7cab99a96,video,1610077523,1,0,0
d0206f9294944be593cb8754130d5c7d,video,1610077524,1,0,0
14c275e455514d5892e0f523686e507f,video,1610077525,1,0,0
b442087c10da4d92bae387d713677253,video,1610077526,1,0,0
ff68df4ec66a472386f22d28eb2b43d4,video,1610077527,1,0,0
2f5226c8907e4a3a87345f75630c658b,video,1610077528,1,0,0
a768c9b0f0aa4e46a89eb59d75428d4d,video,1610077529,1,0,0
a5ba4aa30a014172a14332d0836127f1,video,1610077530,1,0,0
6dac9a9ba25d412ab3d4c7695dcfff3d,video,1610077531,1,0,0
7429c24da2144b10b049dc4050298d52,video,1610077532,1,0,0
020a372c4af241c19009c144a2439767,video,1610077533,1,0,0
97d392aa6f5940b4b340a65d1f4acc03,video,1610077534,1,0,0
dec365b1743d48f0afde9459c6089261,video,1610077535,0,0,0
f4e753e35be34ea89039cb72809c26a0,video,1610077536,1,0,0
9fd840e198af404196b4dd6512608220,video,1610077537,1,0,0
d794e7da4082406b9875d34d6a8706a2,video,1610077538,2,0,0
ccd55a9476f24cfdb001a2a298f64de1,video,1610077539,3,0,0
e2e360696d9441e49cbf44094499e0ee,video,1610077540,4,0,0
68efcbb5d3624f64b39c741d3e3a9419,video,1610077541,5,0,0
61b1f3643cbf4550aaebd9e0fdc212a5,video,1610077542,5,0,0
a197d7ca1a0c4e9f992dbebea6b13af9,video,1610077543,5,0,0
b671e224b0d54810aec55eb74bcd133a,video,1610077544,5,0,0
d0da6fad7bf84f3db1a76839a760f5d0,video,1610077545,5,0,0
c1f31f100916429a92b863c603ba61fc,video,1610077546,5,0,0
ada35a496103456fac672161536f7f04,video,1610077547,5,0,0
7790ff5725194a9aa654bdd5fae23ff4,video,1610077548,5,0,0
f1790af29efa4e28bfeac8cc66655925,video,1610077549,5,0,0
184118c9ecfc43e1aa63e8398a06de58,video,1610077550,5,0,0
e362d25d24e34fd4867967bd716b5951,video,1610077551,5,0,0
d211b6c86deb4c348d9cd80ae88d9838,video,1610077552,5,0,0
e9e9190511734eb284dfc3230cdfa5e5,video,1610077553,5,0,0
75cc54cefb494689ac1d6453966961d2,video,1610077554,5,0,0
429932a918554c5a80c622d20be5d952,video,1610077555,5,0,0
0c2ae625950f4f25a9d5c8e78d8aa4aa,video,1610077556,5,0,0
4ba929431bc14cf5920825513a5ca564,video,1610077557,5,0,0
4788a5df12a94022af3bfdb62b210127,video,1610077558,5,0,0
e32092cf123947a5bbce18deab13f69b,video,1610077559,5,0,0
1568cc3bc8564d9aa848c745c4ad2787,video,1610077560,5,0,0
793b4ef18ce44d3fa8ab481f36a74ce5,video,1610077561,5,0,0
23721dd4c18e44458d8dbc40c875f5f7,video,1610077562,5,0,0
c51ba0ddab934c1191cb6aa0f56b52a5,video,1610077563,5,0,0
d6b9f978af2941a992cb1bb63ef4a6d6,video,1610077564,5,0,0
bd24b9c990ec4d43af40a2cea320c564,video,1610077565,5,0,0
4e91a4d691714c5586cf49222480969e,video,1610077566,5,0,0
561cb8f3ceb346bf959cde14160917af,video,1610077567,5,0,0
0164969d8a864e2780267b1fc6468854,video,1610077568,5,0,0
cf50e2afe2104501a7b848e67c8346ed,video,1610077569,5,0,0
4536fe40487648dbb486294d612631fb,video,1610077570,5,0,0
38c9045f5a4444d2947fa532cca0c5bc,video,1610077571,5,0,0
78ae0debf20b4ff0be5998ab8f5c4f0b,video,1610077572,5,0,0
995a9cc0655d4218a6202badb75c0ba7,video,1610077573,4,0,0
0264e4a990c24430ab5221227f5c3a4b,video,1610077574,4,0,0
728a335861474f529188d4ef23f5b5b4,video,1610077575,3,0,0
2de81692be144bc48341d56570c8665b,video,1610077576,3,0,0
109ae309c6b84c1e9359c59cf24925c6,video,1610077577,3,0,0
30bce51d05be4e4eae4ab7b12167a911,video,1610077578,3,0,0
c82766d30d064c4ebda1c7e360ac78f5,video,1610077579,3,0,0
3b6b15376d6b48f68a26d2fd950a149c,video,1610077580,3,0,0
c8677145857a420eb61bc754b6783f03,video,1610077581,3,0,0
068145a7cc3d467885e6c25ab9001ce5,video,1610077582,3,0,0
715fb5551ded42a49abc1e20b8842b29,video,1610077583,3,0,0
62512d82d66e46b9b33dfdedbab32c03,video,1610077584,3,0,0
63a4ac3c8b4148068df7723337ecf4ee,video,1610077585,3,0,0
bb2bf6220b5c4b81a4ee1d931997e710,video,1610077586,3,0,0
03dc62d5567a4fc989eb272cbab6284f,video,1610077587,3,0,0
761ec488b31c425f924e3a69233f7983,video,1610077588,3,0,0
04e1381ea11447fea40137e3ee995107,video,1610077589,2,0,0
eef82f4c09ca48cfada7eb1c71030c94,video,1610077590,2,0,0
c7134d656d784b37a8dd3f991b3cc6a0,video,1610077591,2,0,0
b749bd54f5cc46909c58e212afc2ae65,video,1610077592,2,0,0
cb7365b2e9eb432bb124b7367a50e8c9,video,1610077593,2,0,0
f56d3558acad4c6583df325cc7b85845,video,1610077594,2,0,0
243ad01dc19a4733ab8be211e8772cc0,video,1610077595,2,0,0
627b568ea1904d3899e2a5a8c5d48969,video,1610077596,2,0,0
311ec39d16d346dda644b78b487a2262,video,1610077597,2,0,0
53f051c6df60442c825386845ef92df2,video,1610077598,2,0,0
ad5ee0f6cbe24594b6e1466a2408cfb1,video,1610077599,2,0,0
fe975f6a94f74bd786955472180f9e0e,video,1610077600,2,0,0
106605cbda6640049ac23fdc82af7cb2,video,1610077601,2,0,0
2d51cac321534fd0925a2c6f2f63a607,video,1610077602,2,0,0
48bd597dd7c34dac90632c1a57f8a256,video,1610077603,2,0,0
7e72a10cbee6477aa03e37ca0de70e02,video,1610077604,2,0,0
9f2a063fceca4a22a7d0535e16660a98,video,1610077605,2,0,0
6aaba1c119274c6d91f7b5ecd9311709,video,1610077606,2,0,0
1d723812c36d4b9fac252c206491bb59,video,1610077607,2,0,0
ce36ae3da2da4f35bc645be992e6a4b8,video,1610077608,2,0,0
eb4d21087cd5431eaf476ec0afebc2ec,video,1610077609,2,0,0
93613df0958f49c8a7252c1fde4b3c0f,video,1610077610,2,0,0
4ee5ec8ac9ba43b2b59b46a033f89899,video,1610077611,2,0,0
21708a41186447708ce8168bb66fcf7f,video,1610077612,2,0,0
b1878ba20e8b4277b816004a0b5ff00d,video,1610077613,2,0,0
3c6a71469f7f4a9a8ef3e8cf01427121,video,1610077614,2,0,0
942076a2bed2409eac25820774476e34,video,1610077615,2,0,0
bfa6e1e32074400d8ae1683fbd737eb2,video,1610077616,2,0,0
846362b2e86b4bdc9bf8461954ce9293,video,1610077617,2,0,0
ffdcfbd4fba047598685c158c0f864e5,video,1610077618,2,0,0
f13e15209be647ec843d316ba114583b,video,1610077619,2,0,0
7928f7da8b5a40549a52a38e131c7a8f,video,1610077620,2,0,0
e5f010f70cdb46b2a12181f93d5914d4,video,1610077621,2,0,0
b6ce6f8197ea485080e9ea97381ed585,video,1610077622,2,0,0
a0d2eb6efd8a4c1795397f205e5d9a08,video,1610077623,1,0,0
1368cca952df42a2937324697dd00a5c,video,1610077624,1,0,0
b4d7b91e91e94cba8bdba32f097c2d74,video,1610077625,1,0,0
25794da0f1664e1d9ed942258ae66d88,video,1610077626,1,0,0
8849e5a397284c1b9786543a62be0260,video,1610077627,1,0,0
c9ff338eb4fc428ca4a84f2a075c8bd8,video,1610077628,1,0,0
379927f0b21b41eb91acac32f6b805e0,video,1610077629,1,0,0
0c20e21be49c4a5eb01ffb7f0e47f2b0,video,1610077630,1,0,0
8f3b43a3a66d4cd1932ed4d7220d51e6,video,1610077631,2,0,0
ccccd20a71754cf594bda1e9b6bdd0e4,video,1610077632,2,0,0
5b13d1e4cfe944578255953ad98d66dc,video,1610077633,2,0,0
451180a57d9c49a88a50a28cad20bf20,video,1610077634,2,0,0
e6e38220f00141dcb56db894d9e38e73,video,1610077635,2,0,0
8d8224dda8ee4f74bfb1e53606d3573f,video,1610077636,2,0,0
b1263d216cd542cd92c8ec35d455b8de,video,1610077637,2,0,0
90e6e935acc64700b061dd1d071749d4,video,1610077638,2,0,0
e9ea840ef09c45a29979c76521014f57,video,1610077639,2,0,0
045d0943badf4974b2791cb30bdde129,video,1610077640,2,0,0
6b6024dab4e3481bad5262fe6c707bae,video,1610077641,2,0,0
baf017096e0847339245deb25c6bc4f2,video,1610077642,2,0,0
bdd7127970754d6688fb435aa0453e57,video,1610077643,2,0,0
4c2ce0809ebb46748aed59fab3a4b1e6,video,1610077644,2,0,0
c18f1e9901e942dfa411ab2575586d14,video,1610077645,2,0,0
a0383d55410840bb8f8e3667d956779d,video,1610077646,2,0,0
aa05b0d8070f47da9138f51fbf17b96d,video,1610077647,2,0,0
d1db0beb1aa04525a49ff1cdde8eefc9,video,1610077648,2,0,0
0a0d2c8893e14e25af0603113b1197f4,video,1610077649,2,0,0
33d867c85c0443c180f75a8a63dcf055,video,1610077650,2,0,0
ba9f72f0d57d466695cfcf98d4b20daa,video,1610077651,2,0,0
4fe91c19586f41b9b6a3a9deed572322,video,1610077652,2,0,0
9ca43526ebb247ddaba84b4dc50ce554,video,1610077653,2,0,0
573a7428d85e4b209f5b809be8c53497,video,1610077654,2,0,0
e54227b429b6497396d6b0d8fc90eda5,video,1610077655,2,0,0
335412b8d1914210b8b06b3dfdd36993,video,1610077656,2,0,0
d433f433f210478aaf250d8d82336469,video,1610077657,2,0,0
4c499f38e7ca4f7cb5a09e3d59d39032,video,1610077658,2,0,0
f49cfab7f24340c9aa56885d946c7b24,video,1610077659,2,0,0
901b6d9260c4470ead59b26a9519d7a2,video,1610077660,2,0,0
43a6cc5abd2a4600a1fbacb7157b36b7,video,1610077661,2,0,0
55904fd0bffc41c7bdfd05250dcce4db,video,1610077662,2,0,0
192f458b7d274879b5108cff94e47c6f,video,1610077663,2,0,0
3de2c1a375c8435aa30cc859443f8369,video,1610077664,2,0,0
297cb2c383d04f0ca41ae8586c0c50e6,video,1610077665,2,0,0
afd05c91e4a6482bba953451329ea4f6,video,1610077666,2,0,0
739dd26b3e184521b2d1686cc8c1f288,video,1610077667,2,0,0
30d157c41590435997e3caeaffcc4633,video,1610077668,2,0,0
397133ed65bd4c4a8643d785e3bac67a,video,1610077669,2,0,0
727d60fbac194293a8eea96d03409a1b,video,1610077670,2,0,0
fbf2a32b44f44a5692e2862d2eb1fdb2,video,1610077671,2,0,0
f0717869b560455589114df41929a17a,video,1610077672,2,0,0
7ed80714d9014e959109718bedf959cc,video,1610077673,2,0,0
5f181de933d24f119b1122886f4d6aee,video,1610077674,2,0,0
531b9ee44f364369bc4f09933dcad20b,video,1610077675,2,0,0
feb1a065a5e7417bb545fc07bf7eab77,video,1610077676,2,0,0
43239104c20c497abe09dda98ca6e3e6,video,1610077677,2,0,0
e109ef8b77b5453a895db9edce536726,video,1610077678,2,0,0
c2584436bed04aad9a24d0f2dab12aa5,video,1610077679,2,0,0
89dd0298f47346868cc5b8f9d813a094,video,1610077680,2,0,0
c66b721c694e4ada92552b5f2b81df65,video,1610077681,2,0,0
33d38ec485114f7b921f8f40a1050d2a,video,1610077682,2,0,0
6b76b51203b54b92bf5c7834949897e8,video,1610077683,2,0,0
ae90873e251a4e10837a8179d68898b0,video,1610077684,2,0,0
7823579921d44eb4bbf8ec2bf294c8ef,video,1610077685,2,0,0
292c29be04ce42108603e6aa1c367fcd,video,1610077686,2,0,0
371dddc4723c446e87210936fb4715ab,video,1610077687,2,0,0
d2b32b9f3f3846aaaf20fa773a761b4d,video,1610077688,2,0,0
9722562690f145c797cc341f051c0747,video,1610077689,2,0,0
7a1e9c3c14934f6bb549f0048d3b7634,video,1610077690,2,0,0
cd6162515c594bc0a82a73ee837f8bbc,video,1610077691,2,0,0
e9a134c606694935a3ad61c0f915a258,video,1610077692,2,0,0
369e00922a304d43b493adca762db51b,video,1610077693,2,0,0
043570cff5cd471ca05ca2378778b4e8,video,1610077694,2,0,0
16d4b462bee1473bb8170c3e78d98e62,video,1610077695,2,0,0
e8a07a805ea44830a848cb5125f0b8f9,video,1610077696,2,0,0
04bf2ce4059f42e393c08cf65c82adaa,video,1610077697,2,0,0
099e65ff85c94a5ca19d6cceeebd4fed,video,1610077698,2,0,0
f9305d22a16044998481a16581e2bd47,video,1610077699,2,0,0
444ace67b5784b1fb61f5d6a16d38585,video,1610077700,2,0,0
bd36d5d086b9431f875a70b2f5de06d1,video,1610077701,2,0,0
dafc43dda29b4fa3ac5f74cb5de98d4f,video,1610077702,2,0,0
dbbdd468f9d143cf997f8885b149f97b,video,1610077703,2,0,0
6652c56e00cc4af491e320d2f14f8e20,video,1610077704,2,0,0
738aadd28591412d822d6b0daed000aa,video,1610077705,2,0,0
0c7415f44aea478091d0d146288a6107,video,1610077706,2,0,0
2bdefac35c824184aa1a573bb5bda891,video,1610077707,2,0,0
62e5726fde584c5290b026fd56060db1,video,1610077708,2,0,0
3fda71999039402eb8cd6ca4b044889f,video,1610077709,2,0,0
916f94c35ae24ef1a05d77055e34a790,video,1610077710,2,0,0
f49df03c1e6c43f0a34a07da8fdc177b,video,1610077711,2,0,0
46b3854beb6e471caa4fdee376353a07,video,1610077712,2,0,0
cbce32b54eb340c084ce2038081c655a,video,1610077713,2,0,0
9a1e5b39cb1d4c0cbc2ea7b27fb0f8d6,video,1610077714,2,0,0
a15b844613c84fd78da15c140a8be2d8,video,1610077715,1,0,0
a74a8419b8484c7692d127c73cda0f93,video,1610077716,1,0,0
8accf723b3464ac382657fb41f8a1bc5,video,1610077717,1,0,0
d50564db51bc47bb9a68f619c949ff23,video,1610077718,1,0,0
de83eff3d28b468caabc23e9e186e2d3,video,1610077719,1,0,0
71bcb21161264d2680b506796e188486,video,1610077720,1,0,0
71955fc99bbd47b3bf7464dae502a6f7,video,1610077721,1,0,0
18b6eea15578432dbedf02b24d5959d7,video,1610077722,1,0,0
f8021634d6fb47f688a7fbe5a9aaf719,video,1610077723,1,0,0
639b610ae9484ecc8508c2830eea168f,video,1610077724,1,0,0
d56e772379ee47a9b3335eded672b6d5,video,1610077725,1,0,0
1be662c8da1040c68f6ac512615485d2,video,1610077726,1,0,0
5581d933b7d3412bbb54ff070947d08f,video,1610077727,1,0,0
24d5f056c3a542c0b6514736b70e4dc0,video,1610077728,1,0,0
36023da209a444518b33f81283260f5e,video,1610077729,2,0,0
035ffd51400f40d48057715edeb23dac,video,1610077730,2,0,0
00c745af11224dc2aef60711240ec464,video,1610077731,2,0,0
99eca211620d4a55afc93c181609a38f,video,1610077732,3,0,0
33ee0b6f44634744829fb314f77468b1,video,1610077733,5,0,0
3bf929db0133400395a7f3a9920a5e27,video,1610077734,6,0,0
2b795f5d2713485ca047c5a9eb6c0895,video,1610077735,7,0,0
fa3aaabf4a2040049d2403b72f1001d9,video,1610077736,8,0,0
ca439d42160641998e42d70f0c07a3fa,video,1610077737,9,0,0
cbb85a54adb14d60b7de5348c7592cda,video,1610077738,10,0,0
5ced4aed41194e89aacba2863e62ee6c,video,1610077739,11,0,0
27a09329e4ab4d1cbff7ebd545bc78b0,video,1610077740,11,0,0
304d2eebc96f4a42a40f21066549309e,video,1610077741,11,0,0
b43e29002b804cb0b5ee3af1ece09c97,video,1610077742,11,0,0
5a90ca878c3444e5904c141941a2ce58,video,1610077743,11,0,0
edf9f4af0114409c85d46bcadf1fb83f,video,1610077744,11,0,0
fb5709e6fa9f49d6a5cea9313427abc4,video,1610077745,11,0,0
3b7d1a4d7b3b49289ce8f710ff39dafd,video,1610077746,11,0,0
743294b5b2bf4fbcae8385f3821ff197,video,1610077747,11,0,0
c7bbd03cac6a4c539b82ce111e40da2c,video,1610077748,11,0,0
6a2d99b15b964cc99820d25a2f17d25c,video,1610077749,11,0,0
c25fa7dd6c8d424c8591fd62b7a59749,video,1610077750,11,0,0
725c203d3c404633a3a177dba4cd52e4,video,1610077751,11,0,0
4be296602fc5415e97a3afd55251ca54,video,1610077752,11,0,0
3aea0fe435c44af4a51386a9a665b68a,video,1610077753,11,0,0
790cc4de833d46ebb24fdc93f90b694c,video,1610077754,11,0,0
778d251be50e4dee8941cfafc45dfe4c,video,1610077755,11,0,0
b5ed93d632e34e77aa8aaa39f2fd1d9d,video,1610077756,11,0,0
ec022f45324e46dd848cd8ce6a3b0f12,video,1610077757,11,0,0
25b1a0604b854a8381af0d4184173f5d,video,1610077758,11,0,0
d127742a8426421ca4c40ebddf32a585,video,1610077759,11,0,0
f445c8833892473bb6d5a24d142c8020,video,1610077760,11,0,0
c00ca80ec0e043f29d17131fbaab7153,video,1610077761,11,0,0
622458b1c5d04d71b3e2d3e5a35a2968,video,1610077762,11,0,0
22c5b478f4ca4e368960e4b6f7e9946e,video,1610077763,11,0,0
e3c721749fdc4f90888e5163b92be30b,video,1610077764,11,0,0
bd51893a0309473cab8892682089fa17,video,1610077765,11,0,0
c5afd3e2447f4197b1b659dabd3cf7ff,video,1610077766,11,0,0
b24a97124ac9404fb2dc7f236e04b785,video,1610077767,11,0,0
b3e933c0c3894a0d872315e86d5155d8,video,1610077768,11,0,0
7be33584f297449e857261ff6380ff92,video,1610077769,11,0,0
af35caa211114d8fbb6ca8a58f6bf299,video,1610077770,11,0,0
6c4a81c539f149c9be9b0887c119547e,video,1610077771,9,0,0
b5bf0c2f0cb1491c897cfd0307eeaf2d,video,1610077772,9,0,0
57c932bbec214415a3b48b02f81f0754,video,1610077773,7,0,0
39a4f625fe914cee8057320b6fcc7b23,video,1610077774,7,0,0
4a68f5280695465fac1e6d4d20f4b0fe,video,1610077775,7,0,0
f903a85c4b324b8a9d3f1fd65bedb5fe,video,1610077776,7,0,0
08b0493633b54d4ea85d820a682f7609,video,1610077777,5,0,0
ee194f779bb748ed841c35141b8c26ef,video,1610077778,5,0,0
b2cb917a69ba4169aee9c751cff5791d,video,1610077779,5,0,0
49a3751d6791460fa4a377f887296e45,video,1610077780,5,0,0
1e3fbb86e3034a8db23c446320a0fe76,video,1610077781,6,0,0
336b9676b454498e86c9522e54ff39ca,video,1610077782,6,0,0
c29692701546449ebee0eefc202ded6d,video,1610077783,7,0,0
b90f8af903794b47ac2ddccdcba3e533,video,1610077784,7,0,0
38a9c44b74b249cba11c3322cc27ff23,video,1610077785,8,0,0
4c2bbd15bb374fffa836b5795d8ee3a7,video,1610077786,8,0,0
50d098a3e99a49eb90d4344dddf42b6d,video,1610077787,8,0,0
6cb717eccf4a43249e5993b229f09eb6,video,1610077788,8,0,0
1b553f6f1cda4d76a4bc797e21ffd2dc,video,1610077789,8,0,0
617a9e335d7a4bdfaa1e6ebcc9dbfd7d,video,1610077790,8,0,0
94e2857ba30048a5b59552049353d0ee,video,1610077791,8,0,0
db0843b9f2744bc78bfad43a5019a756,video,1610077792,8,0,0
6bebced2fe9e43c5b5bfd3f821a6946a,video,1610077793,8,0,0
cc3c014158ce4992bd96e307d6080c18,video,1610077794,8,0,0
ea3963f6ea294e56b542a86b097d4f47,video,1610077795,8,0,0
14f9db7b31d94a1c88815635b1ced086,video,1610077796,8,0,0
0f08beb8fc124c38bac38a5d6570c191,video,1610077797,8,0,0
92d3560d496d4234ad68b8f06c46e7fb,video,1610077798,8,0,0
1d66e8edad5741eda8d5443fcc43c42b,video,1610077799,8,0,0
220a3b140e5a429c9e086abe870f2ab1,video,1610077800,8,0,0
51e0120a37e64759b7321a4f2aaf8c51,video,1610077801,8,0,0
645ac81b16bf4e9396228dbaeb7fca80,video,1610077802,8,0,0
5a8ef24297c44d9b8d87f79675cef679,video,1610077803,8,0,0
43491074d6b44630a7105db84eb36f3b,video,1610077804,8,0,0
ee327e5389474339b66d6579cdcf51ad,video,1610077805,8,0,0
789a622a643245418194d7497af9df49,video,1610077806,8,0,0
0d966d4b970842e4872402ca85b9dde2,video,1610077807,8,0,0
e5970de36f0a4ef797bb5627ed3243eb,video,1610077808,8,0,0
063f66a8ccfc49c08f3cf9b95be23152,video,1610077809,8,0,0
32c82014a61b4d21a6ee8a5bee1cf2a9,video,1610077810,8,0,0
085b9747a1cc4d8b8d2ab724e8aee57c,video,1610077811,8,0,0
6951f604c5024903a1dff9ce1d128d23,video,1610077812,8,0,0
6c5860ab21134768b052e52b6e0285be,video,1610077813,8,0,0
0b6e8b6710044abe979fb92bf78202aa,video,1610077814,8,0,0
89ba60e2ad3b4f21a3bc099a4258d45d,video,1610077815,8,0,0
4fd6bd49c7b1482899eda160a3a7ec03,video,1610077816,8,0,0
0ea799a4ecf44b61bf8970c3159cc2af,video,1610077817,8,0,0
f8ec8f57247e48e9ae13363883d98e86,video,1610077818,8,0,0
196d234f89eb4732bd3cff58cf457001,video,1610077819,7,0,0
bd20e967c3fd4a0b90d9e7d64f0442db,video,1610077820,7,0,0
4e9d88ac4bfb42198ce9b297893b5d0d,video,1610077821,7,0,0
8dc356170c0045f7bbd5611281e7b0b1,video,1610077822,7,0,0
8c19d6e11f09450babca1970293a95cf,video,1610077823,7,0,0
2180b2b7908741608557303c83657fdc,video,1610077824,7,0,0
0a7a141688c6443a9f0760216d7e4275,video,1610077825,7,0,0
7c4c7e9ba87f469a8b38fc84e7fc4119,video,1610077826,7,0,0
14a5ab1d49f34736a1934400c25773e3,video,1610077827,7,0,0
a21b805ff0d04c3ca9f43f23c609042f,video,1610077828,7,0,0
566cff56f70b43968dc84561c422fa7a,video,1610077829,7,0,0
8112153e8297443c97608636b16b96cc,video,1610077830,7,0,0
b3c0f00dd2d5407eb2f35b3e8752d3fb,video,1610077831,7,0,0
14f9ed7cfbd04f1fb3699a861ea70448,video,1610077832,7,0,0
90fe9c7238d3470c86fdfc5de3bfee72,video,1610077833,7,0,0
88685b389a8843858024946e2db67b0f,video,1610077834,7,0,0
821af31ce3234de687e7617f48026dfe,video,1610077835,7,0,0
a4808bc81fd44eb9937f226ca11bcc2c,video,1610077836,7,0,0
1cfb465e1dc142f1b8c139c25d004694,video,1610077837,7,0,0
96bab2a0acd14edb826270ddf538af6a,video,1610077838,7,0,0
1fd5a7c110e74190bf5d7e2018e2e7a6,video,1610077839,7,0,0
6a0be83059a34279871e00ecbe354f10,video,1610077840,7,0,0
cfefe6cc60f544b589c75b06d81a2d2a,video,1610077841,6,0,0
9cca0e359b4a456cbd5be7112c07abaf,video,1610077842,6,0,0
fedf56150b1c45daa4926cb75b8c2c56,video,1610077843,6,0,0
353f06873edf452b8cc28a0f8e268421,video,1610077844,6,0,0
14822b253c4a42d2986cb75d0a947334,video,1610077845,6,0,0
15db8248186540d7b07e56af3316fb9f,video,1610077846,6,0,0
f7a361a62cde42f1b9c41f3bdfe1db70,video,1610077847,6,0,0
0375f80bf26b4abe850319a644153074,video,1610077848,6,0,0
71a9c44599424007b4f486250a27d8ff,video,1610077849,6,0,0
b995f6c35efc4f2fbf0bc67db277f23c,video,1610077850,6,0,0
063a7578347946a3b3365f90b1794760,video,1610077851,6,0,0
ff8fb0be37464dce813d23e3cd367100,video,1610077852,6,0,0
c55cd8124bc14f33ab79eb9805c74d5e,video,1610077853,6,0,0
53529485b7c44263b5e1652c47df9908,video,1610077854,6,0,0
e6a033cfbb46412fbba4ec6af02fde82,video,1610077855,6,0,0
426329dedc0c4e83b87608c65bbd5065,video,1610077856,6,0,0
529fb7a3744e4048a88d0688b47bb5d2,video,1610077857,6,0,0
3f0922986b57405880c881fd2e34ed97,video,1610077858,6,0,0
81c16c8256f2485eb550443246efa93e,video,1610077859,6,0,0
7648f89223334f7193f1c4b0d538a361,video,1610077860,6,0,0
b09addec53474733839d68add6941ed4,video,1610077861,6,0,0
1775d94867e0400196dc67ddfd202ade,video,1610077862,6,0,0
8b43df81336a446991767c328d06e6c7,video,1610077863,6,0,0
d862c00d55d04f959875c33fdf1e0b31,video,1610077864,6,0,0
367452027c66409d968759b3441748dd,video,1610077865,6,0,0
8b16dfcfcbdd46dfaabec94d999d8328,video,1610077866,6,0,0
04e8938d8ae34556ac59e04ba642d104,video,1610077867,6,0,0
4eab028828724cc59fd0f33df90385e8,video,1610077868,6,0,0
cbc3253fdbf549c5a3601312f62c3ca2,video,1610077869,6,0,0
26991c9958a14f9f92b56618c0f5b330,video,1610077870,6,0,0
79bd532192ea42739a314ccde63366c0,video,1610077871,6,0,0
f4f9bbf2fa4e49afad6c1c2845804328,video,1610077872,6,0,0
3b1901702f7e4b1282d6cc8849472914,video,1610077873,6,0,0
dab902b2955b4305b3977b51ae48ec1c,video,1610077874,6,0,0
060aba43972d4c189ae0bfeaa5bcab05,video,1610077875,6,0,0
c6b5337c9c374e1fb70f0e4cfda27155,video,1610077876,6,0,0
63d2e7ee3f874054bb8c4b9e3e236d0f,video,1610077877,6,0,0
ff7af1fbf9ae4732820f0117bd294532,video,1610077878,6,0,0
ef4c4371d0f346588e40b9f8d7aa2480,video,1610077879,6,0,0
0b6b0452925a4cf288450ae3e806005f,video,1610077880,6,0,0
ae42588579004c8aa852d964915320ea,video,1610077881,6,0,0
b54b61e064594b2aa86bb4ccb4d6d207,video,1610077882,6,0,0
c67b3052d7c34fd391e6a581ce9fc976,video,1610077883,6,0,0
1c12407b927d4b19bf410d2cf4bf02b9,video,1610077884,6,0,0
589e6e74fd6041f5b953a10b633ae3e7,video,1610077885,6,0,0
2e362ff2ce224e72a85ea3149f2d29c7,video,1610077886,6,0,0
bf79b44e90434162897fbf22e52ec461,video,1610077887,6,0,0
d4c8c8ef61d2484fb9d22e847812aa26,video,1610077888,6,0,0
ef33134e23e348559ce7c9ff394a3f6c,video,1610077889,6,0,0
f2e7371c15f84406b97580fcd078d15d,video,1610077890,6,0,0
03d1c4429b1c4123abb736c0b05db871,video,1610077891,6,0,0
9d4a82dbeb9e4978979651a1348d3503,video,1610077892,6,0,0
7c6efa4eea0240b4b35c3461aac766d3,video,1610077893,6,0,0
0116689bc23f45009a1550fd005a517a,video,1610077894,6,0,0
66c9c16488bb48928dc08e03c27d4205,video,1610077895,6,0,0
b840a1a9ee14485099f0b2aa4e65104c,video,1610077896,7,0,0
889ae22e840c4125bd39fb3b5b47391a,video,1610077897,7,0,0
208956a79759460fbb35cada8c82ad38,video,1610077898,7,0,0
c025a7b7a26a4bea8d45f0a205df3a49,video,1610077899,7,0,0
29d2c1d19afa4dc8be9e2ac81096a808,video,1610077900,7,0,0
028178c2b29046cc8365fb8106ec3a92,video,1610077901,7,0,0
c68821465b6543ad82a689aaa8930987,video,1610077902,7,0,0
114b582f896442b1a090590dc9f4090a,video,1610077903,7,0,0
bf4577d03df24934bb4730a73ae7b1a8,video,1610077904,7,0,0
436e617fd8004cec835b830486becb16,video,1610077905,7,0,0
887ab579a12a4c5189f55f4b47aa6ac2,video,1610077906,7,0,0
87e4318d5837436ab806d7e8ade9c8ac,video,1610077907,7,0,0
5a46a3e6aa2742999c6d5c094ba5e285,video,1610077908,7,0,0
f90a53c23a9f4d3facbf3512a140ceb0,video,1610077909,7,0,0
208b950577d14d3ba57a0c718d15432a,video,1610077910,7,0,0
0a756e2b9fcb4d00b54843b842989c66,video,1610077911,7,0,0
77ff8fe30331447191218002b34576ea,video,1610077912,7,0,0
4239aad706714547965b3ef64dc24fa2,video,1610077913,7,0,0
726f1dd4948e4d02b0a0d50d1e84f708,video,1610077914,7,0,0
d57ddc03c52640c59d8e978a94a78b4a,video,1610077915,7,0,0
2c199d6f4d4f44e6ac5e7f658a04603b,video,1610077916,7,0,0
9d0f847c43e1433195be5956acdca951,video,1610077917,7,0,0
b853b813ff9442ab8ee3c665dc2d776a,video,1610077918,7,0,0
6f2ccc10c6364597adb3707286c964c1,video,1610077919,7,0,0
de595e59af82411885b0fa1112bd49b7,video,1610077920,7,0,0
76e4dbd921ec423badb35e010c77edf5,video,1610077921,7,0,0
fe6bd6ee2f8a469ea4dc3efea9bfafe2,video,1610077922,7,0,0
5e4476ae128f466ea0b95f5c40a4aa73,video,1610077923,7,0,0
177cf77eb8f0498b89475607e538783c,video,1610077924,7,0,0
e2a3f2a17c434545bbc31c969cab8974,video,1610077925,7,0,0
d458d514487a4d4a91859a9bcff29af6,video,1610077926,7,0,0
f11ccbf689e3425b8150c39a4973b532,video,1610077927,7,0,0
9a21eae7efea44d5a5bb813103a5750b,video,1610077928,7,0,0
33d916efbd04481ea808f3cc9fa2f05d,video,1610077929,7,0,0
3a08e7157f304c089f8ab7117e4a3c4a,video,1610077930,7,0,0
77c9173c25114c2ea17253fcb87272e7,video,1610077931,7,0,0
7a8e30f2ca38418085b4c8ed15d324b7,video,1610077932,7,0,0
fda0a22c25a74e92a5cf06bd6037c4fd,video,1610077933,7,0,0
7b06acadb5644961ae8b45934e276cf4,video,1610077934,7,0,0
0e4a7963f24e4f2ebc9f1cf5a092b415,video,1610077935,7,0,0
6a04cdcc2ecc4a30b6d3e013265c0d19,video,1610077936,7,0,0
c8bfbbea8d4d4b0d887c3dcc29131127,video,1610077937,7,0,0
60c3f986f631447c80470adde6dfb96c,video,1610077938,7,0,0
f6ded8db133c40fca188fe5a89bdf620,video,1610077939,7,0,0
76a2fc5b460445df9d6080653ea54888,video,1610077940,7,0,0
5047b1dc837544df9de13ee411fdc888,video,1610077941,7,0,0
de0f9584e9a442a5b0822a0c0aead215,video,1610077942,7,0,0
f5d0746273eb49d78d6fb87683231443,video,1610077943,7,0,0
d0d59da6c58b4598a3c27e300854768e,video,1610077944,7,0,0
8d76b9d3e5d5481288f44134a28da899,video,1610077945,7,0,0
1c9a74974d684f29b3a5463e0d59a615,video,1610077946,7,0,0
bfc39a23b34b45e6b4aebf5332138831,video,1610077947,7,0,0
2f1638ecdc014e9782187cdd36fa1f55,video,1610077948,7,0,0
fefcbcacbb4a4287960ab40704cf9f61,video,1610077949,7,0,0
62d0a96237ed4faf9aca6447abc36cd7,video,1610077950,7,0,0
1c298395649f487a87688c03949c072a,video,1610077951,7,0,0
a200965bb4ed4ab18872807629e8f16b,video,1610077952,7,0,0
3a84db17aebb404f84aa85c665ff8c86,video,1610077953,7,0,0
b03045258aea4477bd97b2e51026abf5,video,1610077954,7,0,0
c2982edce04545c0932a71979d3583d7,video,1610077955,7,0,0
10513f50b415491aa0bec2c43ad7dfc6,video,1610077956,8,0,0
ad0df39b614241dbbd701b0bb14a91b7,video,1610077957,8,0,0
dd266a4cf1e64c27ab4aa6ff980c2da7,video,1610077958,8,0,0
bf4987ba4a704b609f998b0b8f3bef06,video,1610077959,8,0,0
632caa6568ff4aa79ba5219ffe7951f8,video,1610077960,8,0,0
f1cb58d6f9d5424b97df18f0b2fdeffa,video,1610077961,8,0,0
095d4566aa42476a86c3abd89d53d045,video,1610077962,8,0,0
63e5d70a72144ab2bdf7b3a54d7152d5,video,1610077963,8,0,0
7dd003c38038403cbcae660dd4cdae3c,video,1610077964,8,0,0
1b7417392d4c44c4951d5a1ec66da1ff,video,1610077965,8,0,0
fc986e059281483f97ad6aae7afb8de5,video,1610077966,8,0,0
7a66b3140cee4a3b813fcbe31a9d14f5,video,1610077967,8,0,0
c09259fe5c024a438004121fef652147,video,1610077968,8,0,0
526f7bcdba634998a0805a2ec8900a38,video,1610077969,8,0,0
9e35f955b77f4a408c9ec902ae98ee70,video,1610077970,8,0,0
8d8da3b047ea48288f56906d556e88ed,video,1610077971,8,0,0
c3d7a8f29432446cb85eebadc5a7f90d,video,1610077972,8,0,0
7ee6f451297a42df892d524dde59d7e8,video,1610077973,8,0,0
9b0fe549ed2c4c6dadb1dc312af61c98,video,1610077974,8,0,0
c0d11b2f2bad444aa03e504db8e6f823,video,1610077975,8,0,0
437483a9a800418ca7e2866e608508d2,video,1610077976,8,0,0
94e7ed2929af414b8836e7073978878f,video,1610077977,8,0,0
08a294409ed549a6a5a9ccac99043be9,video,1610077978,8,0,0
66da1da51a2b4f159dd9b06f6bfbb886,video,1610077979,8,0,0
7d9a04b74ed6452499925a4c3b38f6c7,video,1610077980,8,0,0
968b3141480a41a4ba69a78f5051c544,video,1610077981,8,0,0
c3a117a197334ee9afd8f921dd98a9ab,video,1610077982,8,0,0
eabdfea1caea44eda9cfa6d479ddf648,video,1610077983,8,0,0
a7bba179c0fa467bb493c509f69e6795,video,1610077984,8,0,0
2b9ab0b2057d40789d6894eae46be5e5,video,1610077985,8,0,0
6639898e665644898fdf95d42960f39e,video,1610077986,8,0,0
86cc74fe43044c3184589d93d6199fca,video,1610077987,8,0,0
97aad99f2cca4eecb6e706764d451074,video,1610077988,8,0,0
6d3c044e75134dcba74800d8cadb75b2,video,1610077989,8,0,0
e3627961016d42879c12b8af90043974,video,1610077990,8,0,0
df8f26d93d1b4057bad128316629a404,video,1610077991,8,0,0
3c0189296c2547028a050f3b46a04131,video,1610077992,8,0,0
2291b5c339db43cf9797438af8f67743,video,1610077993,8,0,0
f0a0de75821f4dc9a03581a74599122e,video,1610077994,8,0,0
e84cd41fa3814b9b857cbb7911c2f02f,video,1610077995,8,0,0
c99d674fdb9545f8bb63567a981143aa,video,1610077996,8,0,0
f9d7408d0fae4caa894f426a45ae9086,video,1610077997,8,0,0
d2a1c80ef5ce4d49a975e7892fcb41dd,video,1610077998,8,0,0
c4796b634fdc4b5888dfeb06a48db132,video,1610077999,8,0,0
d9d88c094a784e49b7c28f08283e451c,video,1610078000,8,0,0
9cb136fcbfd24ff1a5856ca5bf5ca527,video,1610078001,8,0,0
12d21ed242da4200b0bd3e1415f571ca,video,1610078002,8,0,0
c57750841a184b32ace5ab9d743de8be,video,1610078003,8,0,0
ac404f9e5eb3496898af2efe1599767e,video,1610078004,8,0,0
0c4383e1b47545c2b8587f418ad972db,video,1610078005,8,0,0
8cd1605d74854b07bad3ffe97c02d235,video,1610078006,8,0,0
1cca6f3911ee4e1996e2ac3f14687ef8,video,1610078007,8,0,0
5bc903489eae494aa88cfdcb4e03d85d,video,1610078008,8,0,0
d7cf1f83082245818c4aac6a97eaea7d,video,1610078009,8,0,0
28b5a71c38a448a79b0b01b0dc2279d0,video,1610078010,8,0,0
f5841db4a35643689cebb7fe2dafe5b4,video,1610078011,8,0,0
229a62079a8c4adb90c3e70e39ccd84b,video,1610078012,8,0,0
635a9312465c4d66894d5ab61b7b759b,video,1610078013,8,0,0
c6811799d04649a093a4efb0bdf369fa,video,1610078014,8,0,0
f05d00d6f81744c995e6a6934c054caf,video,1610078015,8,0,0
8d97a7ae6d034f14a3d99c791e540ce4,video,1610078016,8,0,0
227dafe32bf7472ebe1b58d79c14c73b,video,1610078017,8,0,0
18747c96417447e0996272cfc9ca49cd,video,1610078018,8,0,0
39e20a09b47f4e82a98f55b90fef49d9,video,1610078019,8,0,0
8d52b6e0e3244969b03119e07d7fe80a,video,1610078020,8,0,0
5baa6a198b67493fb020837d36d35e74,video,1610078021,7,0,0
4ca02dbebdc0401fb78f9b7b3bdc3e34,video,1610078022,7,0,0
3440970b7c3d48cb865f714abd88d3cf,video,1610078023,7,0,0
6c2d81bf6770477a87afd29b2e5f6e28,video,1610078024,7,0,0
1fe90552d1f1410dbae9d05348e18f14,video,1610078025,7,0,0
9ccdc8fe91b645b282820d9c554a0b52,video,1610078026,7,0,0
424a0544bcaa4e0b9249b0f8d2e606d2,video,1610078027,6,0,0
20fc64564cd44e948f4a87dce0823863,video,1610078028,6,0,0
35cb73dd6b574ceaa4c8c38f80e82c86,video,1610078029,6,0,0
973c773eb0964ac18e0b5a722671945c,video,1610078030,6,0,0
e53fd4fded89457bb1fc8d983734d03b,video,1610078031,6,0,0
3b73cf3de1284206924d0d830b054675,video,1610078032,6,0,0
5c31ced95b974d5685fcd2888de8850b,video,1610078033,5,0,0
ded4ab350d6c4d9b8bb40fcaa4d7b490,video,1610078034,5,0,0
a06d7c2ea283467bb8b4bf3b052597a8,video,1610078035,5,0,0
5af936b173464c88b94347e1d8613260,video,1610078036,5,0,0
0d619d8db23643c3af6521f6b65e330c,video,1610078037,5,0,0
49ced059218f47129df661275b2610a5,video,1610078038,5,0,0
9323bf3a55ce4aa38256aab94c72e9ab,video,1610078039,5,0,0
d9d5a3b154744de09b24a07383326cc0,video,1610078040,5,0,0
7de36189db2d4a258fe6ba891feb90ca,video,1610078041,5,0,0
9ed0856612d6434ab9179fbb7b11e553,video,1610078042,5,0,0
946ae1225f1444c78ba05a02e6c04791,video,1610078043,5,0,0
8ed42d7e2f4d45f1a6162e4bf02ba648,video,1610078044,5,0,0
0da34b05aec54224bd9ad4c06d9d1253,video,1610078045,4,0,0
1e49c6f1ed754d37b087616fb4b36cf3,video,1610078046,4,0,0
739902482e8a44e59a357902a750305b,video,1610078047,4,0,0
9dc91080a0ce48a5b2a7ae6df0524625,video,1610078048,4,0,0
67c93fd61769471c9ba504d65157a9e6,video,1610078049,4,0,0
9ea3993112bc4f59a681b3ece057facf,video,1610078050,4,0,0
64d19e67a7fc456892a65e8159997875,video,1610078051,4,0,0
6cde33ccd9ec492e88bf0db931f8fcb3,video,1610078052,4,0,0
db026119c926408aa64957c995893844,video,1610078053,4,0,0
e9e2d5b27f1e4dcb86e792176bec2c74,video,1610078054,4,0,0
3c8399e7eb064e2a8db4b28b63ff6344,video,1610078055,4,0,0
85ee5a2058ab47dc9f4a7022e7d75a8b,video,1610078056,4,0,0
54bb71b7521343088c3890eb068bb49b,video,1610078057,4,0,0
2d4e54f384c8401c8f90b0f8a9c86aa2,video,1610078058,4,0,0
5591cbd4c22a4a6ca8a7b3921964bece,video,1610078059,4,0,0
f183ec0342844f789823910a50d98397,video,1610078060,4,0,0
5a34f0b24f954a719cb6ef69d0af393c,video,1610078061,4,0,0
354e5860501f462eb7043c170a1a573b,video,1610078062,4,0,0
4ca334b2de044931893ef9c1734094b9,video,1610078063,4,0,0
fb2ac6b602ea4e25bd4c891fa201e49a,video,1610078064,4,0,0
f284ad5ea7dc4963b3e892e7fdd0dc8b,video,1610078065,4,0,0
bd6d3f860e7244348d48eb176b88b883,video,1610078066,4,0,0
ef0cfb0b268541c69ee8d5a34ca93870,video,1610078067,4,0,0
e706bd7b1d7046bf8944326c973f6e88,video,1610078068,4,0,0
36322379d1e44370820bc403e06ad0cf,video,1610078069,4,0,0
117a5aad1d5e48c0bdaeee8d75acdb58,video,1610078070,4,0,0
08ff055c33c24a6abab6cbdaebe507fd,video,1610078071,4,0,0
4280f3ccdc754a3aa2c4555287ac16ca,video,1610078072,4,0,0
4493461f3dc64c218988dbf77730b680,video,1610078073,4,0,0
3e888a6c7c214e238cc3ae7ee630f20e,video,1610078074,4,0,0
da280e4d98d14946898b6e6c519e737f,video,1610078075,4,0,0
4a518fca32974a56be9f88294bc084d6,video,1610078076,4,0,0
1950d2202aee4625872189dd37d43688,video,1610078077,4,0,0
610d9f94c17f46d2b5b24139bd7e1685,video,1610078078,4,0,0
3b058894f32b4cef8e36a43ed57574d2,video,1610078079,4,0,0
4621f7a95bee4c098ae4fcbdf0fd8df6,video,1610078080,4,0,0
f80ed64d5377474eb38de5072cb6ca28,video,1610078081,4,0,0
12390bf29b7546b6812ec3c05ae31fe7,video,1610078082,4,0,0
d20e86b3f7bf4845a01205ec8055d4b5,video,1610078083,4,0,0
ca616bf9d58845df98e3224d14deb7d0,video,1610078084,4,0,0
5c72941e26b1451aa9a513122c38f305,video,1610078085,4,0,0
9d2cce46a5c949b9b1456a3d434aa985,video,1610078086,4,0,0
5a11563033944e8b98231ea158182d42,video,1610078087,4,0,0
20613b8f19a94a34bd749ad201cd32fe,video,1610078088,4,0,0
1593ead9148f4c54975b077c3397bda9,video,1610078089,4,0,0
d250f3d8869f4abc839e7b336ac9d6ae,video,1610078090,4,0,0
8a383189594d43008041e320e420b983,video,1610078091,4,0,0
485918e2a70445e2ba823d1f2daeb58f,video,1610078092,4,0,0
953b7560122f4c609c423873310b432c,video,1610078093,4,0,0
9014fe79772540f3b8c6cf50f0d3ac56,video,1610078094,4,0,0
72b6f20eddc04ad0bce2b0651bb0e568,video,1610078095,4,0,0
c619085d3dd2438ea248690e5c4272f6,video,1610078096,4,0,0
5949558f14e24707918212923543bbe7,video,1610078097,4,0,0
a590ad761bf6435db7b0a4a63615bcad,video,1610078098,4,0,0
bd861b13e152429cafeb53073363dfd8,video,1610078099,4,0,0
4d3740fc5faf4a23af4ad616c5e3768f,video,1610078100,4,0,0
24b64d6a02794c1e9e09dbe21551c624,video,1610078101,4,0,0
795afd9954284e5fa06712d18ab9cc4b,video,1610078102,4,0,0
f098a1bf605a4dd6b0792f20b18636c1,video,1610078103,4,0,0
bae2b2d42be049359f953e5ec88dd3c8,video,1610078104,4,0,0
5090b60a36a7464f952b3eb4934e6cfb,video,1610078105,4,0,0
afc019d2e3cc4316b7500a7275ab73a5,video,1610078106,4,0,0
47d9f978e8954fb797f733c96abc2fe7,video,1610078107,4,0,0
36799117a3d046ce8b7660d21da10c39,video,1610078108,4,0,0
e8b0890069954e72b5d65bdff87e3ea0,video,1610078109,4,0,0
64d80b7d75694e43b718de876df6ba83,video,1610078110,4,0,0
bb9d789948b54608abcb0007fc5925d1,video,1610078111,4,0,0
410d5702a35c47889d4f352273643b90,video,1610078112,4,0,0
b829d2b5572746989f074a91132683c0,video,1610078113,4,0,0
6c019c1b957f4563b58a479e997be9f9,video,1610078114,4,0,0
0638839c7b9d447e9eb260c80c6fa3bb,video,1610078115,4,0,0
138beb0cc5ca48e58498b660ad44c5bd,video,1610078116,4,0,0
0c1f15d503a0410f9018e20d528afa72,video,1610078117,4,0,0
015c76eb4e894ec7bb2bb1139fbd4ee2,video,1610078118,4,0,0
c4c0e426f4b24bc682db66de71e01b5f,video,1610078119,4,0,0
ccdd18db76bd428b8dff6c9a28de7958,video,1610078120,4,0,0
a9e639d504ed427581ebcde222db94eb,video,1610078121,4,0,0
96227280c935484fa7df0358bcfa7718,video,1610078122,4,0,0
8b32b4c11e1c4ce0adb14a2b458a59b6,video,1610078123,4,0,0
ff61a59a96464a079306c2cf5c2688f6,video,1610078124,4,0,0
41423f79920b427d80e2f4bcf042c11f,video,1610078125,4,0,0
2bf62085f98d47bf8f4b0bca4aebd594,video,1610078126,4,0,0
28a66fd88d4243d38f39ec192befc79c,video,1610078127,4,0,0
a7bbf60ccbb646579205c348ab5851ba,video,1610078128,4,0,0
790fb2d06f0d465ab691e59844c985ef,video,1610078129,4,0,0
45fca096a2ce4d05ac83050ddda89656,video,1610078130,4,0,0
f842e529fdd24781a5b1fe813b7c78dd,video,1610078131,4,0,0
89914e935af04f58a1d2a86eb0c9e9ed,video,1610078132,4,0,0
a4b0f096490145ceaf8380f574775177,video,1610078133,4,0,0
f575f87dc8ab4f6693bb33eeb94ea75c,video,1610078134,4,0,0
e93a594d7afa43c587733af058a1003e,video,1610078135,4,0,0
66f61c335ec442d4bc2150f04e8021d8,video,1610078136,4,0,0
1ee06cd5eb124b5094998bf492de2089,video,1610078137,4,0,0
0e877bc9f4924a2f90e6add6b9d03a5e,video,1610078138,4,0,0
1bc09281ae4d4372b3426ed46ff36e1d,video,1610078139,4,0,0
42d907c8269d41628a48f388d6690986,video,1610078140,4,0,0
eb65d2c0df60451a98f792372cd7607f,video,1610078141,4,0,0
84f0488dc77646b8943000933cf4d66c,video,1610078142,4,0,0
d7aceba3875142058705178953613e6c,video,1610078143,4,0,0
0d1037be0d75488db34685bb28e3bd81,video,1610078144,4,0,0
f81a864cee3b47cf98f55eb195129b73,video,1610078145,4,0,0
f7a5f31ad0294acbbf8b56de6bc896ac,video,1610078146,4,0,0
00f23a3df78745a18d5eda093dc9399d,video,1610078147,4,0,0
d213c5b66d7642818220179188e4c1d7,video,1610078148,4,0,0
a373ecefd0e847529b15f26252d70bf4,video,1610078149,4,0,0
7776acad1c6541baa9b23c3e4f92a19f,video,1610078150,4,0,0
0faf3d2a0f1941d9ac739a9eb06828fd,video,1610078151,4,0,0
a596a487ed5b44fdbc9e2588e02c2164,video,1610078152,4,0,0
bb4d6248491c4d53bcb83bd393eabda2,video,1610078153,4,0,0
6829359e05ca4a588d8e44585f4fd7ba,video,1610078154,4,0,0
1892cb9845024c5e9b84cd028cb9f65f,video,1610078155,4,0,0
195ac44183da440abdbdcf1411a839da,video,1610078156,4,0,0
084499ed5f1345688176677494ddfda6,video,1610078157,4,0,0
59c478a7b7e841a5880b508bfa9b563f,video,1610078158,4,0,0
e19d569e8aa14e1cbc5b8d69b6cf515b,video,1610078159,4,0,0
c744d6490aa241efa6007f4935853774,video,1610078160,4,0,0
5402a7acbea24872b654c9eacd735c64,video,1610078161,4,0,0
a6fb730549c6404d93067f4c344d336b,video,1610078162,4,0,0
4ee5e00638904d52800a61b128ab11b2,video,1610078163,4,0,0
f992e350c3984c56889c880ccbd0c496,video,1610078164,4,0,0
b73014ca3be84a6e88af3faa63eb5f8d,video,1610078165,4,0,0
d5aaa937c7924ad18eba62d64559165a,video,1610078166,4,0,0
c415ac085ce94010a1482f5b8aa8b920,video,1610078167,4,0,0
685340a67fc3478b8633fa5b57cab01f,video,1610078168,4,0,0
d353b3c7e90b484f9bf829ea0d9893ea,video,1610078169,4,0,0
76692c3e050044ce9f68fe04613b7f94,video,1610078170,4,0,0
0ede5dedc214496bb878f3b26ca157fe,video,1610078171,4,0,0
3f12aa18930e4432b0fd156bd2b66c5a,video,1610078172,4,0,0
c7323ac2cae64627b3b4bf38e02a5861,video,1610078173,4,0,0
dda8b77679804d62837df9c1e03de45e,video,1610078174,4,0,0
2b25f922f0574d51b2491760225d24ae,video,1610078175,4,0,0
c30a0708f4964f18a3dbdf372c6f75d3,video,1610078176,4,0,0
93dda5b99f944b2c8d1f39139ce1f3bb,video,1610078177,4,0,0
8006c50918e54cdd846ecc6bd5b0b05b,video,1610078178,4,0,0
9aef7d0cf5824afaa65149f90fa4a3d6,video,1610078179,4,0,0
7059f68d3a44478dbd55b5c50bdff77a,video,1610078180,4,0,0
3f22b606cef7486da506238f01fa3acb,video,1610078181,4,0,0
aea10fb4939f455d8b2df7498c806b23,video,1610078182,4,0,0
c958739e66544b33ae3ffb56aac5c568,video,1610078183,4,0,0
0c66e2081f3b432594081c5b0289925d,video,1610078184,4,0,0
3990ce7f40574090a2dddf1f72cf09a8,video,1610078185,4,0,0
c2636702695c47548241119660b733ad,video,1610078186,4,0,0
606ea80d508849f1a2cb9a32692922e0,video,1610078187,4,0,0
383a49b536164328abc049e47deeae8b,video,1610078188,4,0,0
2b3196e7860d4ec2b63ff0a44e45a6d2,video,1610078189,4,0,0
886f228f57b541e6b161b92e3c3ec389,video,1610078190,4,0,0
6a0ab83a99674116b4af59494cbce5af,video,1610078191,4,0,0
0bc96f010af44582a0de77acd4e1d13c,video,1610078192,4,0,0
efa7e69dbf174386b66868880e0344f4,video,1610078193,4,0,0
79e27fed3b4144ea8a4ddefe02d00809,video,1610078194,4,0,0
848cd4438b77423590d2cbe614522454,video,1610078195,4,0,0
b20d254f62eb4a4d903ac6f7b091baf5,video,1610078196,4,0,0
dfa8a94d25ef4312900b55f4ad619d9d,video,1610078197,3,0,0
01c12459d3e04040853eb40645c18926,video,1610078198,3,0,0
d06f15ab89364a8cb0524c5099899ffc,video,1610078199,3,0,0
586bf1efc23348dfbda397407821360c,video,1610078200,3,0,0
af2529adf2a747d4bcc6ce0ab7382527,video,1610078201,3,0,0
421e1f64e45b4ed3b40f0dfd05d9f26c,video,1610078202,3,0,0
3200180e45584e739ba49bed1456c9d9,video,1610078203,3,0,0
eace101a7756440b8f949c671c80f40c,video,1610078204,3,0,0
b2c396ae795d41e29196195574ceaa82,video,1610078205,3,0,0
90f3d254540f478c9dbe0ecb8e948d0e,video,1610078206,3,0,0
0ed7b23c2a4a40108f132a7eed112db5,video,1610078207,3,0,0
db9d9f115d9740359fd6b452001d7f0e,video,1610078208,3,0,0
1a70ba0f8f8c4947a93f7710c267b931,video,1610078209,3,0,0
9b5fb411d18d49db8226533a2fdbc9b1,video,1610078210,3,0,0
52ab3ac925ca4253b52bb8fa5857449f,video,1610078211,3,0,0
17871ce2e8d5478ba9fc0bed01e6217d,video,1610078212,3,0,0
dfbf7386d90344a4b024b02a5cb5daed,video,1610078213,3,0,0
f970d59232414d5aa7a9f648e0a50786,video,1610078214,3,0,0
944ce0caf3d74e578b74c3fbd18c2122,video,1610078215,3,0,0
54791cb9bd5d4e37b34d0e51c4eeab9d,video,1610078216,3,0,0
0fc3f4cd76b64800a4e6e0971c54e253,video,1610078217,3,0,0
ff3802eceee24f54aa9d1decf7d85b8f,video,1610078218,3,0,0
f22938c183b64870942966e99fa28760,video,1610078219,3,0,0
9a5cce5e1fa5470f828c38e91bfee6e7,video,1610078220,3,0,0
15cf15b2b1944e89b72db46442fb04d2,video,1610078221,3,0,0
db1a47874c69428cb3e37d1480297d1d,video,1610078222,3,0,0
d1a69b49f44c47708da49ee8c8564444,video,1610078223,3,0,0
72eae40e0a6f4908bd3c6a99905bd037,video,1610078224,3,0,0
44e37ba7562a41d09154f9e44ca269f6,video,1610078225,3,0,0
32a889df3b1049dba6b18f4b7990d93c,video,1610078226,3,0,0
63e221f23a0943b0b4141be0be81fe57,video,1610078227,3,0,0
387ada9a9c7c4a09825bca6526af33a5,video,1610078228,3,0,0
a4e649bbec6542ee9574709881926078,video,1610078229,3,0,0
2bc805e29d614ce4a37ad0b332ec5b12,video,1610078230,3,0,0
cde62121815942cfa9458eba266bd7c3,video,1610078231,3,0,0
8e8694e2097b49a7a4b5d44fb1e18041,video,1610078232,3,0,0
de05a2040da441ea9d0b54df315087a0,video,1610078233,3,0,0
aa3a6c51ae5445ff8bc856618ec229ed,video,1610078234,3,0,0
ce893b014f874f42bb14b82da66b5980,video,1610078235,3,0,0
096b238935a24d4ebefc4de2c142f476,video,1610078236,3,0,0
a9a8b46f5b8547f6a5d18bcd08264707,video,1610078237,3,0,0
e7144558f5b6453bb6eb5d7e3f39d78f,video,1610078238,3,0,0
c806ca43b291452187df9643616fde87,video,1610078239,3,0,0
1a734c26f90941efadecafd78ee3e01e,video,1610078240,3,0,0
6af169ad443642afb84951ee31f248a3,video,1610078241,3,0,0
e93130f8edb249a5a4b3715b7f631969,video,1610078242,3,0,0
69137f5d71644793bcb4dcd9070ea333,video,1610078243,3,0,0
e4b2dfe887f741519b5e30bf202fdef5,video,1610078244,3,0,0
aeaf147e47ee4b12809f4203da085967,video,1610078245,3,0,0
0f2c4bad5eef4498aad84c54890661fc,video,1610078246,3,0,0
c65920a46f73478a963a1ea6e6db9ea1,video,1610078247,3,0,0
53317fafea514ef1a34a11e3e1248a0c,video,1610078248,3,0,0
37e06f8bd2f544e5bb954072e4f05a68,video,1610078249,3,0,0
75beaef9b4f843589a710ccd3ac345f1,video,1610078250,3,0,0
675ddcfd5d71414cba874e915edb0bac,video,1610078251,3,0,0
aa818502d6024887bd98b915a18321c3,video,1610078252,3,0,0
1b0b04b89aab43a781a22f7914457a15,video,1610078253,3,0,0
c47066600d1f4eff8954544998fcafd2,video,1610078254,3,0,0
3a5f22cb455c4dfc8586431afc3af788,video,1610078255,3,0,0
7927c685825b497592a279ab8c456af1,video,1610078256,3,0,0
3b298af69fcc476bb7dca3e8e95bcbad,video,1610078257,3,0,0
39a91c19f2a64947a7fbba3a86ab5cd2,video,1610078258,3,0,0
afc78e2809d3486fbd1d47cd2f6d983f,video,1610078259,3,0,0
a305235281c448e28bff5db9668d2bc8,video,1610078260,3,0,0
7479c2d6330d45df9a457ad1962279f7,video,1610078261,3,0,0
8dcc272e97794ae6a08219cb75c9e68f,video,1610078262,3,0,0
3722440bb1b34a3b8383e8b4a2f6dc6f,video,1610078263,3,0,0
d5fc8b3605f84e72a4be063edf805c18,video,1610078264,3,0,0
4714f64826a24380a12d23826f4b8a46,video,1610078265,3,0,0
55cf141b0ee646d6a43ae3ed84a781a5,video,1610078266,3,0,0
bd5703abf98847258a7c75f763b94879,video,1610078267,3,0,0
669e9239835a4c14aed370aac413e3f4,video,1610078268,3,0,0
e7f3ae7a0928461382beb889e90e0e7c,video,1610078269,3,0,0
5c6086c4affe4197bbf7877ff91ac5ad,video,1610078270,3,0,0
ab4dbc7d19424b648ed62f273950b916,video,1610078271,3,0,0
5d5d3a75165b407192a643f2006ee71a,video,1610078272,3,0,0
951821e98eed4ba9af7e8cfeb1e69ffa,video,1610078273,3,0,0
b59a04e8b456471a8e41ce7286ca97ae,video,1610078274,3,0,0
b57cffe9abf8478591c3edddbe6cc878,video,1610078275,3,0,0
8a26a1e2b0494a1390a75c30eda70006,video,1610078276,3,0,0
2c02695a5ac74ada83acb0eda4caebd6,video,1610078277,3,0,0
1f581db136f044e294b5a5d554fb91c9,video,1610078278,3,0,0
a34370eb667042adb10fc4185431f010,video,1610078279,3,0,0
4d26559e550d4b2392f582ddcc0d07d7,video,1610078280,3,0,0
e1cad9df581e4987bdd69a4b6c511f71,video,1610078281,3,0,0
a168ccfe779e4cd0b5fd3dd9c59552cb,video,1610078282,3,0,0
3092d52e45764ed88b2187b9f47403b8,video,1610078283,3,0,0
6439e03a56cd42e0b4c297a52f43d567,video,1610078284,3,0,0
1a199b877af1457596f2392fea4926d5,video,1610078285,3,0,0
cf06e926be504b618dc78eb00f00bfdb,video,1610078286,3,0,0
082ad104579d4736b166324027f77e25,video,1610078287,3,0,0
38f6b08d570449d09f8b866911bc7aa5,video,1610078288,3,0,0
69262e19f8c549a6849bc74a2e13db84,video,1610078289,3,0,0
821a79fd32154e5480fb11c83f998050,video,1610078290,3,0,0
3b89f917802d41f18410e56b7d858ca4,video,1610078291,3,0,0
e25b189da676481da8915118729c8e95,video,1610078292,3,0,0
21c9c81d09e645d0a5288b0db5c7bfaa,video,1610078293,3,0,0
599fd834bd5c41b9b54b2edeb252fd3a,video,1610078294,3,0,0
ee39e8eb44db4a70ac65bf18b5dc043f,video,1610078295,3,0,0
a7bd9b99b76c4038a166c297a2d8fe7e,video,1610078296,3,0,0
62bdf2fc008e4ab2a55f3d45e85c812f,video,1610078297,3,0,0
e8218651bbe0413b93fb2e2f95a9e085,video,1610078298,3,0,0
813ee9f6995046ba9a503bb829901c1d,video,1610078299,3,0,0
c14751b332cc4bf7946a52afb9d82706,video,1610078300,3,0,0
a0c1991b57a74c20857d5cd8b9caedb7,video,1610078301,3,0,0
1e3725d6ff644eb89d71d93f9b8cfe40,video,1610078302,3,0,0
40823c4164614010b2ef6a96d2f5596a,video,1610078303,3,0,0
6ff92433f31d4202be4208d8a4f9b7ec,video,1610078304,3,0,0
7dc8de723fdc4f6e9131dede3ec7101f,video,1610078305,3,0,0
da7d9c9e861840cc9c58f78381bdb91f,video,1610078306,3,0,0
05086d27c52a41279509be2be35f6cd5,video,1610078307,3,0,0
050163e47d154332b1b5258025fdf654,video,1610078308,3,0,0
55681049b4ab419893196c3c6c4845a9,video,1610078309,3,0,0
4c478563f6bd48f09594b5b78007e92f,video,1610078310,3,0,0
266abc5328f4411ea52cd569b6edc70d,video,1610078311,3,0,0
89a753d1b4f14febb8885ec0deb12559,video,1610078312,3,0,0
c3f7c40ce119490a8ae0725e05c9dff2,video,1610078313,3,0,0
9a1d3300797347079b49c0df7d0e55f4,video,1610078314,3,0,0
c761f13db73844fe8e09bae7eb67d315,video,1610078315,3,0,0
12997a3f9b1b49128a3055bfc932d956,video,1610078316,3,0,0
9ee000ce8e06499a9af85fa6bbedcb07,video,1610078317,3,0,0
dd076e4c151d4785bc580df1395a083a,video,1610078318,3,0,0
09ef36898ea646e7a233a7ec41db1def,video,1610078319,3,0,0
2bbbfd0a247e454b8c46b04bbf754832,video,1610078320,3,0,0
d37988bc4a9b46cfaa2f9093be351b46,video,1610078321,3,0,0
8251583a1d704ef89788e967fb3e4836,video,1610078322,3,0,0
b809428b7fc140ed95f0501e4242e7b0,video,1610078323,3,0,0
5ea3f96f533b4b4fa6710b0d436c2822,video,1610078324,3,0,0
f956482d0b9142b2ab4ce37a44b9e9cd,video,1610078325,3,0,0
3e8f67fddbd9466ba2043018667f4a2f,video,1610078326,3,0,0
ef211aba2f934611885ea630f7b29a42,video,1610078327,3,0,0
b4941529473f4b07970257a591ec2041,video,1610078328,3,0,0
f1576a884c7a4b8f8eaef69a60c5135f,video,1610078329,3,0,0
ba95867a36444580840e019cf2b07ae4,video,1610078330,3,0,0
cac3bd152f8944b0856b8e0a59dcfc45,video,1610078331,3,0,0
e39440382acf460d87a8dca3b242a6b7,video,1610078332,3,0,0
cc0321ea82034ad18443bb72faca0f2c,video,1610078333,3,0,0
357d531a112c45da8caf5f379c581674,video,1610078334,3,0,0
aa330a6a0eeb41c8b06e08e2a565b498,video,1610078335,3,0,0
19f81bcfeb2e4f739d79f83f6e04b435,video,1610078336,3,0,0
7c249858399744b8bef7824e831414df,video,1610078337,3,0,0
ced304d439b34db3a2dfd361f27da99c,video,1610078338,3,0,0
3009c875303343808fc469a40e8b97f5,video,1610078339,3,0,0
d6bb2997d90848539033c761799cdd68,video,1610078340,3,0,0
a1a19be64a3e45aea9ea9df07e70a4ea,video,1610078341,3,0,0
05b53ee8c47244fbacdb676d4c8a1869,video,1610078342,3,0,0
8e64138d54e64f9e9cd11fa1506f905b,video,1610078343,3,0,0
24d0485ee5c94e8096c30a3fd0b30e31,video,1610078344,3,0,0
c98754cf24ac4740b7a548d68158fa71,video,1610078345,3,0,0
76a7cec57b7a4cb1bd0167afe329f67e,video,1610078346,3,0,0
1ab638554b8b4331bae044d8c5d2ee26,video,1610078347,3,0,0
e21bd17b58e24f01b72398560767bf1b,video,1610078348,3,0,0
229bfc00df94403fb0d914c3b3870335,video,1610078349,3,0,0
de9402376c1e4333a0e6f0c5db7c63f6,video,1610078350,3,0,0
1b924522b284424e8d77b6f7b13ea6e7,video,1610078351,3,0,0
8d05b09fb59941be9ce06c7c0a6e1480,video,1610078352,3,0,0
bb0294d54e554972bc1d854a2866119f,video,1610078353,3,0,0
35eab4d05a9b4217ad53c170c4fd5077,video,1610078354,3,0,0
764d5cf91a7a4db9aba716b4fbfa777f,video,1610078355,3,0,0
57b4001b314947ccb3cd6c0379c6caf6,video,1610078356,3,0,0
c5d967cee6b6456fb2430fc8157ee569,video,1610078357,3,0,0
8593c67eee9f49b79e6506736e4154ce,video,1610078358,3,0,0
6ca7d5eeec7646d79544cc51029dbbe6,video,1610078359,3,0,0
a74e839b298a4815ac250b823cc495fa,video,1610078360,3,0,0
5b1bf3acc98042f183fb23227a51006a,video,1610078361,3,0,0
c5c20554a6f64f2d9f0056c838012b82,video,1610078362,3,0,0
f2767dfc026f402bbb4fdb754e7d5060,video,1610078363,3,0,0
a8e851ecf17449659a2768f111c2f741,video,1610078364,3,0,0
ef92336c921948ca9a52677aab8ca84a,video,1610078365,3,0,0
2a869b16c70d4543ad668a41a730935d,video,1610078366,3,0,0
d93bc25a4a13438a9ab5bd9c449a043e,video,1610078367,3,0,0
d9158d37b45442db97cf85ebf96d7638,video,1610078368,3,0,0
6f38158c9dab42358fd6266b991a7e9c,video,1610078369,3,0,0
ddde3d2681b44589b84f43a4d478b088,video,1610078370,3,0,0
4bcc3ae28b8b478f83d290738ecdc5b1,video,1610078371,3,0,0
e34073917cfe4719a168e6ca56b2ce0e,video,1610078372,3,0,0
8c2f060bb1274f0290349b43bf3bb170,video,1610078373,3,0,0
50a1513d52234f7aa1f2c0d41d45798d,video,1610078374,3,0,0
1cc8c6bebd094ac281498846aecbd767,video,1610078375,3,0,0
a14960449a8643069e9548d4d1fca0f9,video,1610078376,3,0,0
b24b4c91c51f498bb1cbdb2d163baca5,video,1610078377,3,0,0
e316f80806f042038c1e35fb31c94550,video,1610078378,3,0,0
dbfeb10356f54e91a51dddbe7bfd57b1,video,1610078379,3,0,0
6913bfed78d34f9fb21ee65872f283a5,video,1610078380,3,0,0
731a7522e60043cf93baa855c27c5933,video,1610078381,3,0,0
cbed470f88294e3f87918e9aa37d32e7,video,1610078382,3,0,0
0e675f08cb7e4fd99255a78f873a537e,video,1610078383,3,0,0
8a16da85f7274292a7b38cabb419be58,video,1610078384,3,0,0
0a2bb5f876c047bdb2b102b77ca0315a,video,1610078385,3,0,0
20e0220802fa4e75ab15e18cde9dfcbe,video,1610078386,3,0,0
0ae7e0dec29c44a692e1c3816ab950a6,video,1610078387,3,0,0
6d6efaa164264f7cb0f825febd440920,video,1610078388,3,0,0
0d9d9b71e6124c0c81bc2c1593956216,video,1610078389,3,0,0
049d4f48470f47e6b968ba9f90d9e607,video,1610078390,3,0,0
b8ffd6a9b44f4843967a2ad30debcde4,video,1610078391,3,0,0
8f154faea0d1437f9bf56a458c9cb586,video,1610078392,3,0,0
aa971193dea04c7f8b3ef6dca718dcb4,video,1610078393,3,0,0
5151c929c6034f23b1b3721c7df36cee,video,1610078394,3,0,0
adda5b2f99b44489b7a97b9c32c0dd0e,video,1610078395,3,0,0
96b5e67375db462fb0c20d0a0d5650b3,video,1610078396,3,0,0
716a55812b414945b0ce0fcfdbf19783,video,1610078397,2,0,0
86b3e0ac37e143618714d8c143cd63bb,video,1610078398,2,0,0
dd3bca2ffa8642f2b6b0e06815e2290b,video,1610078399,2,0,0
0caa261dd74b4cfaaff088e7ac99e4de,video,1610078400,2,0,0
5163f7585a6141049495d348441160c3,video,1610078401,2,0,0
df3e8d57b0f543a4aa2d0b77cac27a8b,video,1610078402,2,0,0
461e0fe33da8488e8dd47324f82f3294,video,1610078403,2,0,0
9b192e09ed7142d5a222b052aba55006,video,1610078404,2,0,0
762aad524c9447768548d096ee5633d6,video,1610078405,2,0,0
dfcca75393eb42bc87050a9ae374b400,video,1610078406,2,0,0
0144ddfdc92145bebd8386c41bc75b70,video,1610078407,2,0,0
4645dddf8f7446b0b2b3eb4d23925b70,video,1610078408,2,0,0
baa0402ac9a345f49a0d26615d6253d0,video,1610078409,2,0,0
baccc69cfad844719122762cca1bc939,video,1610078410,2,0,0
079bf4d39fc34872bed294eef2c6fb70,video,1610078411,2,0,0
6064758ec3934812b6479bbef66e09c6,video,1610078412,2,0,0
3df2189d3c5f459099d6e7e1d5b35dfa,video,1610078413,2,0,0
f042568344db4430a5b8e00179c00038,video,1610078414,2,0,0
d0126396fae3435aa4c2080661220b3e,video,1610078415,2,0,0
2ac096e1cdf446d99605ad936489368c,video,1610078416,2,0,0
f85ad16230794e6dbc60927d613dde9e,video,1610078417,2,0,0
8e59bebc52154243984a2ced4a07a496,video,1610078418,2,0,0
1a08318d57ff4748abc996aa996c9233,video,1610078419,2,0,0
ee95a975cbb74289a2003cd6efe4b8e8,video,1610078420,2,0,0
c7f666d3716e45a4a20e2a32e4731a56,video,1610078421,2,0,0
02b136165e604bae97dc997252b247f0,video,1610078422,2,0,0
fa050900a9d64b10926dbbed3c854c1a,video,1610078423,2,0,0
a0113f91461946cab2e9e1c40bec3e6e,video,1610078424,2,0,0
8e0085212af24b7698ad0565b1ba0eaa,video,1610078425,2,0,0
81ad3950644e4a2e85b34df3299c73bc,video,1610078426,2,0,0
c82a175023e44a37a148f62a3aafa213,video,1610078427,2,0,0
5e891c2cb33a42d9b931b9aad58b0f2f,video,1610078428,2,0,0
f978fcc78be74d058dfb1396df2e0ab9,video,1610078429,2,0,0
eea36db731e04c619adaf717a4197c81,video,1610078430,2,0,0
3f0086238ac44640a24c088b9b83c9f7,video,1610078431,2,0,0
c43aa8f2839f4253abc273dd8673efc0,video,1610078432,2,0,0
ac653af8a1724e80901d8142a22465fa,video,1610078433,2,0,0
5418406e29ad455eade85582ece6bb61,video,1610078434,2,0,0
25ce83451a2f4c6bbb252e00d0a89296,video,1610078435,2,0,0
76210e2ae9c94c828d6f993573850bc2,video,1610078436,2,0,0
f8012966c49c4f29a9ddfcc3c9e8fe11,video,1610078437,2,0,0
01fcb65feb2b4621b8a79f687dce69d6,video,1610078438,2,0,0
b62760f295244e10a26650093d5039ff,video,1610078439,1,0,0
691153dd9b3944139ebb9c64d667d1c6,video,1610078440,1,0,0
29ceb4012dc64930ba570c45e3cb98b4,video,1610078441,1,0,0
e81a0c26267a498394c7f4b8fff0f7ac,video,1610078442,1,0,0
3b0c68c23167432e852c9c714ce06330,video,1610078443,1,0,0
9d0dc44842c24952b2b2998f3391c99f,video,1610078444,1,0,0
5b5ed7acd6a942bab79a80786563b752,video,1610078445,1,0,0
6fb0017da4024697837e66e5f668fc15,video,1610078446,1,0,0
7f1c58c46c2c4c1da10cca57a48aa695,video,1610078447,1,0,0
ff1d1b8e31da4edab7aa2ffb03362c18,video,1610078448,1,0,0
1687b20533a6400b9e9959a349a9b0f1,video,1610078449,1,0,0
fb5beb853806440caf426978aca287e5,video,1610078450,1,0,0
61fd08e1918541dea82f1ec413922624,video,1610078451,1,0,0
5d5527f3ffb14eac877c4ea7f6f1a226,video,1610078452,1,0,0
a95368969a8c4da6be767903a1efabc9,video,1610078453,1,0,0
c86cd9f619144ccc8a50468ab5d27467,video,1610078454,1,0,0
204d6b41f73b4e98872d7a4b154a7a86,video,1610078455,1,0,0
a2116cc0132147d990e7f4752aee8b3d,video,1610078456,1,0,0
89534091da7d4fd9bf33bec3658e78aa,video,1610078457,1,0,0
e1a1b1895795453aa7496e62268cd6cc,video,1610078458,1,0,0
493749e5ab4e4d5bb13cea8fc86cfdf4,video,1610078459,1,0,0
d21310fc3c29422ea2b56022de4db2b6,video,1610078460,1,0,0
88f22746a543462c93ef26708abc7e76,video,1610078461,1,0,0
d10753ee12884929af8d4e590038a249,video,1610078462,1,0,0
e8684db8c5a54036aab0965e7889afad,video,1610078463,1,0,0
d91c78d4cbd449519939c2f5d380b095,video,1610078464,1,0,0
0bf47356143b44a1b9042ef5ec79f8eb,video,1610078465,1,0,0
6bb79828c4d248d9be8e14e7161a0754,video,1610078466,1,0,0
22a8cabfd0b84560bfdb1f5a046736a6,video,1610078467,1,0,0
f85bb8bf62e4475391bb70cecd2d582f,video,1610078468,1,0,0
c2b2ca90af50433db9735aa2187cd0df,video,1610078469,1,0,0
2c859648fed74b3388a407b287e9f596,video,1610078470,1,0,0
fac164bbd70044d49de66bebef1769e0,video,1610078471,1,0,0
a17e191d1e96417d9580939818c9bcb2,video,1610078472,1,0,0
fc9b0be5b22c427bb6b5e5d649e08376,video,1610078473,1,0,0
6276465e0d3f447eb0b93005e2fd604e,video,1610078474,1,0,0
e8490f773f3641ec993bdaad9b7c2fdd,video,1610078475,1,0,0
c254a971621d4f3a9c834063adfed629,video,1610078476,1,0,0
d3a1abe88f4341a696af853266bd7fe1,video,1610078477,1,0,0
27f8a9c302c7426fbc9bffdd2d9fa12c,video,1610078478,1,0,0
c30d6d667e9d41e8994fbb7fb6bba22e,video,1610078479,1,0,0
bc6ee269f17c4bae9a49f10837246d71,video,1610078480,1,0,0
52bd759b7e8849748e0d760a84647e47,video,1610078481,1,0,0
e00d00f37a7e4e0787b6a16df0c87440,video,1610078482,1,0,0
54123db26a4947ea8db3487a59a697ad,video,1610078483,1,0,0
02bb2b28b5964512a6ca27e6d70df4b1,video,1610078484,1,0,0
7d057aeeb7274ffc92e5e3c2f6213ecc,video,1610078485,1,0,0
52824d3a0c0649268a3d7668eee1b224,video,1610078486,1,0,0
fe1e696becb74d7980f9d4f405ce6f87,video,1610078487,1,0,0
d10383abd4bd40c38b44fd3dda68e8f2,video,1610078488,1,0,0
53a725159b10488cbde8c77d72ff05ce,video,1610078489,1,0,0
b61ae87698ba4ed2822af2bc1c218914,video,1610078490,1,0,0
01d4fb009970475fbed5a36cb5317f54,video,1610078491,1,0,0
c17d60b7cfb347158122d1bca32bcabb,video,1610078492,1,0,0
2f383356709c4979b45631a6ce3a3899,video,1610078493,1,0,0
fcd523c6a044473dae9a344ec7f99f4e,video,1610078494,1,0,0
d2aad054a7fa4c6f8c66108fea3fec06,video,1610078495,1,0,0
8bfd3e68b9d94698bc2ee0e5d8b86c9a,video,1610078496,1,0,0
af639c9d84da42ee9bcb78c06a736da1,video,1610078497,1,0,0
42e89f0aa7394545a10a57ec4ac69f4d,video,1610078498,1,0,0
e5ebfc4073154f24b51b53c225520d58,video,1610078499,1,0,0
f19f851d1fd54462b2def10b8f3b1eec,video,1610078500,1,0,0
02d9a3d48c5e422ca4eebd5df5bcd058,video,1610078501,1,0,0
aebd49c59b65453293f043459457c893,video,1610078502,1,0,0
890574c4348347eb91d827751d857e89,video,1610078503,1,0,0
f5886994e2ca48aa856a6492ec1f837a,video,1610078504,1,0,0
fab7163cc6ae4979b11443cb4a4cc426,video,1610078505,1,0,0
90240abddfe743be96aa2f07bf156378,video,1610078506,1,0,0
0f6589bc1d4d4731ac440de3f158b3e7,video,1610078507,1,0,0
2ffaafba7930488ea6f6d79939c12109,video,1610078508,1,0,0
16920450711a417a997503a33d6b9447,video,1610078509,1,0,0
b9a10f8d076b40dbb47b3f7026e9b50f,video,1610078510,1,0,0
0a28b9e2bec64b75b3a1f3354f090061,video,1610078511,1,0,0
bb302ed97b3341aa95db12db04f6936c,video,1610078512,1,0,0
38458f317d3646d08f41fa62223a6086,video,1610078513,1,0,0
93ff561f7ae848c1bedea5a0745ea307,video,1610078514,1,0,0
e59e13828f6c42308feb09d12056e198,video,1610078515,1,0,0
7a5962e56b98471c943ce5c578400b5d,video,1610078516,1,0,0
fa62bc57263747318074b3757af125fb,video,1610078517,1,0,0
9f45616cfd0c4c47861009fafbab75ae,video,1610078518,1,0,0
dd5fd2575de24f3dafc2f38c665dee19,video,1610078519,1,0,0
3343c3ad6dcf431a886a5ce3fad896d5,video,1610078520,1,0,0
5cf439e2ee0d496d996b9d25f8b109ac,video,1610078521,0,0,0
ea9efaed47ca4ccfa9455c0a73a4b541,video,1610078522,0,0,0
11e1f9e4af214e4492bc314fba284bdd,video,1610078523,0,0,0
7c916b4ed81d40b28eafcd2bdf143c13,video,1610078524,0,0,0
39791c2de28c4b498790031fa493b863,video,1610078525,0,0,0
ecd540b103024158a36f3944b4617da1,video,1610078526,0,0,0
46668d6030ea4cffb88c93ee18e7d57a,video,1610078527,0,0,0
3e49dcae1a9043f3a365d7edfb0c5e19,video,1610078528,0,0,0
1fce4b7e932646e5abe0fb087755ef66,video,1610078529,0,0,0
2835cfa99867481eadb7f9e397e262dd,video,1610078530,0,0,0
a02f25cb8e334bd0baeec684d3955f50,video,1610078531,0,0,0
8b706709ff02443091e96116207e1a8a,video,1610078532,0,0,0
3abde2e7cc664c4ba0e2281f12cab7db,video,1610078533,0,0,0
1d70c042bbd3422da1eaa8de7341440a,video,1610078534,0,0,0
6ef56e7c755f42feb26aec6efed0b14b,video,1610078535,0,0,0
a4c46d971fee47a6b7944d7a203ef9a8,video,1610078536,0,0,0
cc61044399604156918d36858eeb7868,video,1610078537,0,0,0
cb9bb64f2eee4b2fa157a810f88b9658,video,1610078538,0,0,0
99323f2e80f245dfb93dd379d8337130,video,1610078539,0,0,0
48a37780aea64759be3eff6de81e6519,video,1610078540,0,0,0
5e97dbef9020420488ab41b3bd179896,video,1610078541,0,0,0
544e1df3187247d1905e9dba901b9a2c,video,1610078542,0,0,0
879f855f556b4f698f2cda4be44e654d,video,1610078543,0,0,0
75eb78d3dbb34307b05849d6dc799d83,video,1610078544,0,0,0
3b2e7a2725e445fe844930c584fd6eff,video,1610078545,0,0,0
1c208cde1dc844939609df85f1960706,video,1610078546,0,0,0
1166b88d3ed74d6896fd90de64e0218f,video,1610078547,0,0,0
259fb762ceb643e68b7bd59f269a0b67,video,1610078548,0,0,0
ea206ba49f61439f83354d8343a7ea22,video,1610078549,0,0,0
092c86abf3524b4d9b460031edf3999c,video,1610078550,0,0,0
89842d22f6054e90a400f1ee96029ef4,video,1610078551,0,0,0
8fab95ef8a8b436c8e6c8b73d3099edd,video,1610078552,0,0,0
b456df4c4ad94c3f89bd73e0e699a3cb,video,1610078553,0,0,0
323ff53edb8941ffb6b768a9584a10f7,video,1610078554,0,0,0
246a39da61334b9f9817562b4fc731ab,video,1610078555,0,0,0
e676e17b12ee40d0acbfce50a0495bc8,video,1610078556,0,0,0
705f6fcafc5a4f16adcfa75dbc85b6a7,video,1610078557,0,0,0
de7aec05bb25468292679bad159bb080,video,1610078558,0,0,0
12fe7426195941b0b8b7af3f9d6a6a91,video,1610078559,0,0,0
e683f9f9e5224142b6a361f96c9ab869,video,1610078560,0,0,0
7f527018a8ab467aa53f76777a132134,video,1610078561,0,0,0
f5092b7372ee40ecac797af1ab3f0adb,video,1610078562,0,0,0
81525890f3f944dfa37e2027a177f8c9,video,1610078563,0,0,0
db9eb988e5a9416a9e92269ed9afe3f3,video,1610078564,0,0,0
2787e8811d224396a84ced643118bf23,video,1610078565,0,0,0
32737ea7da9246ea89c902b1e607d7ac,video,1610078566,0,0,0
7acfa3ed9a0b4e098d39e98c7d11131d,video,1610078567,0,0,0
fc1f9893188f4ba38f988cd9eb7eda2d,video,1610078568,0,0,0
350d0e29a3c24b52930f0e10b4b95165,video,1610078569,0,0,0
01bedb8d07424769a7930297b7b4d0e5,video,1610078570,0,0,0
cf00cbb1663e47e6aeef92f6ecda684d,video,1610078571,0,0,0
9d56d5a2efe74a0bbdc6621afa0a612b,video,1610078572,0,0,0
97013fb310204943835fb1a46a961d90,video,1610078573,0,0,0
ce870b79e0dc4ea593f83b6ac2cb1fdd,video,1610078574,0,0,0
6ec6cd9d0d3744b48fa9a4a34b48e5ca,video,1610078575,0,0,0
67093f6c1eaf455fa1b99901a6b62328,video,1610078576,0,0,0
cc0b24eea2b448968cd0a443ace00249,video,1610078577,0,0,0
f913851b55154d11a4b20d60188db951,video,1610078578,0,0,0
b89e99bdd6324455ad44515415b6cc64,video,1610078579,0,0,0
62428544c059490b9b7cab75bb3fc0a9,video,1610078580,0,0,0
819914f08952437b9de2a9e98faeb86e,video,1610078581,0,0,0
