action,start,container,create_time,rent_time,end2end latency,time_from_system_start
fmp_twitter_streaming,cold,create,0.4606242179870606,2.384185791015625e-07,0.7463746070861816,0.0
eo_athenarunner,cold,create,0.8950440883636475,4.76837158203125e-07,0.9727473258972168,0.3106224536895752
eo_gluerunner,cold,create,1.4759361743927002,2.384185791015625e-07,1.9548497200012207,0.31218838691711426
eo_ons3objectcreated,cold,create,1.933260202407837,4.76837158203125e-07,2.2171385288238525,0.31308746337890625
fmp_twitterddb,cold,create,1.9279491901397705,9.5367431640625e-07,2.0054483413696294,0.49683165550231934
sc_add_to_cart,cold,create,2.9909112453460693,2.384185791015625e-07,3.322658061981201,0.6023845672607422
fmp_comparefaces,cold,create,3.7726747989654537,4.76837158203125e-07,3.865412712097168,0.6040349006652832
sc_update_cart,cold,create,2.0184094905853267,2.384185791015625e-07,2.506377458572388,0.6052083969116211
sc_checkout_cart,cold,create,2.772433042526245,4.76837158203125e-07,3.1207370758056636,0.6062057018280029
sc_list_cart,cold,create,2.031830072402954,7.152557373046875e-07,2.211291790008545,0.6072049140930176
sc_migrate_cart,cold,create,3.23841404914856,2.384185791015625e-07,3.636897802352905,0.6083853244781494
fmp_twitter_streaming,cold,create,1.138899326324463,2.384185791015625e-07,1.0683088302612305,0.6650099754333496
fmp_comparefaces,cold,create,3.5111162662506104,9.5367431640625e-07,3.582155466079712,0.9320523738861084
sc_delete_from_cart,cold,create,5.951077938079834,2.384185791015625e-07,6.355296850204468,1.2966063022613525
cs_bot,cold,create,4.44185733795166,7.152557373046875e-07,4.849019765853882,1.3396849632263184
df_union,cold,create,9.008085012435911,4.76837158203125e-07,9.365355014801024,1.580228567123413
tcp_download_podcast,cold,create,7.610448122024536,7.152557373046875e-07,9.637150764465332,1.6035892963409424
tcp_check_transcribe,cold,create,9.269482135772703,7.152557373046875e-07,9.712435007095335,1.904184341430664
eo_gluerunner,cold,create,3.953409433364868,4.76837158203125e-07,3.5853960514068604,2.0430028438568115
fmp_comparefaces,cold,create,4.051778554916382,7.152557373046875e-07,2.986603260040283,2.4026377201080322
eo_ons3objectcreated,cold,create,3.820146799087525,4.76837158203125e-07,2.634922742843628,2.709437370300293
tcp_process_podcast_rss,cold,create,11.784916162490845,4.76837158203125e-07,12.12236762046814,2.7153499126434326
fmp_twitterddb,cold,create,3.7022643089294434,7.152557373046875e-07,1.683746576309204,2.9326438903808594
tcp_upload_to_elasticsearch,cold,create,12.819082498550415,4.76837158203125e-07,13.035063743591307,3.3041045665740967
fmp_twitterddb,cold,create,3.694424867630005,4.76837158203125e-07,1.5290789604187012,3.432150363922119
tcp_download_podcast,cold,create,9.554872035980225,9.5367431640625e-07,7.8940465450286865,3.463259220123291
eo_gluerunner,cold,create,5.237943649291992,4.76837158203125e-07,3.0855987071990967,4.052942991256714
fmp_twitter_streaming,cold,create,3.918359041213989,4.76837158203125e-07,0.6224930286407471,4.235281705856323
eo_ons3objectcreated,cold,create,4.71494460105896,4.76837158203125e-07,2.052497148513794,4.360071420669556
df_union,cold,create,11.670138120651245,4.76837158203125e-07,12.001893758773804,4.683201789855957
eo_athenarunner,cold,create,4.014241218566895,9.5367431640625e-07,0.19741082191467285,5.081726312637329
eo_gluerunner,cold,create,5.881198167800902,4.76837158203125e-07,2.985408306121826,5.083407402038574
tcp_upload_to_elasticsearch,cold,create,11.136762619018556,7.152557373046875e-07,11.365508079528807,5.1641316413879395
tcp_check_transcribe,cold,create,12.376668691635132,7.152557373046875e-07,10.698814868927002,5.868011713027954
fmp_comparefaces,cold,create,5.285426139831543,4.76837158203125e-07,1.1884236335754397,5.938688039779663
fmp_twitterddb,cold,create,6.059957265853883,9.5367431640625e-07,1.2749412059783936,6.5265562534332275
tcp_process_podcast_rss,cold,create,11.499043703079224,4.76837158203125e-07,9.713865756988524,6.66963529586792
cs_bot,cold,create,10.3065824508667,7.152557373046875e-07,9.269938945770264,7.02687406539917
fmp_twitterddb,cold,create,6.522705316543579,7.152557373046875e-07,1.391853094100952,7.199691295623779
tcp_upload_to_elasticsearch,cold,create,9.187729120254515,7.152557373046875e-07,9.417190074920654,7.268563508987427
eo_ons3objectcreated,cold,create,7.334997415542602,4.76837158203125e-07,1.7290699481964111,7.627945899963379
fmp_comparefaces,cold,create,8.580409288406372,4.76837158203125e-07,1.9639146327972408,8.804609060287476
fmp_comparefaces,cold,create,9.326311111450195,9.5367431640625e-07,2.633927822113037,9.202613115310669
eo_gluerunner,cold,create,8.406989812850952,2.384185791015625e-07,1.3599157333374023,9.487245082855225
eo_ons3objectcreated,cold,create,8.470078945159912,4.76837158203125e-07,1.0401804447174072,9.657968044281006
eo_gluerunner,cold,create,9.156996965408323,7.152557373046875e-07,1.1362507343292236,10.564164638519287
eo_ons3objectcreated,cold,create,9.143394470214844,7.152557373046875e-07,0.7684333324432373,10.691579818725586
eo_gluerunner,cold,create,9.229422330856325,4.76837158203125e-07,1.595386028289795,10.81459641456604
eo_ons3objectcreated,cold,create,9.36406135559082,9.5367431640625e-07,1.1083519458770752,10.940586566925049
tcp_download_podcast,cold,create,5.396648168563843,4.76837158203125e-07,5.57174563407898,11.072853088378906
tcp_check_transcribe,cold,create,10.510777950286863,2.384185791015625e-07,5.448396921157837,11.37372875213623
fmp_comparefaces,cold,create,9.180447101593018,4.76837158203125e-07,0.6781582832336426,11.609175205230713
fmp_twitterddb,cold,create,9.766038179397585,9.5367431640625e-07,0.24968719482421875,11.907723188400269
tcp_process_podcast_rss,cold,create,9.694912910461426,4.76837158203125e-07,4.5243568420410165,12.173101902008057
fmp_comparefaces,cold,create,9.753846168518066,7.152557373046875e-07,0.9267070293426514,12.20792531967163
tcp_upload_to_elasticsearch,cold,create,3.822284698486328,7.152557373046875e-07,4.053237438201903,12.773552656173706
sc_update_cart,cold,create,4.903180599212647,2.384185791015625e-07,2.1445846557617188,13.631909847259521
tcp_download_podcast,cold,create,10.923289060592651,2.384185791015625e-07,2.921766757965088,13.727727890014648
eo_gluerunner,cold,create,9.868578672409056,2.384185791015625e-07,0.7389760017395021,14.021317958831787
tcp_check_transcribe,cold,create,5.236577272415161,4.76837158203125e-07,2.937229633331299,14.042638063430786
sc_update_cart,cold,create,2.0902757644653316,2.384185791015625e-07,2.558098793029785,14.048107624053955
eo_gluerunner,cold,create,10.29927897453308,4.76837158203125e-07,0.6975691318511963,14.136569261550903
fmp_comparefaces,cold,create,12.178529024124146,9.5367431640625e-07,0.889836311340332,14.159193754196167
sc_delete_from_cart,cold,create,8.464161396026611,7.152557373046875e-07,1.1658458709716797,14.322323322296143
sc_delete_from_cart,cold,create,10.442798852920534,4.76837158203125e-07,1.0814836025238037,14.728981256484985
eo_ons3objectcreated,cold,create,10.961623191833496,4.76837158203125e-07,0.4638276100158691,14.808189868927002
tcp_process_podcast_rss,cold,create,4.2817602157592765,4.76837158203125e-07,1.9342832565307615,14.825664281845093
fmp_comparefaces,cold,create,11.66387391090393,9.5367431640625e-07,0.13175582885742188,15.167140245437622
eo_ons3objectcreated,cold,create,10.219639062881472,4.76837158203125e-07,0.4207594394683838,15.376910924911499
tcp_upload_to_elasticsearch,cold,create,1.335620641708374,4.76837158203125e-07,1.5596163272857666,15.425561904907227
eo_gluerunner,cold,create,12.02249264717102,7.152557373046875e-07,0.4998342990875244,15.570897579193115
cer_lambda,cold,create,0.5092687606811523,2.384185791015625e-07,0.630335807800293,24.477091312408447
t_payment_method,cold,create,0.4362812042236328,2.384185791015625e-07,0.7520945072174072,43.22253704071045
t_ddb_encrypt_item,cold,create,0.6194131374359131,2.384185791015625e-07,0.7927615642547607,43.823145151138306
sc_migrate_cart,cold,create,0.6415050029754639,2.384185791015625e-07,0.6657617092132568,70.8060507774353
sc_checkout_cart,cold,create,0.6559765338897705,2.384185791015625e-07,0.4845614433288574,163.7091543674469
sc_add_to_cart,cold,create,0.65677809715271,2.384185791015625e-07,0.4825108051300049,163.7103726863861
fp_notification,cold,create,0.5595123767852783,2.384185791015625e-07,0.8335092067718506,376.24599957466125
fp_sentiment,cold,create,0.7583246231079102,2.384185791015625e-07,1.0938785076141355,376.7480924129486
fp_conversion,cold,create,0.8046457767486572,2.384185791015625e-07,0.9883530139923096,376.74925780296326
cs_bot,cold,create,0.4369132518768311,4.76837158203125e-07,0.8442406654357909,684.5832369327545
sc_list_cart,cold,create,0.4428064823150635,4.76837158203125e-07,0.6114826202392578,694.4456412792206
eo_ons3objectcreated,cold,create,0.4955787658691406,2.384185791015625e-07,0.3488004207611084,718.8142285346985
tcp_check_transcribe,cold,create,0.646721601486206,2.384185791015625e-07,0.7308330535888672,773.3730478286743
eo_gluerunner,cold,create,0.5261015892028809,2.384185791015625e-07,0.486196756362915,929.4272923469543
tcp_process_podcast_rss,cold,create,0.5963952541351318,4.76837158203125e-07,0.9145066738128662,956.5948123931885
fmp_twitter_streaming,cold,create,0.6381587982177734,2.384185791015625e-07,0.3411281108856201,1023.2154002189636
ep_users_sign_up,cold,create,0.7586464881896973,2.384185791015625e-07,0.8399355411529541,1320.118178844452
ep_orders_create_order,cold,create,0.7473578453063965,4.76837158203125e-07,1.1779823303222656,1320.1193945407867
ep_products_table_update,cold,create,0.5746371746063232,2.384185791015625e-07,0.7554416656494141,1320.1201529502869
ep_warehouse_on_order_events,cold,create,1.155830144882202,2.384185791015625e-07,1.433126449584961,1320.920880317688
ep_payment_validate,cold,create,1.035409927368164,2.384185791015625e-07,1.273995876312256,1320.922120809555
ep_products_validate,cold,create,1.0355889797210691,7.152557373046875e-07,1.2757046222686768,1320.9230427742004
ep_delivery_on_package_created,cold,create,1.4324848651885986,0.0,1.6169657707214355,1320.9239699840546
ep_warehouse_table_update,cold,create,0.9384632110595704,4.76837158203125e-07,1.310199499130249,1321.4210262298584
ep_delivery_table_requests,cold,create,1.1933283805847168,4.76837158203125e-07,1.540029764175415,1322.1285552978516
ep_payment_cancel_payment,cold,create,1.1449968814849854,2.384185791015625e-07,1.230946063995361,1322.1298191547394
ep_orders_table_update,cold,create,1.292616605758667,2.384185791015625e-07,1.5256459712982178,1322.1323323249817
ep_payment_update_payment,cold,create,1.0334141254425049,7.152557373046875e-07,1.2230358123779297,1322.5211169719696
ep_orders_on_event,cold,create,1.0680074691772459,4.76837158203125e-07,1.5276739597320557,1322.7184278964996
ep_payment_process_payment,cold,create,1.0216832160949707,7.152557373046875e-07,1.232516527175903,1322.7201566696167
fp_notification,cold,create,0.5066764354705809,2.384185791015625e-07,0.7825582027435303,1400.5367822647095
fp_sentiment,cold,create,0.5945882797241211,4.76837158203125e-07,0.9084582328796388,1401.0392706394196
fp_conversion,cold,create,0.5633704662322998,2.384185791015625e-07,0.7251129150390625,1401.0404431819916
tcp_process_podcast_rss,cold,create,0.5598948001861572,2.384185791015625e-07,0.8967878818511963,1500.9851496219635
eo_ons3objectcreated,cold,create,0.4627685546875,4.76837158203125e-07,0.4042727947235107,1970.4031217098236
fmp_comparefaces,cold,create,0.4566833972930908,2.384185791015625e-07,0.17826318740844727,2040.0357003211975
cs_bot,cold,create,0.4757256507873535,2.384185791015625e-07,0.8975687026977539,2071.3994522094727
ep_users_sign_up,cold,create,0.7292716503143309,4.76837158203125e-07,0.79543137550354,2181.710428714752
ep_orders_create_order,cold,create,0.7592470645904541,2.384185791015625e-07,1.177825689315796,2181.7115619182587
ep_products_table_update,cold,create,0.7746531963348389,2.384185791015625e-07,0.9415910243988036,2181.712302207947
ep_delivery_on_package_created,cold,create,1.095669507980347,2.384185791015625e-07,1.283935308456421,2182.512846469879
ep_products_validate,cold,create,0.6262521743774414,2.384185791015625e-07,0.8465187549591064,2182.5144214630127
ep_warehouse_on_order_events,cold,create,0.8977539539337158,2.384185791015625e-07,1.169442653656006,2182.51615190506
ep_payment_validate,cold,create,0.9645419120788574,2.384185791015625e-07,1.1863021850585938,2182.517268180847
ep_warehouse_table_update,cold,create,0.8317322731018066,4.76837158203125e-07,1.197031021118164,2183.0114912986755
ep_payment_cancel_payment,cold,create,0.9872653484344482,7.152557373046875e-07,1.0670106410980225,2183.7126111984253
ep_orders_table_update,cold,create,1.0964181423187256,2.384185791015625e-07,1.319800853729248,2183.714479446411
ep_delivery_table_requests,cold,create,1.0889332294464111,2.384185791015625e-07,1.4129884243011477,2183.7156875133514
ep_payment_update_payment,cold,create,1.061309576034546,4.76837158203125e-07,1.239253044128418,2184.11017203331
ep_orders_on_event,cold,create,1.0411000251770022,4.76837158203125e-07,1.5010690689086914,2184.3114869594574
ep_payment_process_payment,cold,create,1.013423204421997,4.76837158203125e-07,1.2217259407043457,2184.3135623931885
sc_list_cart,cold,create,0.6850974559783936,2.384185791015625e-07,0.3605310916900635,2231.734694004059
sc_update_cart,cold,create,0.7491104602813721,2.384185791015625e-07,0.7250809669494629,2231.7354986667633
tcp_check_transcribe,cold,create,0.5969021320343018,7.152557373046875e-07,1.0242178440093994,2322.771672487259
tcp_process_podcast_rss,cold,create,0.5672636032104492,2.384185791015625e-07,0.392240047454834,2386.936347723007
tcp_upload_to_elasticsearch,cold,create,0.5554900169372559,2.384185791015625e-07,0.2618083953857422,2387.534943819046
eo_ons3objectcreated,cold,create,0.45062255859375,4.76837158203125e-07,0.2810688018798828,2428.991289615631
df_union,cold,create,0.690943717956543,4.76837158203125e-07,0.9954094886779784,2501.6186678409576
eo_gluerunner,cold,create,0.5051248073577881,2.384185791015625e-07,0.560161828994751,2817.389969587326
eo_gluerunner,cold,create,0.466282844543457,2.384185791015625e-07,0.6063380241394043,2817.793529033661
sc_list_cart,cold,create,0.4676985740661621,4.76837158203125e-07,0.6304893493652344,2847.534621477127
fp_notification,cold,create,0.5311548709869385,2.384185791015625e-07,0.7933492660522461,2888.7858803272247
fp_sentiment,cold,create,0.5401942729949951,4.76837158203125e-07,0.8684210777282715,2889.287528991699
fp_conversion,cold,create,0.6066257953643799,2.384185791015625e-07,0.7825374603271484,2889.2886242866516
ep_users_sign_up,cold,create,0.8734538555145264,2.384185791015625e-07,0.9552578926086426,3181.744410276413
ep_orders_create_order,cold,create,0.7394416332244873,2.384185791015625e-07,1.1672468185424805,3181.7455508708954
ep_products_table_update,cold,create,0.9784858226776124,2.384185791015625e-07,1.1586592197418213,3181.7463092803955
ep_delivery_on_package_created,cold,create,1.779695749282837,4.76837158203125e-07,1.9483044147491453,3182.547376394272
ep_products_validate,cold,create,1.1466214656829834,4.76837158203125e-07,1.3667869567871094,3182.549203634262
ep_payment_validate,cold,create,1.233293056488037,7.152557373046875e-07,1.446688890457153,3182.550586938858
ep_warehouse_on_order_events,cold,create,1.0123128890991209,4.76837158203125e-07,1.278731107711792,3182.5517296791077
ep_warehouse_table_update,cold,create,1.0793941020965576,7.152557373046875e-07,1.4441466331481934,3183.0451769828796
ep_delivery_table_requests,cold,create,1.2399437427520752,4.76837158203125e-07,1.5569305419921875,3183.7455790042877
ep_orders_table_update,cold,create,0.83835768699646,7.152557373046875e-07,1.0533533096313477,3183.746398448944
ep_payment_cancel_payment,cold,create,1.0708372592926023,2.384185791015625e-07,1.1387214660644531,3183.7473800182343
ep_payment_update_payment,cold,create,1.1241693496704102,4.76837158203125e-07,1.2932863235473633,3184.145159959793
ep_orders_on_event,cold,create,1.0534255504608154,2.384185791015625e-07,1.5347766876220703,3184.3455929756165
ep_payment_process_payment,cold,create,1.003178596496582,4.76837158203125e-07,1.235908031463623,3184.347220182419
df_union,cold,create,0.6094412803649902,2.384185791015625e-07,0.9132800102233888,3255.800085067749
sc_update_cart,cold,create,0.4666941165924072,4.76837158203125e-07,0.688737154006958,3350.3122243881226
fp_notification,cold,create,0.5536928176879883,2.384185791015625e-07,0.8229434490203857,3360.0358715057373
fp_conversion,cold,create,0.7657787799835205,4.76837158203125e-07,0.9214837551116944,3360.537803173065
fp_sentiment,cold,create,0.8272545337677002,4.76837158203125e-07,1.132884502410889,3360.539014339447
sc_list_cart,cold,create,0.4700136184692383,4.76837158203125e-07,0.6312055587768555,3386.8631098270416
tcp_check_transcribe,cold,create,0.6192843914031982,4.76837158203125e-07,1.046344757080078,3805.661017179489
df_union,cold,create,0.5508506298065186,7.152557373046875e-07,0.8816812038421631,3836.3330273628235
tcp_process_podcast_rss,cold,create,0.5334012508392334,4.76837158203125e-07,0.8376920223236084,3857.3463411331177
eo_ons3objectcreated,cold,create,0.4317047595977783,2.384185791015625e-07,0.4414572715759277,3901.4280965328217
ep_products_table_update,cold,create,0.8652191162109375,2.384185791015625e-07,1.0321905612945557,4160.447458982468
ep_users_sign_up,cold,create,0.5966165065765381,2.384185791015625e-07,0.6631057262420654,4160.448612451553
ep_orders_create_order,cold,create,0.8032135963439941,7.152557373046875e-07,1.2199556827545166,4160.449674606323
ep_delivery_on_package_created,cold,create,0.9731512069702148,4.76837158203125e-07,1.1606242656707764,4161.251504421234
ep_payment_validate,cold,create,1.3669497966766355,4.76837158203125e-07,1.6032731533050537,4161.252954006195
ep_warehouse_on_order_events,cold,create,1.269892692565918,2.384185791015625e-07,1.5738894939422607,4161.253877878189
ep_products_validate,cold,create,1.0610578060150146,2.384185791015625e-07,1.3099470138549805,4161.255531787872
ep_warehouse_table_update,cold,create,1.0043513774871826,9.5367431640625e-07,1.3845961093902588,4161.747236728668
ep_orders_table_update,cold,create,1.5272324085235596,9.5367431640625e-07,1.761899471282959,4162.45015668869
ep_payment_cancel_payment,cold,create,1.468976974487305,4.76837158203125e-07,1.5535542964935305,4162.451637983322
ep_delivery_table_requests,cold,create,1.4590935707092283,4.76837158203125e-07,1.7945737838745115,4162.452857255936
ep_payment_update_payment,cold,create,1.142625331878662,2.384185791015625e-07,1.3006346225738523,4162.846746683121
ep_payment_process_payment,cold,create,1.1283807754516602,2.384185791015625e-07,1.3470509052276611,4163.047669172287
ep_orders_on_event,cold,create,1.1090176105499268,7.152557373046875e-07,1.5761919021606443,4163.049535036087
fmp_twitterddb,cold,create,0.4762201309204102,2.384185791015625e-07,0.2873520851135254,4184.079147338867
sc_list_cart,cold,create,0.465050220489502,2.384185791015625e-07,0.6444053649902344,4285.378102064133
cs_bot,cold,create,0.4783482551574707,2.384185791015625e-07,0.8855981826782227,4427.597806692123
tcp_process_podcast_rss,cold,create,0.5757300853729248,9.5367431640625e-07,0.8866593837738037,4458.738804578781
eo_gluerunner,cold,create,0.5055534839630127,2.384185791015625e-07,0.5518310070037842,4565.380654335022
eo_gluerunner,cold,create,0.4814462661743164,4.76837158203125e-07,0.5979301929473877,4565.834532737732
df_union,cold,create,0.5635149478912354,4.76837158203125e-07,0.8772685527801514,4648.557668209076
sc_list_cart,cold,create,0.4749913215637207,2.384185791015625e-07,0.6420438289642334,5024.840032339096
fp_notification,cold,create,0.5244710445404053,4.76837158203125e-07,0.7952578067779541,5161.40678691864
fp_conversion,cold,create,0.675513505935669,4.76837158203125e-07,0.8302199840545654,5161.9099860191345
fp_sentiment,cold,create,0.5706279277801514,4.76837158203125e-07,0.8984088897705078,5161.911058425903
tcp_check_transcribe,cold,create,0.5454216003417969,2.384185791015625e-07,0.9579246044158936,5239.3826858997345
ep_users_sign_up,cold,create,0.6491162776947021,2.384185791015625e-07,0.7322659492492676,5251.704412698746
ep_orders_create_order,cold,create,0.9227707386016846,2.384185791015625e-07,1.3577184677124023,5251.705605268478
ep_products_table_update,cold,create,0.8776235580444336,2.384185791015625e-07,1.0731234550476074,5251.706705093384
ep_products_validate,cold,create,1.1132550239562988,2.384185791015625e-07,1.3413727283477783,5252.508139848709
ep_delivery_on_package_created,cold,create,1.0011193752288818,2.384185791015625e-07,1.174588918685913,5252.509332418442
ep_payment_validate,cold,create,1.3911595344543457,4.76837158203125e-07,1.61049222946167,5252.510856628418
ep_warehouse_on_order_events,cold,create,1.1860904693603516,2.384185791015625e-07,1.4590778350830078,5252.512109994888
ep_warehouse_table_update,cold,create,0.9073104858398438,7.152557373046875e-07,1.278651475906372,5253.004620313644
ep_payment_cancel_payment,cold,create,1.054962396621704,4.76837158203125e-07,1.1265289783477783,5253.706964492798
ep_orders_table_update,cold,create,1.0611085891723633,7.152557373046875e-07,1.2810359001159668,5253.7092390060425
ep_delivery_table_requests,cold,create,1.0614347457885742,4.76837158203125e-07,1.384880304336548,5253.7104568481445
ep_payment_update_payment,cold,create,1.0354413986206057,4.76837158203125e-07,1.214916467666626,5254.104580402374
ep_orders_on_event,cold,create,0.9871330261230468,2.384185791015625e-07,1.4448561668395996,5254.30573964119
ep_payment_process_payment,cold,create,0.9537844657897948,9.5367431640625e-07,1.1601314544677734,5254.306889295578
tcp_process_podcast_rss,cold,create,0.5777521133422852,2.384185791015625e-07,0.6335668563842773,5406.6431794166565
tcp_process_podcast_rss,cold,create,0.5852553844451904,2.384185791015625e-07,0.9132318496704102,5406.893102169037
cs_bot,cold,create,0.5775508880615234,2.384185791015625e-07,0.9987113475799559,5506.248439788818
ep_users_sign_up,cold,create,0.8300764560699463,2.384185791015625e-07,0.9207198619842528,5814.529271602631
ep_orders_create_order,cold,create,0.9055454730987548,2.384185791015625e-07,1.336017370223999,5814.530408620834
ep_products_table_update,cold,create,0.6549143791198729,4.76837158203125e-07,0.8455579280853271,5814.5311913490295
ep_delivery_on_package_created,cold,create,1.265770673751831,2.384185791015625e-07,1.4430055618286133,5815.3299214839935
ep_products_validate,cold,create,0.9954419136047364,2.384185791015625e-07,1.240088939666748,5815.331179857254
ep_warehouse_on_order_events,cold,create,1.1029927730560305,4.76837158203125e-07,1.375338792800903,5815.33208656311
ep_payment_validate,cold,create,0.8829474449157715,2.384185791015625e-07,1.1169331073760986,5815.333228588104
ep_warehouse_table_update,cold,create,0.9503135681152344,7.152557373046875e-07,1.3257040977478027,5815.828331708908
ep_payment_cancel_payment,cold,create,1.323450803756714,4.76837158203125e-07,1.395625352859497,5816.530968904495
ep_delivery_table_requests,cold,create,0.7816307544708252,4.76837158203125e-07,1.1009607315063477,5816.532700538635
ep_orders_table_update,cold,create,1.1242234706878662,2.384185791015625e-07,1.3453783988952637,5816.534462451935
ep_payment_update_payment,cold,create,1.0118253231048584,4.76837158203125e-07,1.18733811378479,5816.928645133972
ep_payment_process_payment,cold,create,1.0328142642974854,4.76837158203125e-07,1.2353250980377195,5817.130228281021
ep_orders_on_event,cold,create,1.0113680362701416,2.384185791015625e-07,1.4679577350616455,5817.131584405899
df_union,cold,create,0.5964016914367676,2.384185791015625e-07,0.9209632873535156,5906.518565416336
eo_ons3objectcreated,cold,create,0.5352532863616943,4.76837158203125e-07,0.4020097255706787,6132.029981613159
eo_gluerunner,cold,create,0.721304178237915,4.76837158203125e-07,0.7922003269195557,6132.182512044907
eo_ons3objectcreated,cold,create,0.7423622608184814,4.76837158203125e-07,0.63857102394104,6132.345817089081
eo_ons3objectcreated,cold,create,0.8705976009368896,4.76837158203125e-07,0.7399873733520508,6132.674488544464
eo_gluerunner,cold,create,0.9200949668884276,2.384185791015625e-07,1.0550167560577393,6132.67559838295
eo_gluerunner,cold,create,0.9819784164428712,4.76837158203125e-07,0.5490434169769287,6133.175578117371
fp_notification,cold,create,0.4564921855926514,2.384185791015625e-07,0.7166273593902588,6314.70153927803
fp_sentiment,cold,create,0.6196081638336182,4.76837158203125e-07,0.9469785690307616,6315.202533960342
fp_conversion,cold,create,0.6656773090362549,2.384185791015625e-07,0.8413724899291992,6315.203773260117
sc_list_cart,cold,create,0.4528656005859375,2.384185791015625e-07,0.6243982315063477,6420.648786306381
df_union,cold,create,0.5654411315917969,2.384185791015625e-07,0.5401797294616699,6518.986355781555
cs_bot,cold,create,0.479177713394165,2.384185791015625e-07,0.8964521884918213,6897.965837478638
tcp_download_podcast,cold,create,0.5385103225708008,2.384185791015625e-07,0.69374680519104,6993.897778511047
tcp_process_podcast_rss,cold,create,0.5452082157135011,2.384185791015625e-07,0.8758938312530518,6994.997828245163
tcp_upload_to_elasticsearch,cold,create,0.5642478466033936,2.384185791015625e-07,0.7751746177673341,6995.599082708359
