id,time,exec,lender,renter
3f0f5960e9b84e1e915e6416425e30d6,1609937713.919009,0,0,0
072e10e1e746412eb99bcec0aed38472,1609937714.9210923,0,0,0
d08c7a05f08341c2af9f56c61ab83de8,1609937715.9647105,0,0,0
ce27f4cdd6f14d2d9da85f51d1c2bf97,1609937716.9331195,0,0,0
2055118256194ac59840b0651a75339d,1609937717.9347835,0,0,0
3dbd6ee6fad7428a9f22f87daebe2e1d,1609937719.0290182,0,0,0
67ef8d4905f04d968adcc66cfceff7a8,1609937719.9307885,0,0,0
34be3a1a45e54504a956615fbad9066c,1609937721.0592983,0,0,0
acf479066afa43db92c58fcd887def2e,1609937723.150476,1,0,0
f016b3f8b4d24656950b61623cb6ea7a,1609937724.577418,0,0,0
55a3a2bb2d88479d90f26c17b9e16bf3,1609937725.5804508,0,0,0
1fce946f00a6435d80607d2b32358df3,1609937726.4318118,1,0,0
3d15d2165480497cb79a730d78be38e0,1609937727.0650785,1,0,0
1eba7171cdf2489d85f38127f2bb7cf7,1609937728.8121605,0,0,0
e98e78fb3fe64bf795345c2be114b4fd,1609937730.0252419,0,0,0
30a5c09580ca406c92e885a10172ab7d,1609937732.3027556,0,0,0
139fa163b6c64c6d92d2c9190b567b40,1609937734.1015532,0,0,0
f72c2bfd6e364a19bba70d7cb036c3b0,1609937734.7913296,11,0,0
c63d95d91e384e34a2805f4a0c33046e,1609937737.7175848,9,0,0
10a3681141e641cfa4479ba9d7a9a68e,1609937739.2173302,1,0,0
2622adf591654c63adee6cc665a678d4,1609937741.4115376,0,0,0
12700d1470ac4970a3da8f4374ebbf88,1609937742.8066835,10,0,0
f08edc48023845cf93b1a9e886f984cf,1609937743.8580706,2,0,0
09083a56ac1d43388b9947739620690f,1609937747.3953302,2,0,0
8d489a7de58e4bdc8dfe085c8bdd377c,1609937748.797192,9,0,0
2e67fef531ce4a53acbe9d4507ccb408,1609937750.7171643,0,0,0
521ee554aa0f4d508d6af0b39d2e3775,1609937751.592521,0,0,0
a67a7c47b2844aa39b7a55dbab70a931,1609937751.88359,0,0,0
8657525b5fd24fc282e1c0480c0c4be1,1609937752.4095898,0,0,0
301612aabd8e4126bfbdf6dc980835c1,1609937754.6171796,0,0,0
fc678d82c6744b22b4b9b7431cdd7318,1609937754.863484,0,0,0
c0d28c97a9ee448abcb42c6658c28bba,1609937756.8035514,8,0,0
9d9e5b84576d4a7b87625923bf68d7d6,1609937757.6644309,0,0,0
59f778298f804ae58d1e3d66005d0687,1609937759.4020429,0,0,0
d45413ba08b44f048cdfb76fba4a8a88,1609937759.7262104,0,0,0
4b27b7c27a0b40bca106fc831f95456e,1609937759.9969084,0,0,0
815993d754974ea1bd3bfb1241061055,1609937760.1795897,0,1,0
3f6876af7f0d43cca4fd5b5a65806c6e,1609937761.5568266,10,0,0
eeb660c1b9914eef8aee087179a1c2ad,1609937762.6005168,10,0,0
a3ea4b2eeb9c4ac5998aba46fcb7124f,1609937763.9467278,0,0,0
ccbb48fdc15b47f8a7823cd3e7793a63,1609937764.9343402,0,0,0
aee926d9e42945cfa8fc0af6b579b494,1609937766.0673237,0,1,0
d3edc65f7eb9494c8ca8eb4ad7da49c6,1609937766.8199594,0,0,0
2b35929b30584b6ebdfe2e79a305d305,1609937768.8045287,0,0,0
cc5672ee09ed41679c862968beed6bc3,1609937769.3259873,0,0,0
2622ee00bd524d95947f17268d4eeb21,1609937770.0023494,0,0,0
3a1eabd6f9ce42c8b09d2fbb22f49477,1609937771.0778048,10,0,0
6e48bc5091e04828a1d13183c66e8e9b,1609937771.7352138,0,1,1
53d8b6d4ae4d47e1ba0cfd0bb02a6f7c,1609937772.5910509,0,1,1
88e2ffc4765a42fe8ec8eace0b35235e,1609937774.336877,0,0,0
4624553c2fe348d7b80d7da2b4615f47,1609937774.6805048,0,2,0
f24eea132bb34bcb8ca9e3a65f6a4bb4,1609937774.798936,0,0,0
85366fa1532845f4a3ab97fdb24d4383,1609937775.816936,4,2,0
ff3217b1a3654604bcac68fb7b477552,1609937776.102834,0,0,0
128db50944e0494b84f6a1d65e3c318a,1609937776.2581012,0,0,0
2db087b3757e44baabf4b7288da06431,1609937776.4638216,0,0,0
d7bcb11dd9f943779478a184be782195,1609937776.5658362,0,0,0
9d7b9704937b43baa42e2fce18f40c4f,1609937776.7202299,0,0,0
8a6d406b98214ce0adccaedbc6f94cb5,1609937776.979851,0,0,0
2dfa4a70bd7a4438b1e125b791ccbddc,1609937777.3094347,0,0,0
c35a4e61af6345e9b91a68f9151a259c,1609937777.5291176,0,2,1
e250ca81c9114beeb466bfdef806f830,1609937777.812012,0,0,0
4028fb7feba94bdb94048d6bc28e4013,1609937778.7740452,0,0,0
a14ce0e8b18f4cd1b171af228ee5ff32,1609937779.019692,0,0,0
54a8e8ddb9f74dcaa507932110a7dc48,1609937780.04927,0,3,1
13a2b1c9ef674e9db22772b9ad170c6a,1609937780.6197577,0,0,0
fd114db8b589456c9edde0bec6426ff8,1609937781.006458,4,0,0
d5c629e96d724adba845d3b82dbbace2,1609937781.6578057,0,0,0
9bdaf67cf6f547dfadd1706ccbfd4056,1609937782.3193507,0,0,0
1b06f832591d400f9d7f2161ca50b927,1609937782.9895415,0,5,0
0d3c4af9622a42d78e01f80ed077a9a4,1609937783.9508204,0,5,0
057cd70b4f1146b1819fc8d60c248ff4,1609937784.96204,0,5,0
8d77ead019884a2995e4e6f1b51c16a2,1609937785.9820728,0,5,0
c8dff4308fc54fc79cbef272d604ab64,1609937786.9934628,0,5,0
ad22ab2e1b9a4fb4a98f88f0b1a22661,1609937788.6609018,0,5,0
23476b1294be44b7aa86d0470e01fd6e,1609937789.7580674,0,1,0
f5b38b5c7708498f871e79caba2de46a,1609937790.3100343,0,1,0
6d005605b2c44682b4286424617f49ca,1609937790.9789019,0,5,0
8b0d692a40fc4566a7235b23daecd358,1609937792.035816,0,5,0
48f1efc9bb954bcd9120c762d0e4c7a4,1609937793.0052018,0,5,0
96a180c396fd4121b65e0ec8c654db31,1609937793.9671519,0,5,0
c1a67f6deca54ce0a33296deaf950d63,1609937794.9942973,0,5,0
536cfc303e9d49bbb89e7dcfa8035a1b,1609937795.971467,0,5,0
c0ea5ad92e2b4191a5f8f033669fc679,1609937796.9828548,0,5,0
02936c571abd4e65b594217b94393a33,1609937797.987129,0,5,0
906d31d8e42542e59b375bd85575f4bf,1609937799.8332999,1,6,0
766e19516bc44933b28ad7f2e35b31ac,1609937800.5946841,0,3,1
865b68392a3d4bfb9f5cad17c4a75601,1609937801.0759175,0,5,0
2a13db7748394e2e94e777cad76634be,1609937801.9779727,0,5,0
5ea4bcafa160446dbf193bbdc0b64aed,1609937802.997028,0,5,0
dc9aab97ee654dce9e95d8d39d454e2a,1609937803.9938374,0,5,0
93f922ca683e444e991f8754c42b640c,1609937805.0769043,0,5,0
aacab159de73433a81b5ea4cfb743961,1609937805.977122,0,5,0
c38ab7c855044dfe81df534b594c85b7,1609937807.014026,0,5,0
ffbd643a24c145669c9083000ff2ac3a,1609937808.0005348,0,5,0
c010d6ffe1d5464a95d7ceecb5502c3c,1609937809.752045,0,5,0
0479c5cf82564ca68a1f590da002e141,1609937810.5142732,0,0,0
4a5dd4b7de2a40f3aa0ed60b68e82237,1609937810.9832106,0,5,0
55e5b9c8b22644f2b2a0d0804eb616db,1609937811.9973388,0,5,0
07ce90cd93514f5281e42adad27022ee,1609937812.9842951,0,5,0
e393cb01667841dba7666d15cad04956,1609937813.9894261,0,5,0
d10963eea3544a9bb950852dbb4c80b6,1609937815.453113,0,5,0
eacd5884e9f0499b8cda15d0279d115a,1609937816.1086497,0,5,0
e107a3e7b4dd4bb78f8be0256a3a48c9,1609937817.001306,0,5,0
7916ffe4ea9f4fadb1095fee4ac9b1e4,1609937817.988288,0,5,0
a39c2cf5464548ec909f8f199cfe0d4a,1609937818.9849412,0,5,0
c3f81c374bd94105a677a2bac2eaadd3,1609937819.9882736,0,5,0
b02515bccec9499ea5c935a21a94bb09,1609937821.0249126,0,5,0
ba8339ec3c424684a61afea3c232be2d,1609937822.0720282,0,5,0
09f78cc505644c8d9180c6e16d572ce3,1609937823.0004268,0,4,0
a301b49443644ff090736d8e2c7b49f2,1609937823.9946668,0,4,0
43dc3c41f635490380b463498be87a98,1609937825.0558128,0,4,0
8015fdccbbf348d78720e42a7574b444,1609937826.0094347,0,4,0
3a10ad1b09914ab180e21c5df57329ae,1609937827.0038877,0,4,0
ae61183571a1421aa1fc18c84af6519a,1609937828.0149298,0,4,0
db77f1f0e76e4d0dad70ba0920cae316,1609937829.0184257,0,4,0
ea244f55b0c04507ac8aa400bd2ba627,1609937829.9959548,0,4,0
f5712b9b8db74273b8e58c6c7f12996d,1609937830.9902034,0,4,0
4285cf710be74ec79a7e750908f79614,1609937832.0470715,0,4,0
48129b13f9e041dea9bb7f4d418ce7df,1609937832.9839408,0,3,0
b843f59e93da4a3e81ede1fb76160d38,1609937834.011242,0,3,0
a39b44bd76914763b20cb63374e38668,1609937835.015768,0,3,0
7d657eb4836d4d50b3672ead9a35f144,1609937836.38132,0,3,0
30cfabe453104bd1855ee11effb0e183,1609937837.0198555,0,2,0
69caf37f17bf4faebd1251629021f720,1609937837.9976249,0,2,0
d4e0053702404fc3832ad97bfcb74edb,1609937839.0348916,0,2,0
d4f4877bd5a44e8dac0d94a2b78dc40f,1609937840.0214121,0,2,0
7e25c6bda67e40df9d1ed0ff4ed3d6fa,1609937841.02452,0,2,0
d0e8bebf2f054adbafc127a50710c206,1609937842.038547,0,2,0
4bab9b3aa3ac4f91a5c80388889e1664,1609937843.0152695,0,2,0
b33b0030a45d4d47aa5202f75b74c4e4,1609937844.001178,0,2,0
02f55ac2965d437987d38acc4517ce65,1609937844.9961295,0,2,0
789b0912a8104aca8166c0b24d34d067,1609937846.0411193,0,2,0
ff356045b953453bbe3aee787cc89c54,1609937847.0194836,0,2,0
62e85514f38e4631bfffcdaf89ffd91c,1609937848.048068,0,2,0
ea25ec1837254a05a03f80e4081d7cb1,1609937849.0258503,0,2,0
df08005d31f84c8c87344637862a673f,1609937850.011998,0,2,0
88c2fea9e9524aceb9e2e674c92009b9,1609937851.0146837,0,2,0
5ad41b1f475041a2a76808e679d19b52,1609937852.036749,0,2,0
a1ae4b6679ed478aac78b4cd1a301cb8,1609937853.0224898,0,2,0
482deb1ed74f4f65b74cdc619b71dd4b,1609937854.0253816,0,2,0
39628f7a29764436827eb2a1080c2876,1609937855.028667,0,2,0
ed00e871cd6642258ab7a8b5a91d4849,1609937856.0231788,0,2,0
7cc34b1fa7954c489ea4216a54495734,1609937857.0377812,0,2,0
d0f77405247e4cf78eef2d14f6f46524,1609937858.0327685,0,2,0
9ec37044e5c94f8b9227f9b31649ca09,1609937859.0526648,0,2,0
4f87d2c791044b93b7ffc9c42f48b65e,1609937860.072379,0,2,0
b08a003d5ddc47c98c11248b653c126e,1609937861.0172336,0,2,0
f97d3c218e65468786b1a253f26459df,1609937862.1475325,0,2,0
296198e65b8f43d78d377088719f65d4,1609937863.0258558,0,2,0
8655848193ca4d7c9ea7d041a2cfef6c,1609937864.0211356,0,2,0
f87a9cc7252a4abb967b464682a1c316,1609937865.0326428,0,1,0
66ef2027ea3b4d1880246d497d03f77b,1609937866.019218,0,1,0
84410ec069ac42b1b26b76596f0c8358,1609937867.022163,0,1,0
159b6464d69047959d3fb2aab0a5116b,1609937868.0345163,0,1,0
58feb85dbf8048a48e41b58331b7e8f2,1609937869.0383596,0,1,0
c230c4dfc67941278763273e96e56dc2,1609937870.0253935,0,1,0
45e256584e3a4ca4a516ec2d5c50b490,1609937871.0200198,0,1,0
c7a023058d9840048729c97ac8f7ccd9,1609937872.4268727,0,1,0
904ada92a092421e959572969de53bbc,1609937873.038242,0,1,0
d0c66059269843aa8b65e357aaa268bb,1609937874.0670738,0,1,0
d612e9f7129b45699d49648ca0699a49,1609937875.0366228,0,1,0
e62ee58c6da043daa943efef04ad5fe8,1609937876.022902,0,1,0
68f359ee2acd4653b9757115c405d8a9,1609937877.059405,0,1,0
709184312057468c8bc484ce4f9c06e3,1609937878.0629401,0,1,0
d4478946c30a4a6b8c8772a6ebcd30ea,1609937879.032477,0,1,0
154476cbbcc540fbb885b5f9b177a2f3,1609937880.0280042,0,1,0
276074702dd14a63a906beda437b0f05,1609937881.0486512,0,1,0
76d08550d57a470180d9c63d05132986,1609937882.0631478,0,1,0
53b9898b1097496a97993cac5c7872eb,1609937883.0329876,0,1,0
0870c92ba9c9499aa9f24a6eca9f6abc,1609937884.011865,0,1,0
8ff13661578849fa9d1bdb7bc3424d7f,1609937885.0489452,0,1,0
cd6108b2c71348c4a6fb781631ab63b5,1609937886.0272088,0,1,0
48c0b6d543fd4fa1a0b72c3266ddf366,1609937887.0470643,0,1,0
3244cf6d3dfb41a8a9936471c1868e2b,1609937888.033416,0,1,0
4e0a5040f6ba460095f3b7b2325a92a8,1609937889.045592,0,1,0
6da2c80290f14a3991d274de529bd973,1609937890.0831714,0,1,0
7dc65106d66f4161bcef98b70ace71b6,1609937891.0452425,0,1,0
2ccd55942a4143318039d3f2a931589b,1609937892.0763133,0,1,0
f5f53eb3a1b54c73a24b577621af5163,1609937893.0219834,0,1,0
9a1c2f4540734ada90bdfa7284fe1d93,1609937894.0832505,0,1,0
b8ac8747cb9e43b9af8490de0c485be4,1609937895.0937805,0,1,0
84d7924bb5134f73a8bc14549a9c408f,1609937896.055153,0,1,0
c2b2910ada2249a5b60a4226fd6ab7a0,1609937897.0494845,0,1,0
e8cd3b67b1954272b0922daccf996c62,1609937898.044855,0,1,0
c03f165f899342e6b279449de8380c24,1609937899.1917934,0,0,0
9cc939a13dfe4baa92a3fb2e44325168,1609937900.0353744,0,1,0
ca7a8adb40754745a5accfb764682087,1609937901.0477664,0,1,0
7505554e86b547b1afb7141a965cc9db,1609937902.1375244,0,1,0
681df1f971ba4ed5b588602c9603a150,1609937903.5988383,0,1,0
ef1e5d5ca7824edd9b6b90823abb7595,1609937904.043534,0,0,0
8868d49a87c54cb49306bc040e578ad3,1609937905.0451617,0,1,0
1e139e96e58646c4b3765c854efa0483,1609937906.0565226,0,1,0
cef1df7dd40845ea83599b05696309af,1609937907.0334055,0,1,0
672acab19d0d44259cf4346b57357fb3,1609937908.0527594,0,1,0
de0f536aa3bf453c892ee01eb03b3b07,1609937909.073575,0,1,0
8327aa1881374ddca8ed8afc49d41701,1609937910.0599382,0,1,0
19efd7314cd846198b807bb2afd81bb6,1609937911.054232,0,1,0
7340f45d8e5a4d8993a6a0d9b1b0784c,1609937912.1516485,0,1,0
f68a381b6ad4497bbd9c8cdc6abe3158,1609937913.0717983,0,1,0
de01017599cd4f8589a368f3a77f8369,1609937914.0503979,0,1,0
84786b8a22b848208697d7861ce4984b,1609937915.0617824,0,1,0
bfb2f71361814f75a383ca1ee6d054e1,1609937916.0726607,0,1,0
f15760e9808d4468b2593943ebda8675,1609937917.0587354,0,1,0
bf7c3e57341a4a33b9533cbc4bdf541b,1609937918.0372696,0,1,0
f977cb6eb8b9421ea0cb2544f58dd85b,1609937919.0416396,0,1,0
e7b4379e63ee4039a768ce3119d8e5cc,1609937920.0529554,0,1,0
5d21e7826c124553b9253ad935d0db9a,1609937921.0722792,0,1,0
3a7522168b4348fe9af5526dc77917ca,1609937922.2189555,0,1,0
dd31b5c4ba364ac484d0e270844fe44b,1609937923.1127505,0,1,0
afba3fbf5f3b4a23818309f8c3e0db16,1609937924.0987153,0,1,0
bcbd50a6d29142fd91b3c1a72a0df537,1609937925.0761342,0,1,0
4af4585cb72e441b9f5fe7a304d5af18,1609937926.0543568,0,1,1
a6faddbd93cb48efbd2616e9a4ca4e6a,1609937927.509449,0,1,1
e9bbd64f8d44465083ad86abf113340d,1609937928.2381496,0,1,1
0613c0d620674d7abb31b84c0959a728,1609937929.0583794,0,1,1
15f25d1fb765436893b8acbc496c5998,1609937930.0470197,0,1,1
309a6b5309e847c2bb2b46a424aede4d,1609937931.0573683,0,1,1
84e25479ddba465895fe68c74348b4b2,1609937932.0875523,0,1,1
75abd2e22cc8422395b2fcca6ed55431,1609937933.0652344,0,1,1
8253d18f887c4396a9ea8c93445846e1,1609937934.0615523,0,1,1
e21d7c80172b4b7184950d8229d9e7ba,1609937935.0806625,0,1,1
5666b5be951a4da0a0e6f3bd315994c7,1609937936.0663965,0,1,1
41b3f3b8fb58425585b4ceec3e70ef6f,1609937937.05954,0,1,1
b88bb8a3dd124c46aec812d1973f49fe,1609937938.0455618,0,1,1
4f3fb5d2e4b44fc8910e08f920ddf577,1609937939.0558436,0,1,1
c8ed04112a8645dab6a7742ba01e1a4e,1609937940.0670996,0,1,1
28b7b469937c4429b1573656fb3a5331,1609937941.0612555,0,1,1
9b9d47253f0048168a720062cf58fed7,1609937942.208057,0,1,1
a765ed81e99d4d82be6a377d9f9acd51,1609937943.0684946,0,1,1
5e4889a2f5c54341aa7b9aa55fba3559,1609937944.0632849,0,1,1
64e6efac17c94d35a689fcc0ee3e78ae,1609937945.0733519,0,1,1
cada734ff37548a2bc6e34456a39fbf9,1609937946.0671382,0,1,1
cb03fb5bd287407ebd3305262ffaed21,1609937947.0873075,0,1,0
d271448cd7574a8293153eb8893ca0f5,1609937948.408315,0,1,0
a85e872259c542f58603a946ff861c60,1609937949.0951202,0,1,0
4ab4f23c799e4449b36264429617b9c8,1609937950.081213,0,1,0
9f14a83a43a1418dad3cdaf873cd9018,1609937951.0753934,0,1,0
03410bbf4f5940ab825f51190ebf7c2e,1609937952.113372,0,1,0
e1bc0466148045cf9358068f7350e8b5,1609937953.0572546,0,1,0
abcb19684e6d4ac59617a5b7d3a373ea,1609937954.0844574,0,1,0
cfc6ce191dc54c02868057de2ba21ee5,1609937955.1283605,0,1,0
320d42977f90405793f9f31a32263775,1609937956.0727198,0,1,0
0151689f6bf34da39503f837e14ef6a6,1609937957.0829337,0,1,0
a0dae42d009c43fda41902cc8c7c28f5,1609937958.085265,0,1,0
7b671ef5b5c84e6da9c55047dfc839c1,1609937959.0956876,0,1,0
4a157a2f80e84b9cb59dae637f79b0cd,1609937960.0907412,0,1,0
b05c5d25deba469a9f58ba496c04611f,1609937961.0762215,0,1,0
972adc1042a04cd19ba26320b0c5fe29,1609937962.1646137,0,1,0
fc622602b1a947448d82ac61fae6a1e4,1609937963.083129,0,1,0
e81df90618534978b79354ec1396fd18,1609937964.0939848,0,1,0
d77a1a8266004bbcaa6a4e5ddc2978e6,1609937965.104296,0,1,0
2163f440829e4813ae8ba9a2551ef70e,1609937966.073486,0,1,0
4fb858bf0f204e628571a1af9c595eff,1609937967.0926006,0,1,0
dd964f18818f4184ae0db4e964f09a52,1609937968.0865126,0,1,0
b6a665fa6539471fb283d859b265a3f8,1609937969.0719926,0,1,0
fff7cb893df44d46b5264c99864c4ca3,1609937970.0587072,0,1,0
d914147414234159a95ef82a031e1061,1609937971.08642,0,1,0
9f72f62b700146c7aa2bb43ca96e3de0,1609937972.2251072,0,1,0
836d91d25c324890bddcc46768cbdb9e,1609937973.0849872,0,1,0
5be293e17580419aa5ab0c1d82b7b23d,1609937974.0792556,0,1,0
5256ad9a5dcb4c6eac316c29812253ef,1609937975.0896544,0,1,0
70097e0ea4f14935980f76af0be5ef43,1609937976.1091728,0,1,0
236db73a62e94ce8a86c5b173d7b93d3,1609937977.0943346,0,1,0
a9f8f02de1264297926f49e7c5d1cbcf,1609937978.0967495,0,1,0
fef56c813d0848b286a56a20179555c0,1609937979.0994847,0,1,0
69df7570e0c84c299e229bb0ff23d862,1609937980.094316,0,1,0
f5a08a0bea4845c0899b607baed34b92,1609937981.0795271,0,1,0
c7dddc19bcba4f4590a51635d48a8397,1609937982.1178043,0,1,0
70d0b444932d47c9b6c71f3d078b1345,1609937983.086962,0,1,0
ee1ce6131bcf448a9e524a2b91214c6a,1609937984.089018,0,1,0
975ec76311334f27ba305bc994f2b259,1609937985.1167502,0,1,0
feff7daf61ad4ae9a1da7a004f963236,1609937986.135789,0,1,0
9847361820514f3da3a57686c9a1c0d5,1609937987.0880864,0,1,0
7e715226c9b645e9a938c31700880989,1609937988.0986302,0,1,0
0a9343fe29994931a06f89a917f5b68b,1609937989.1187756,0,1,0
68c5c23754004aca98d8f61b2b46e2ca,1609937990.0707636,0,1,0
fae1807b45074297bd0abe6453efcce5,1609937991.1063178,0,1,0
0e45e296f19e406a8b19b49c5d6516be,1609937992.161354,0,1,0
f2e9a7adb43e42d0913cba1bba8bc68e,1609937993.097493,0,1,0
4297e43eb054452396182f9ab559e765,1609937994.1000917,0,1,0
1f9aa8fd3e6b4dd291fdad03a243ed42,1609937995.10327,0,1,1
fc7975a99fa74a9c814adc5e746d17fd,1609937996.4662056,0,1,1
2517d0d621bc4d5fba646d850427990c,1609937997.263558,0,1,1
595fe6a6d7e54d53beb3972e94654d32,1609937998.0988321,0,1,1
9782044443b54585bbd8b308b2636b20,1609937999.0951426,0,1,1
48a0349b1e164f22b657f0572e7d7043,1609938000.1148257,0,1,1
2731205362f14121b5e75a71e6a2c705,1609938001.1091475,0,1,1
c93430f9cf4b46ce9fa3cef8c5fd223c,1609938002.1809223,0,1,1
f0cb68a28e6d4d4da30c2f02d87d02c3,1609938003.1077907,0,1,1
e09065ec45544a0c84ee0aba0930baa1,1609938004.102943,0,1,1
8e6a8f58b9564d80807d7e46cdfacbfb,1609938005.122936,0,1,1
0aa4e5b8ac084d4a9935e37c48521103,1609938006.0998628,0,1,1
981b9630b72e4e47bc93ff5b5cf8665c,1609938007.1106055,0,1,1
6a9a08ef19c14c38a914ce58fcaa1786,1609938008.1054964,0,1,1
e2ca1f4c80154362a8aa79378ac9b8c1,1609938009.124617,0,1,1
9e426bcf18b542df8423051c0931f7fe,1609938010.102305,0,1,1
31cf69ee06f64f47be16423fe25d6a68,1609938011.1303468,0,1,1
d87c060d7217443b9a5c13eb5b528495,1609938012.160403,0,1,1
3ef9914f568f4becb5d3bd5b70a076cd,1609938013.1210625,0,1,1
69094cf1dd0a45aeb5528a8a5c2c39e2,1609938014.1315944,0,1,1
3b18afdf20d6417fbab9fadfef96c7d8,1609938015.1089253,0,1,1
defefca8b52c46fcb4714d6835221bde,1609938016.1195288,0,1,1
90f1129f197e43dea4069bda734b0a77,1609938017.1639225,0,1,1
6b2b1fbff57e4a46917ec30a2d70ed15,1609938018.1163058,0,1,1
714699bc54504aed9c37d9de1e545fde,1609938019.126599,0,1,1
34af56889fda4dcd8d2918381dea1322,1609938020.113978,0,1,1
6043ca78e3ca4e13b61f7e5e4ec2281c,1609938021.1160142,0,1,1
f7932fd039be4cf79e4f5e9161724993,1609938022.1789927,0,1,1
c9e95ee66c6f46d19acca473de75a8c7,1609938023.0983765,0,1,1
a3b584e3b1f04783b237c3e9248067b1,1609938024.1008801,0,1,1
3b92b662c3c046e7ae48c2be5fc7717f,1609938025.1283157,0,1,1
7935f78b5eea453085892ff521734fb9,1609938026.1311545,0,1,1
cabe3ba9b117458f906791d67579dece,1609938027.1335099,0,1,1
84fc748dc07d4f9ab6639514cfb276f3,1609938028.102439,0,1,1
6f1860f92a2c4dc999b99b7f6a64c299,1609938029.1047258,0,1,1
fe5a6b1bfb9e496eb8801119ddf4618c,1609938030.1000533,0,1,1
540c18dc33504c55a9865e22e78dbe6d,1609938031.127506,0,1,1
c58035bcf64b45448e4db3ede0432bd0,1609938032.574758,0,1,1
fc32849b23ad4ce6939f8bbc6422af2c,1609938033.1351993,0,1,1
e31996bae7a644ffad8e48f79f954b71,1609938034.137398,0,1,1
73e325d8a1ec4f62b5d10f899a207401,1609938035.1144028,0,1,1
57a9be904d6944acbbe192c90be7b304,1609938036.1426682,0,1,1
caea13a9a28b4acfbc83706e1983a97d,1609938037.127823,0,1,1
e1157a44c14d4cc9a87bf2d37bfc9102,1609938038.1221464,0,1,1
92f4abfde4e34a3dbd1d61adcf1eda88,1609938039.1251287,0,1,1
db91310dc8ac462b8bab18fe30503422,1609938040.153214,0,1,1
f98162f464ca45d4bcb5277745749a5d,1609938041.1466634,0,1,1
7d6a9a16c2844dd8ae2b5d882768c9f8,1609938042.3353982,0,1,1
f020093005bd47679a686c1a3835ccf3,1609938043.129178,0,1,1
60f11be39b4345f2a2a802790cd27ffb,1609938044.1314068,0,1,1
e0e3e342b55d4aebac6a19afcae3ee95,1609938045.184287,0,1,1
ca0d4fb8096c4776961c62641db12e41,1609938046.1537712,0,1,1
2419aa7996834459b9c196c73f420759,1609938047.1389174,0,1,1
b08282557fb54d139bf1d55a960f22ce,1609938048.1335123,0,1,1
e88deaa80a9640f5a2dc67692549a058,1609938049.1357934,0,1,1
dfbb3ad357224ba8ba7ada757101d7ad,1609938050.1343148,0,1,1
b995d56fb50a4e94a1b138c5ad8cade3,1609938051.1452959,0,1,1
9085ce314a49459ba24c8cb24d91e083,1609938052.249968,0,1,1
ec836d8e62b44e488a1fe8b4abdce1e3,1609938053.1357672,0,1,1
5b612bc6e8fa49778368004719c4a841,1609938054.121525,0,1,1
f87b0bcf2e2c4da9859d2fc1ff2e9283,1609938055.1326647,0,0,1
cb64efb0f0a64f3e8b923b46d42b0f17,1609938056.126363,0,0,1
fbbc80dd95e94ee9817af913eabdac22,1609938057.1453383,0,0,1
98ae248b01ac48239b7ddd350513a869,1609938058.1397474,0,0,1
1dd3da108ea948d691ec883a5c8ed3f1,1609938059.1585784,0,0,1
b2554595f30f4d84a5099f07ceafef12,1609938060.1367357,0,0,1
d69f382ff4bd4c93a19a0ef2f802e565,1609938061.1391501,0,0,1
b658ec482d1a4d3b89922b43b481e838,1609938062.9866538,1,4,0
06651abd5557422491ef84fcfb286ddd,1609938063.949945,0,0,0
bae272823b974282afbb91dd57f534c7,1609938064.276137,0,0,1
26d207283310444e8841ab0527c2fc2c,1609938065.1278744,0,0,1
200f7fb5929743a8bdca424a87dc8c13,1609938066.1456845,0,0,1
dc99772f66bf46f18ef664d8142003af,1609938067.1495004,0,0,1
212d45c221ef40ad96cf20cf15c7b7aa,1609938068.5455542,0,0,1
b94acfdb3bea4eaea90a542d5f8b695d,1609938069.6178656,0,0,1
bf3b6ecc29b8442ea3d19563798ea495,1609938070.3290365,0,0,1
b1d78374d89d4859a646fdff5a7dae68,1609938071.1319654,0,0,1
a79d6fec9b7046a5a7bc68d2116a4d6e,1609938072.992714,2,5,0
9f740e3e76324451a666bfdb12f60807,1609938074.1141543,0,0,0
7045f43096234e46bcfa3073d528ebb9,1609938074.4572542,0,0,0
2def301cdcfa4cb6888216bc6530502c,1609938075.1769056,0,0,0
e57e165cc540447f91e138d93f287767,1609938076.6930175,0,0,0
17c61030826a4adaae09f63d06ed2b84,1609938077.1716526,0,0,0
eb0690bcddba43fc8cb3c738b6bbe058,1609938078.5508032,0,0,0
f42578cc3cb740ff93ce1869fdd5e7ec,1609938079.8489397,0,0,1
22aec980ac7c42d2be22daf84e449524,1609938080.6526659,0,0,0
8adf1e2502b94963a0847d23cf7c9e28,1609938081.998315,0,5,0
8dd96c5ec2f642028ca81fdc0dd9e8e7,1609938083.3450792,0,1,0
e20ee4d1e222430dae5eab133858e3d1,1609938083.5967593,0,0,0
9235a4e779894053becbd119438e0c3b,1609938084.1642096,0,0,0
ffa92b985cc04d5396c5740fc1dd5ec9,1609938085.1613429,0,0,0
743c5ca584be4a8a8bf80f9541237e50,1609938086.180744,0,0,0
85bd7686be3c4e6882fbf9c53601e143,1609938087.158858,0,0,0
7ae72176169a436db3880778bb39a2be,1609938088.1457083,0,0,0
223fff0886764f7a883eeb0cb009934b,1609938089.148435,0,0,0
d9013129fb9a4ff78cac785b4bb08066,1609938090.185719,0,0,0
634c20fca7994e09bebee94e1250eb10,1609938091.1638584,0,0,0
b670e0534fc3438696d5057552f0de03,1609938092.2776208,0,0,0
9aede34a75624bfe89dd9704e86250e0,1609938093.1551423,0,0,0
ff36bfd19aea4926bcb6c4614e8e4f49,1609938094.1824813,0,0,0
91cc5a2a22834d2f8106b2a706bd2ce1,1609938095.1682527,0,0,0
bf6c381491ec4daab5a10f1250c6a3f5,1609938096.1634612,0,0,0
7dfd259f4134442386fcb29d86d86727,1609938097.1848943,0,0,0
d9dcfa769d594a43a54e602953bd8b9b,1609938098.17797,0,0,0
539f960697404ccc80826fe61cb08c28,1609938099.1723766,0,0,1
fcc8d18673304873a215333d01e31ca0,1609938101.0086782,0,6,0
a88b26e5e8c64fbe93d35ff3c1274d9a,1609938102.008794,0,6,0
529b130bf457416ab266437e8b153372,1609938102.5879233,0,1,0
224cf58506cd4a8182f311ce335c8a6a,1609938103.1834915,0,0,1
18ed0e93b7df419e8345cc312bd978e8,1609938104.1616626,0,0,2
c2f572ad75b14a81aec589d12bf14077,1609938105.6084576,0,0,2
5dd2e4c5d4ce4198a0b53cad0f56132f,1609938106.3706977,0,0,0
e35098d8e0b8492195fad3d6a9473c40,1609938107.1728873,0,0,2
45f44348c6084a54af800b1307457e13,1609938108.194497,0,0,2
2995db4d31554931ab6ca04c8eadb0f9,1609938109.1643536,0,0,2
f93ad0228b79406695bd12aa6da9c84c,1609938110.1667948,0,0,2
f2e73fb4988b4783929d4afa9bef5e33,1609938111.2447686,0,0,2
f1271891d1054b0f944548fd4dd69926,1609938112.401279,0,0,2
9c0f17c279e14004ace8526e68bb2fc3,1609938113.153478,0,0,2
5f53190a411041b29c55b59ed520e376,1609938114.1815188,0,0,2
8f766d20b5694a829aeba3e9613e1f7b,1609938115.1851978,0,0,2
8d0c6d10d3154b34a029ec06be5964d7,1609938116.2127283,0,0,2
2c4d8c703c0a4a4383087e978fc5da77,1609938117.18381,0,0,2
05a14ae8dbf1487ba8664ef7a4b7a77f,1609938118.1709344,0,0,2
d893c512148a4859a182db24dd4a00e6,1609938119.1743853,0,0,2
f5e6e09a12314e56b4d2f38505b9a953,1609938120.1937401,0,0,2
5ae91c49849641d7b5057787e8bef517,1609938121.1805642,0,0,2
7fe0d61739ef4ac19e7cf301fa3361ea,1609938122.285496,0,0,2
9c1f14ee4c874126aafb7d94facf203b,1609938123.1794832,0,0,2
ab620bb532274ae1946941d9a23b5965,1609938124.1654756,0,0,2
a08381cdd51a47cb9d7c1392a699404e,1609938125.2186282,0,0,0
99c66735af9146bbb5843159307da2fa,1609938126.463746,0,0,0
e63ec86a349c4d03bfd21a97937c5efa,1609938127.236465,0,0,0
2c3b5d8592fd4823be06db9d478892f8,1609938128.207572,0,0,0
5a16005be1234154a84bbf44cbf42973,1609938129.193052,0,0,0
302472b63a044c6cb83eaac1daee5ffc,1609938130.1788235,0,0,0
28ce6d3ad0a54334964e4dfd54f11841,1609938131.190142,0,0,0
56746fd651734edcb1684a0b7587196c,1609938132.5032723,0,0,0
484343c7efca47d6aa9d62e9accb5300,1609938133.1805537,0,0,0
5eafbd3c9e2d47c7a9b69a44767f7102,1609938134.166024,0,0,0
af136d5e71cf4e1da23006cb6548e7b3,1609938135.1854343,0,0,0
8eb1d38e217c444cba6770e9df180f9d,1609938136.188048,0,0,0
510b4fd80a0840828065381b85cfec66,1609938137.1817873,0,0,0
4f4c06f5b48c4279bef3a7a310af17a2,1609938138.2015553,0,0,0
a26bdcdb96624891aedb5e9e03101ffd,1609938139.1950684,0,0,0
c9014f8376b5459c9fc22013846568fd,1609938140.172844,0,0,0
68579f3a0543427f98b676a6acd08e7d,1609938141.1929142,0,0,0
f42009176db849a394b481f21f91f046,1609938142.3395927,0,0,0
47db334cc4644e1a9e0fbc84042850ba,1609938143.175006,0,0,0
01e8c4d8b5a341f5ba55f637da5b5df1,1609938144.1778457,0,0,0
eaf38d9807b748e194f61581915b6a08,1609938145.1803093,0,0,0
05efb1076d7a4f38b0f13e05ae1b6a13,1609938146.1995878,0,0,0
7841f980d575493a8891dce42a20ff40,1609938147.1929286,0,0,0
b9f75d634fb94314b57c54d9b9f828b1,1609938148.2792597,0,0,0
3a912978cc2a47e99cf3405682bdd17c,1609938149.2318487,0,0,0
aa1b74d416894a6baa241804ee12727d,1609938150.1923032,0,0,0
0984f9c561d0402a945f292e5d3fed2e,1609938151.2122126,0,0,0
36cb752d63644babbbfccdf06b4af023,1609938152.2670944,0,0,0
cdac8c2787d24bf38aef45e4a9263380,1609938153.1862206,0,0,0
460c6094f9954fa192837f3b7f3f3942,1609938154.196594,0,0,0
937ae0ebe9e444c6ae4f15c041e88202,1609938155.1826048,0,0,0
be76c9106cfc48619924ab2863a536c2,1609938156.2097244,0,0,0
8a5962680955434697d2d25bce64e93b,1609938157.212442,0,0,0
86f2d4df8ff7497c8a477301824559ba,1609938158.181862,0,0,0
750d3d4778e542db945297ab874302f0,1609938159.183948,0,0,0
77dd66deb8dc491ba1c5dc6fc244c9a9,1609938160.2115355,0,0,0
4e4269fa42004160a116d010babf9d10,1609938161.2068915,0,0,1
f9fcfb4d6b5741eb92bf4b11f5cd529b,1609938163.0430043,0,5,0
b2aa4e52d6c14617a1de7013d85b5d00,1609938163.601741,0,1,0
1f593f60929440d497422d025eb518a6,1609938164.2123861,0,0,1
c26047880d0d4176a881039c9c3b2545,1609938165.2341754,0,0,2
2564b21a7ddc4b4e8f4cb238035c6488,1609938166.6988525,0,0,2
7be987269cd845ca80cc0621033f2aef,1609938167.4285398,0,0,2
392c4d27d3a04d34accd3e69645f25b8,1609938168.2383187,0,0,2
128e33743b2548cf9c43b651ba9a554d,1609938169.210456,0,0,2
dfba3b862cde4411a58aed63cbcabedd,1609938170.222018,0,0,2
cda7c7bdd0c94962ad77c216415c5784,1609938171.208412,0,0,2
a27355a878d342e99675d036e5c20a00,1609938172.4386697,0,0,2
0fc2da9724c94d59b8fcf53a57833c08,1609938173.2255397,0,0,2
e00b929d61fc43ea8923ed68d826d677,1609938174.2035916,0,0,2
05ddd9e60d61406791de07bf75150969,1609938175.2304401,0,0,2
0508d5923ccd4a81a98e185ba8175e2b,1609938176.2087302,0,0,2
62bc0c4bb9cb42be95a096735284e80b,1609938177.2029312,0,0,2
e07161f946e94bb480b04e481147a979,1609938178.1888819,0,0,2
c26897bbcb074cd0807b2433d91a9565,1609938179.2007127,0,0,2
9ef50c07677f4c1d94a030ccbaca2ab1,1609938180.203805,0,0,2
91f35b02c0ba4ac2a95265cf0ec655d4,1609938181.190606,0,0,2
04407adce499470f95aef8a1569bdd9f,1609938182.8124719,0,0,2
ad2b0cf4272b492b8488d175ea938d1a,1609938183.2556129,0,0,2
2cf2cbf3ced04718a728f7567af88d5c,1609938184.2250092,0,0,2
dcc4c4d344624fe6936237b6d5da66a6,1609938185.236682,0,0,1
69799b575fe1400e823194a9c0d5b293,1609938186.4739292,0,0,1
25910cb042c44ebcaf2bb838a5b11946,1609938187.2536073,0,0,0
225d72f4b9c64b408818e06909a4f554,1609938188.2838542,0,0,0
a09f8fe106684959b097a763e6e162b3,1609938189.2022223,0,0,0
60eb787bd8264f9689281e974030860d,1609938190.221756,0,0,0
7d597e50110343aea540ac5d9bad41f3,1609938191.2162333,0,0,0
b983fc4f22704ba8aaebec9f57160733,1609938192.3544497,0,0,0
58ce4061f7e244e5b40307675ae3ffd8,1609938193.2569425,0,0,0
d301b3b87fbb4c8abf9f7a5d73f0442f,1609938194.2261007,0,0,0
e0ad4582deaa4f1fb437b5e3b8efc0f0,1609938195.2198236,0,0,0
48de0540a19246ce8add476bf10ea5a5,1609938196.2308476,0,0,0
70f7f62784b44e39b981552e27c7a9ed,1609938197.2493896,0,0,0
271208793d9146d78d1493d703d33c2a,1609938198.2272167,0,0,0
a008ed64b1014f39b5c051945d350c72,1609938199.7714825,0,0,0
56d9f0e6e89d4ccda906bcb8a882b021,1609938200.2901297,0,0,0
94be3b7e65ff4c3590055f336e0020f5,1609938201.2433834,0,0,0
6776b1e509b746b99210478d8f7a8efd,1609938202.281454,0,0,0
05832bbd658e46c885f23706d5b4addc,1609938203.2421584,0,0,0
177376c04ae14613aa57ef327a22652e,1609938204.22844,0,0,0
f3b984263e7446da98aa12af214f6130,1609938205.2311347,0,0,0
e1866cd9cc3247b581736a2a013138c2,1609938206.2415776,0,0,0
f3ef18dd4cbe42b2809ccfe1d9e5e98d,1609938207.2186277,0,0,0
0e3af5369b7642c8aad790e216eaeaf9,1609938208.263204,0,0,0
f5b7fc3b35c84e598ae39422122ad0fa,1609938209.2160356,0,0,0
4f241cf6de3a4769891e8d9caf80fd97,1609938210.22654,0,0,0
ba24a792fddb4010b6b62857e64acb92,1609938211.2795749,0,0,0
9f53e0d1e58d491f9ad6e9235e58f7e4,1609938212.4673567,0,0,0
b32c35186f8444b6b350bb0ee7d56210,1609938213.2361238,0,0,0
e31f05f121c5461a9242a9625448713a,1609938214.214,0,0,0
6867c83b34284ad3adf68d2c42cfd1d0,1609938215.2246253,0,0,0
5c65bc41803d4735bb7317ea9c2e38ec,1609938216.2355092,0,0,0
c2b3b247bcc640ac8d23a65c7ccd3594,1609938217.2381175,0,0,0
1f809abed3fd4d328a34a41dedb61ad0,1609938218.2326458,0,0,1
53cfd5e59f984a8da4415464824ee256,1609938219.6886218,0,0,1
7aa677bbb8e34df984a0c0f63027e40b,1609938220.3924377,0,0,1
cd881683083e4a108d2f1b03f11ada16,1609938221.2198725,0,0,1
3548769f3ec643c68c150bee3540b7e5,1609938222.352963,0,0,1
e7c49d5719214196a25e87096372d63e,1609938223.2312977,0,0,1
53f4816f45e146c482ed375d2881379f,1609938224.234786,0,0,1
e796208e55c241a6b882579b0ddb24c7,1609938225.2334273,0,0,2
b0e608d491874c5a80f1c35f859cfc91,1609938226.5312362,0,0,2
81295eb238554240a5744290b5576eda,1609938227.5858207,0,0,0
aeed096834994664b78ae08f4aee1908,1609938228.2378235,0,0,2
46de093177ec4bc19eacc52350bd45f5,1609938229.259107,0,0,2
fd50cc68cb6644f2af595b86720fde56,1609938230.2548094,0,0,2
2cbabcca9e574ca18c8e7d9e338202ca,1609938231.2315493,0,0,2
cb0fd8f2a5dc4cb0a1f5875d83c433cc,1609938232.4454572,0,0,2
8cdc41c4d4964c66883697bf3c847e00,1609938233.2900338,0,0,2
7fb01440b6cc4cfd901d0d59a514ecc5,1609938234.2432253,0,0,2
da1d918025bc4ba29692cfaae1191ae3,1609938235.2379825,0,0,2
d2783c7342214c4ca244be124ecc2dab,1609938236.2995408,0,0,2
8d5538d1afd44cecb6f13657f8a222e9,1609938237.2611704,0,0,2
c438099220eb490cb2d3eecc42ccb1e9,1609938238.256118,0,0,2
e97ce750ea1d45ceb4455b8e638afcc1,1609938239.2422473,0,0,2
6e03bcb0745449b58da89e97825c591d,1609938240.2628405,0,0,2
dfac4b33cc954cff9cc8bf04961d16e7,1609938241.2320817,0,0,2
2431fe93e8624eecb6feec749af90397,1609938242.3967822,0,0,2
6f9b0e68c8d648c791b5009f5e7c5fdb,1609938243.2229967,0,0,2
5b618fcd197c482ba0c40b9db54b258d,1609938244.2505841,0,0,2
666a5c5ec4e04e4d879af09836323cf7,1609938245.270598,0,0,1
db1a09d9c88649448d2b7ea4da05ca82,1609938246.701223,0,0,1
8a445024f37440ce92c599a966c3e7bd,1609938247.3036993,0,0,1
8caa8ea324274bbcbd734ddd5510a1eb,1609938248.2394135,0,0,1
e73d0bf94dd04f17b42bd99377a75123,1609938249.2420557,0,0,1
ac082987eb7143f8ae05691421f28986,1609938250.253353,0,0,1
21b8f4eb814a4013a730eb3942197e45,1609938251.23883,0,0,1
193f1edcba704219b88010a959fb6360,1609938252.4270175,0,0,1
24af00e4e1cc4a5484d3e03198b89476,1609938253.2961087,0,0,1
16bf1ef2c05d4c9ea2ca7d1cb3656b74,1609938254.2653499,0,0,1
a0ff80c7659e44d2960cedd0e43adc2e,1609938255.2509835,0,0,1
5a8a29d000604fcb9307f1f6b10ece58,1609938256.2622766,0,0,1
713bbc0310eb404daca660e8063233ab,1609938257.2643783,0,0,1
85ff77ee47d546a8b5374c421453c7d8,1609938258.28346,0,0,1
c68040f9733c425f9113025e87f1ca52,1609938259.2690217,0,0,1
6f7d995260414e1f80fdf20270aafb09,1609938260.2719836,0,0,1
e83c3db90ba44431b9af629920fb8cad,1609938261.2661457,0,0,1
c7dc44d5677c4e1baf3497abb649760d,1609938262.4202383,0,0,1
04d5907f5eae4e0eb23b90849de36018,1609938263.2482765,0,0,1
1ce41ae27305440ea06b3d5670a8db15,1609938264.2843413,0,0,1
9335423c48cd4786be14a418bf3cc610,1609938265.2696795,0,0,1
38e43b68c38b470e8401d80c818a8820,1609938266.2560906,0,0,1
f835644b8816499e872ff2b508814ad3,1609938267.3081436,0,0,1
a8c0386a75ad4f2fa5601b08c1681b72,1609938268.2688296,0,0,1
a2911c062e774b3ca5c518dcb9cb3d63,1609938269.2812827,0,0,0
ebf301423b71496fb7fb9255cc1d0171,1609938270.3773813,0,0,0
95c1f4f568a54cbbbf4d6ea57fa4d8eb,1609938271.2712603,0,0,0
c5f0de80c761464cb462ebe8cf5341f1,1609938272.4928443,0,0,0
32084e141d474a978a777b34b355990d,1609938273.261789,0,0,0
a468ec50bfe040ff9f5841743b745fba,1609938274.2732787,0,0,0
ffbd02699e0f4edabb2f29b09952d1c0,1609938275.275638,0,0,0
695c7a07eff646318c8c7a0c3f2a75d6,1609938276.3027325,0,0,0
6628dfb083ac47698031fb4fb71dc413,1609938277.2714386,0,0,0
5913920dd0554017a010d862d767135a,1609938278.2909348,0,0,0
fb0a9187b7a5481989841aabd8c8c071,1609938279.2682745,0,0,0
7ff28af636c94066b2bc8b896c67ff46,1609938280.2879448,0,0,0
9c556c90fe3a49e59e6f3715f7c95a67,1609938281.3071728,0,0,0
07edc6241f24444eb9abe73703adeb3f,1609938282.453461,0,0,0
9f4b4c04715e433d97359f8910365068,1609938283.2885087,0,0,0
0a8ea100255b4ef0a2040226b43f3920,1609938284.2498586,0,0,0
a543e802db0a4ade9c4e933eb8b13d92,1609938285.344599,0,0,1
455bf11e3b75497399a4e563adb4eb70,1609938286.5997891,0,0,2
46de41b9215e49a8b524d5d5c2912d3c,1609938287.8142767,0,0,0
e2806770949d43e38454568f27d8fd0d,1609938288.5255985,0,0,1
4c935786c0d64b37b4cb2a0fe9f1b6c6,1609938289.363646,0,0,2
da8610848cb94700b54acd681dced1af,1609938290.2680361,0,0,2
9bf123d45b324e91bae77f8855a2d520,1609938291.2870762,0,0,2
bbb7bc6589124faf90801c5dc6a0578f,1609938292.5849779,0,0,2
a6b71d2ba0d7457ab7c5f088b6833069,1609938293.2953727,0,0,2
2f102a651e2f4011ab7915bee4565660,1609938294.289179,0,0,2
200ad8bd4bb94cc29c368c5f920f6773,1609938295.2749622,0,0,2
731941815520408cb7af29b767589168,1609938296.3033628,0,0,2
9dc7d36a1de04dc6bd2937d5435177a9,1609938297.3062859,0,0,2
9d38e00bb9804edaba68a46ccc94ef9f,1609938298.2836401,0,0,2
b7cc88a71b974a2eb5019ffa56f9f350,1609938299.2871926,0,0,2
24bf1b3e46f849399ca4f20a00fe1df9,1609938300.2899668,0,0,2
4845a71a417041129066c31b7eba493a,1609938301.2758863,0,0,2
5067233965df49ef997939761a9774bc,1609938302.3894074,0,0,2
cff6710c6e1f4bc89628ad2ba2ed6f0c,1609938303.301499,0,0,2
1b92caf47d0d47e18ce7fd2cd046ff70,1609938304.313011,0,0,2
8a544032d1de4faa8f3009c99a0b03d9,1609938305.2751114,0,0,2
803b52a17455495faecbe63f90bd2763,1609938306.327992,0,0,2
d2929fed09744b95b30350f1996dc1f7,1609938307.3149376,0,0,0
66de954cf3ea45969f439223f31a5314,1609938308.651977,0,0,0
a8c196cb35e743a8944481de120a890f,1609938309.356604,0,0,0
47a69a6659d54e23bc90ba7293f46668,1609938310.3867593,0,0,0
81b06a191cfb4c7a9d831e62929c00c3,1609938311.3057892,0,0,0
8876298d56144479a57f89eab014f7c1,1609938312.4602642,0,0,0
1cf9a86f037f4c22b537c3c2e011b9df,1609938313.3042343,0,0,0
c97b1bb71bbd4c0b8fdd6477329fd39e,1609938314.2818577,0,0,0
a9b5a8f23c984bc28c4a4f55526c2541,1609938315.2840316,0,0,0
7fd5e20c6cff4c5eb094dcf22c9f5c0a,1609938316.2950861,0,0,0
00cb649250324340a55ad1d25172e873,1609938317.280917,0,0,0
398a07368a1d4f44a64be9b4bb0a7621,1609938318.3003092,0,0,0
a1ff919641d2439c9ca82772e357578d,1609938319.3104863,0,0,0
c58ed62fe3b64585bcd99c3481cdaf03,1609938320.3303015,0,0,0
0c896f01b16a46f28c5d1f89102b429b,1609938321.2742562,0,0,0
88e5d340df5147abbb28905a191a81fa,1609938322.57884,0,0,0
65d3d09b600d463c9e4bd28c68df8e7a,1609938323.2733827,0,0,0
6cb01522414e4f2b976fb34ec5f819d5,1609938324.2929993,0,0,0
db22ed7c0d4042d682ebee4671864685,1609938325.8656342,0,0,0
88064eafb0024be5a4c27e27c8844640,1609938327.2689426,1,0,1
6ce3b68d217f4fcf8b42a05a1ce655c9,1609938327.8919013,0,0,0
93acb719e39c4ca69cd1d7a9632fe215,1609938328.3271122,0,0,0
b0f9e57344224f3a9495bf9ce4db4897,1609938329.993294,0,0,0
f01786d77daf4c938b3f951867cb9a56,1609938330.8910987,1,0,1
c6e1969b403f43d8a461b9025ea83e6b,1609938331.3758779,0,0,0
aadc879a9cf9458eaa9d1c0e98921b83,1609938332.7508812,0,0,0
5440a8ddfff7468eb21a45df9ceebf68,1609938334.286866,1,0,0
abf2db3037c74f09b558c8afa3b0918f,1609938334.8613844,0,0,1
822b3956f96c4403942800a02b6ae93d,1609938336.1101398,0,0,1
3c5cb68fbba24a29a227fa610021a563,1609938337.1544914,0,5,0
9a493adffd554ba09de7c69d7c7d03d9,1609938337.9534786,0,0,0
84218a83698c433f8455b4e5a95edd44,1609938338.866882,0,0,0
182d530ce95140b4ad4259ec201a2852,1609938339.3698423,0,0,1
dafaef754e2345969c07980137069a42,1609938340.3073313,0,0,1
d66156af6c1b43b5bd1211f57567a9be,1609938341.3193944,0,0,1
06a81f6a280548d5884dc17fb0112f7d,1609938342.6931129,0,0,1
fb7364214d034d6aaf01805f9560e7c5,1609938343.7452767,0,0,1
5caafb8dab4f4cba8645b46c7e444a5d,1609938344.381064,0,0,1
b7231039f63c45bf9031737995f950fd,1609938345.308755,0,0,1
240876f926074422940387015a3e407d,1609938346.3036134,0,0,1
b215eeba5706423896c93afe80eb10a9,1609938347.3400617,0,0,1
ef56bde2c6834e5fb13efa5964873fd5,1609938348.495957,0,0,1
44badde1e005483e805cb6a24e8959dc,1609938349.3069172,0,0,1
7772a45c153f4149b015ec2499d020c8,1609938350.3099225,0,0,1
437e46d7221343d2b16fc0c8b60a7452,1609938351.3548284,0,0,1
feaedf42d8594b7dbefc2c13f4781e27,1609938352.593812,0,0,1
1a22d51058ec403aa493de809092f9a2,1609938353.3056622,0,0,1
c0d215f4e3984744a564c7df0832959c,1609938354.325248,0,0,1
b05d75ee26e64bddb3143715becb8b9f,1609938355.335788,0,0,1
fde9a075610c4e108ba50cd32b0087eb,1609938356.3142247,0,0,1
290e87bb98cd4e049082415fb0fc1639,1609938357.3263454,0,0,2
773500cc456f421ba984971f3e82e511,1609938358.8903837,0,0,2
92af517dee714954ab1edb28023d4618,1609938359.7450886,0,2,0
1308d681ecea454db62b4bdc44e0c2cf,1609938360.3559024,0,0,2
415e610c8651452fa2d0a40e90e68c45,1609938361.2927966,0,0,2
d333b0cdb6e648b1bbd83f67aec7503b,1609938362.6244178,0,0,2
92a6c2632ec84825bd3830287da02293,1609938363.3694685,0,0,2
28dbb18bbfe74da988c0917b03060e65,1609938364.3131623,0,0,2
dad6e926441248629e771c1a14170b26,1609938365.307821,0,0,2
9ef68eca7ef54a1e973d68d8004417f8,1609938366.3446014,0,0,2
94028ccd19a94b2d8a251076ae9be13d,1609938367.3395777,0,0,2
0524035a865a4efbb23be0e5f0a42a53,1609938368.3176773,0,0,2
cefe2e1afea5424982c343bd7cbc1a26,1609938369.3367424,0,0,2
76e908d0d60346be883b083804aa3890,1609938370.3412297,0,0,2
543f0b850f5f46e7916bf51e4bf4266f,1609938371.318401,0,0,2
72f7d9ef6c0f4a4690d0c54077a0a13f,1609938372.4812114,0,0,2
392b5c81d64a4922ae5741b31de123d2,1609938373.3108494,0,0,2
bcac0c73cf20491f87df60a37b29e85c,1609938374.8569467,0,0,2
e5af6285f8484ec6ba1b68173445c2fd,1609938375.3503506,0,0,2
674288c32c504049a0e408b1c7b05132,1609938376.3449984,0,0,2
9adedd854a6f4b4f9837e1ff888371b6,1609938377.3649883,0,0,0
bfd224df390249df84e4027990595ab6,1609938378.4709158,0,0,0
714d1678bc6f48629f617535db4a7cc8,1609938379.5832124,0,0,0
e2cf95f947fa4a70aa0d8dd177ae08fe,1609938380.3532877,0,0,0
5210ce8b55a04251866f69c0ba7b1f5d,1609938381.3967257,0,0,0
4db0b09f7a3e4b73b55869667576d98a,1609938382.4926362,0,0,0
ae513eff7d5440c3900cd5078bb7536f,1609938383.4297566,0,0,0
f03ce37ed8294ad99a515774354d78d3,1609938384.3482482,0,0,0
b47e433f4956445ab348d7658d23eff7,1609938385.3341076,0,0,0
2e8cdfa977d1403ea908b62e067c68c4,1609938386.3445988,0,0,0
0a893b7d4d6b4ba093bcb3c4210a1080,1609938387.3224742,0,0,1
a92800ddc35d4a179610f97689defb3b,1609938388.651997,0,0,1
16215ea6a9724ebe9a9ac2b545913309,1609938389.549029,0,0,0
2709129d112b465c9ed38fb15ea12c13,1609938390.3431463,0,0,1
9e3f42ee4735482ab08860c64fba3357,1609938391.3730936,0,0,1
261d588908614ed4b326546df3ced6e9,1609938392.6370397,0,0,1
b78c9cd1a7a0458bb19c6c7c93b1c973,1609938393.3395712,0,0,1
559dccf88482462983720cc5c1d645e6,1609938394.3423936,0,0,1
0551745b9a5648f1ba73e715d1fd2e16,1609938395.3453803,0,0,1
ab568e89676a46598ec538a246205809,1609938396.3568194,0,0,1
93b2ba62bcee4386880508a0d34d09a2,1609938397.3629324,0,0,1
326aeaa5f9d74ad495bca28bcb924f98,1609938398.323814,0,0,1
3df0004fffce4769ab02aa4cac77c974,1609938399.3175783,0,0,1
1a0e8c663619440bbdd51f5bbeb2b308,1609938400.3708963,0,0,1
02a0d71320e345c494a2e9ead033d48a,1609938401.3568594,0,0,1
4d098a161c644f088ecd424351efc5a1,1609938402.6969934,0,0,1
daf2c92cd298417d9a2f118b8e2aafda,1609938403.3419719,0,0,1
0bd7af23271f48fbbb7601a9fbd5bb8a,1609938404.3531475,0,0,1
16f0b78223034fc48f5966358aad98ee,1609938405.3645267,0,0,1
2fb5d10741e44d2d98e2a9d31d27a1e5,1609938406.3502285,0,0,1
64cbf128888946089f82d6571d221f3f,1609938407.3455417,0,0,0
89bcb4a8ab184c89bf33fb7ed24d5c5a,1609938408.7252045,0,0,0
03a89a9f8c3542c6a6cc237755b99c9f,1609938409.4108026,0,0,0
abb184d0c389432582dda6e6e93bc457,1609938410.3730369,0,0,2
32d2c0a780114b449b486c86b9542078,1609938411.619869,0,0,2
efd245b5537a43b08eddeadaff5328cb,1609938413.9999065,0,0,0
27300957d3a6494cb13647dd85f0ae0d,1609938414.5930505,0,0,0
7a5ed3ed467247598f944a57396734af,1609938414.9714534,0,0,0
952ef39c0c1d4187a06e9caa405545ad,1609938415.3988278,0,0,2
165de9e747104d1ea66b952d1530d121,1609938416.3462696,0,0,2
cf5d0e1354bf4d199ed1d168b7f39bf8,1609938417.3652346,0,0,2
7239e2c7ad634a74a701917aed6dcc25,1609938418.4021487,0,0,2
98d3cdad6e834540a28c90c1f657fb95,1609938419.3887818,0,0,2
92044a066eea42d2bee60786d2c25b15,1609938420.8682609,0,0,2
b391360e6f6642e28de84e5328d51fa5,1609938422.107974,0,0,2
d42788eb882a4dcd91aa2469204b008c,1609938423.189863,0,0,0
5d76014c46e345b3972d6e3d80a0403e,1609938423.5092595,0,0,1
0856a9cecd8946caac310dedeb72b619,1609938424.3884823,0,0,2
e5b2dfed02ce4f56a8efecb4c021d5c0,1609938425.4578204,0,0,2
4d59d2739e4843239eee5a6c2f8d187e,1609938426.3531938,0,0,2
5759f46173ba4202a36a894cf5791daf,1609938428.564047,7,0,1
a455d1951a094796b71bd5986721943a,1609938429.789953,7,0,1
17e5b2a0dfe74077b9109740ed806229,1609938430.4405289,0,0,0
dc0f07a244664985a9b9f6bd4e7251c3,1609938430.9846692,0,0,0
a2c22743717244a589c602c49c6dc287,1609938431.9250968,0,0,1
c228a91215674087b8526a8ca3930ec3,1609938435.2312496,0,7,0
f7f1c7820bc540028f3044016303bcf7,1609938436.6257372,9,0,1
d04041fa8fd44790a750931fd9613cec,1609938436.8981984,0,0,1
620e71ee0bbe40539c14784b83656c33,1609938437.191487,0,0,0
2bbdcd90850c4921a856f6a8c47355ea,1609938437.5020368,9,0,1
a2705676e4ea4cdbb252130ed75bca78,1609938437.829734,0,0,0
ad4d352720a54805b8c2db1a10b0247f,1609938438.457832,0,0,1
960fa637516449c2859b6c3839ff2c05,1609938439.4051821,0,0,0
29927a5c94074cd7911c7628106bbdc3,1609938440.4353495,0,0,0
bbc360ccfac74e0ebbd7d602a5889a86,1609938441.9468606,0,1,0
121a8ab5c29d44b3bdb0f26f152d34af,1609938442.5879536,0,0,0
8166a27a993d40efa00755142049bc30,1609938443.4887176,0,0,0
67ee9b9992434f88951bc8bb8b79ea2f,1609938444.434328,0,0,0
5b5459bd1915477d9dba2c55e70375fc,1609938445.4299095,0,0,2
934790716081415ab0efa54ca13824ff,1609938447.2385821,0,5,0
726fedff7d1444bcbb7feb7564b68b38,1609938448.4573455,0,1,0
6df817a4ca10434aadf7d7c0cbf9a973,1609938448.9545982,0,0,0
cac8b43f49554754b24ce7d6dea1e3a2,1609938449.4700725,0,0,2
4e0113aa682e429ab3e7aeb89586e5bb,1609938450.407919,0,0,2
50e6c8e8098944dbbcf90b0a0f81b05d,1609938451.405074,0,0,2
30cae8411e604c75a22f4ad00c38ba10,1609938452.817739,0,0,2
8a7c0531dce9457bbeb8dbe7bdc834a6,1609938453.5643094,0,0,0
85a8623ced7a48b48c9b8493bd7e33ed,1609938454.6867628,0,0,2
9a7ed2eb3615456cbbc8a102229bd030,1609938455.473882,0,0,2
a834c8e7c5954df89b6ba01d8abfb966,1609938456.7170334,0,0,2
84b2b2cd230e4a52979113978e441756,1609938457.8796895,0,0,2
f323d02af2e94b3a8d3b9e112c3ac525,1609938458.9249759,0,0,1
0c949c696b5245cfa88bfe51c731cc5c,1609938460.1084483,0,0,2
aafe1db17695416d8592082c62fcd5fd,1609938461.2462962,0,7,0
0b3e8ad6572e40e18b89516183f209b4,1609938462.0984821,0,1,0
cdae738f2c2d49f49a0cef0c4f7febc2,1609938463.4866524,0,0,1
fba4edcdb15a47f7b5abb9b15bd5ab07,1609938464.6440434,0,0,0
d10ed4216b464ecca37feb10f7012bbf,1609938465.9375865,0,0,0
e283952f16ff4b1a8b749cd6287528c7,1609938467.249456,0,7,0
c95c38d841f846dc82682c12e4b8391a,1609938467.889502,0,0,0
1b5b32dfefd448b99404e84c91c4049f,1609938468.7176912,0,0,0
fa4d2f37ce14415cb61d50a7eef27503,1609938469.623807,1,0,0
444a09ad416d43c3aef616b83b8b5d6f,1609938470.9863114,0,0,1
4a476906efab4d8890d94eed589246b9,1609938472.2270846,0,0,1
0e1b6564d31145ff85b6881b60b90a00,1609938475.1823187,0,5,0
6a86cb2e06fa49b1a3cce99cb4091683,1609938476.7167697,0,0,1
ea27f2fc068e461491bc228d28a6a08d,1609938477.3049302,0,0,0
710d4b290aa04bf2b90a817a3399c92d,1609938477.6389954,0,0,0
07152066c95e4515b92f5f0c9bf5f160,1609938478.176335,0,0,0
f0342941e32645819302056a65ca3179,1609938478.4716084,1,0,0
c04d43b011b24b0e8248c86ee3672ceb,1609938478.72358,0,0,0
8f225ad6a09a481a8f23fdee3401fd28,1609938478.916395,0,0,0
7306d84d8c0c442384e4dd176a11856c,1609938479.4840105,0,0,2
00ef801b61174b1db10996e939520492,1609938480.4668617,0,0,2
8ab1137f28b2450a8e4907a7fd26d9e4,1609938481.4025137,0,0,2
0e38275c0b304b178848ab7e9a42bec4,1609938482.4897485,0,0,2
c767c26f118a43d4863163fd9be6d3fb,1609938483.4369473,0,0,2
6c2b34ddf9eb4a25abeb90a2a3f66d08,1609938484.4314256,0,0,2
8af8e4a5da7a44f88284f8ce4c47f4c3,1609938485.4267926,0,0,2
db681fd7714e4962affa99645d9d90a0,1609938486.4291525,0,0,2
e696129f7dff45cb83242e579ab9e9d9,1609938487.439608,0,0,2
ff70daf6aff34a00b223996a9270668a,1609938488.485229,0,0,2
4f0126ebd71f40b9af3fc9bffe6a16c8,1609938489.437627,0,0,2
c46c9d9a9e27456690d885589f6c4236,1609938490.4486492,0,0,2
9814df4344544e95b4e4a7363a4a086e,1609938491.4440014,0,0,2
1c091b2397e7408ba773f95afb50190d,1609938492.7823744,0,0,2
b13233f4dd3c45889feb50fd255e4039,1609938493.4440587,0,0,2
f6c96f8459224b3abed8d1356d6bc040,1609938494.4386916,0,0,2
3e31e84dbb4b4bb4805485e7891d81bc,1609938495.5595028,0,0,1
f401b7feb21943c39a21985cb8d852b1,1609938497.2072086,0,0,0
a92f140137da4520b089025304bf0fd3,1609938497.7513309,0,0,0
bd87799bb0c040d9bbfd4c41e14bb6bc,1609938498.7974548,0,0,0
896cb298b1a14602a45360fe03d12dbc,1609938499.4415672,0,0,0
465be8c6391c46608c1d7c4fcb6c832e,1609938500.4296649,0,0,0
75200fc635a5493e92fb082d634f5e93,1609938501.9671013,0,0,0
b7ee1bc009ac493ebe6583e28be62bc9,1609938502.6885834,0,0,0
3b50d07890434c0f9d9e9fb81147a516,1609938503.4342732,0,0,0
3318587ae47c4e1b900492cc94427e3b,1609938504.4126449,0,0,0
57c66c006f23490d8a3c3e75f630a44c,1609938505.4567237,0,0,0
66c2535b50244c69853ddcc956f9a45a,1609938506.4439778,0,0,1
4fc9cfd332944282b2566d697fede296,1609938507.798518,0,0,1
99eae2c4aced4f46af99f2002bdb2a78,1609938508.8365715,0,0,0
1fb4c3ea24004246b557ee46c2322b21,1609938509.4808466,0,0,1
56be9288e75b499abee339ea7745c78d,1609938510.4424477,0,0,1
1bd795534ca14beb8483541f6901bd0f,1609938511.4548013,0,0,1
77a65a40355d41d3aa15ab350f9889d0,1609938512.634948,0,0,1
db57d946b61640bf974916015e7ab271,1609938513.4556582,0,0,1
800bf609f7e240b1ab21a09b3424b99f,1609938514.450059,0,0,1
69801b3b9f8140489ca271893cb9768e,1609938515.4362588,0,0,1
7bef52406cbc45239b895dc4a67afe29,1609938516.480972,0,0,1
c3417ba0aecc4cf483617b8ee08e4074,1609938517.4416187,0,0,1
95204cae5b8b487db81290c4ee1c235d,1609938518.4879181,0,0,1
1a100cdf89314d5f962a07fe97223a2c,1609938519.5248017,0,0,1
f96df3e6812d46b9b0f53b77dac52c98,1609938520.4525564,0,0,1
d954b4a1d53745f286043298693569ab,1609938521.4732633,0,0,1
bb0798d076474780a002da9b405bc95c,1609938522.5944123,0,0,1
a0c048e5033c4e40a6c24e88c95420c9,1609938523.45747,0,0,1
02770d75c35e499080a3a607d56f3716,1609938524.4770174,0,0,1
54c55aef1c4d4c769e1b5a75de109b7b,1609938525.4222,0,0,1
e69f3301c40148928c0a132ddb8f1710,1609938526.4677832,0,0,1
ffb9c11293f1429d8bb2550cfae0231a,1609938527.454252,0,0,1
c2136cbc023a4a1a973fc765f9452143,1609938529.224818,0,0,1
b9829af23d494237874fd22f68e1690b,1609938529.577187,0,1,0
0225bcce5af1452787f0374fe20f0696,1609938530.4952657,0,0,1
102f7fd56f8e4cbea1f12f55f9ed59b0,1609938531.4318206,0,0,1
f0dd35bcc75a4bfb94d2c003f03ff749,1609938532.7279599,0,0,1
edf94eb1c27e4c85a36c26a902dd6a83,1609938533.554878,0,0,1
261da80e731841059d624835e2531d68,1609938534.4836931,0,0,1
a4b4b4100b02461fbefce4adeaa0eb7f,1609938535.4541028,0,0,1
6bfddb0a58204972aaeb85b9346f8879,1609938536.4656231,0,0,1
1ef24da0bb974c6492602bf49bc489f2,1609938537.4523506,0,0,1
e0662dbfb0ea4bfa97fb1487fdfc74ae,1609938538.4905322,0,0,2
c8f9c599580440a0b197f933f330fe35,1609938540.0891569,0,0,2
58be2ac306c0478495c9b18521a87460,1609938541.1023815,0,0,0
78c3f1287bfc40dc9e7738962c68d33f,1609938541.48059,0,0,0
61686d51426546b4af91b647ddc352be,1609938542.8364224,0,0,2
474febcb0d2d491583be53ced3cb5e26,1609938543.4483194,0,0,2
54a84ec23b5144e983e968ca06b72f56,1609938544.4595592,0,0,2
2746960c605e41ac8d2a29d54ac31c73,1609938545.4794164,0,0,2
38bce7ea148244a88f61f48cf6bbe7f4,1609938546.4741335,0,0,2
c1f23a28b75d4fcd86407b45f6bdfe0f,1609938547.4590747,0,0,2
c0f5456908ba451a91a2b4cfc70531f8,1609938548.4883783,0,0,2
1f59550523ef4c08a909b30b25cc3d54,1609938549.4587505,0,0,2
86ebb4c57b94428eb606b73ae0998f94,1609938550.4614768,0,0,2
77eecd5878854c51bb710a084f81208a,1609938551.4566572,0,0,2
ec7b854259a3446786cc2f68c2e59d99,1609938552.6288102,0,0,2
c7c8838faa64432499d749c12bce8055,1609938553.497819,0,0,2
ce14eb8a9b864ed3bf62947021803cc0,1609938554.4758596,0,0,2
ae4cfcc282cf4c47a0734e56fad5f184,1609938555.4544368,0,0,2
f80f295c5f904e2b848c140e73caa04c,1609938556.4325535,0,0,2
e791547da8d14e908bb65a108a2d52b5,1609938557.4937997,0,0,2
083c0cd8b29f4a829f18bf58d86f6b34,1609938558.4552302,0,0,2
5a75ea5001564b7bad7eaa8937b53895,1609938559.542489,0,0,1
b42037adef8843f78a2a82f12aa309fb,1609938560.7156713,0,0,1
23f674b425e04fd3b51f90a849e7189b,1609938561.451013,0,0,1
6b31db9fb1fb420da93e627064ef6da3,1609938562.7329044,0,0,1
b1ade79cb6f84460914b7606eb9cf542,1609938563.469074,0,0,1
06fb2357deb5469f8b7effc15bb1a69e,1609938564.4635909,0,0,1
1f17c45714ca4cb3b6eb55dffa238aef,1609938565.4912512,0,0,1
b3dc543c90834df0abccefd5d4be5a6d,1609938566.4608967,0,0,1
1c5fcef056904333a98d50400e6f3e1a,1609938567.4794023,0,0,1
1fae470f5dc64b6ca8a11992933f60e3,1609938568.481556,0,0,1
f20c79b874f94c7483e2ffc623a256f8,1609938570.1284914,0,0,1
6867f551e8f5441296cbbfc03055d074,1609938570.783148,0,0,0
0383c36c8495431ea2ec68f2cc67d6f3,1609938571.534654,0,0,1
f77a20835284487080ab14fe22a9ffa3,1609938573.0007658,0,0,1
02a32b686f0e475baf60dce1bff22762,1609938573.503934,0,0,0
ba4bbde21d4e4e9685484e9e4f078338,1609938574.4810174,0,0,1
950d9293775a4357b0c9e0962128c3c3,1609938575.526093,0,0,1
aebba9a3bf1e4bc587eea277a5b3a9e9,1609938576.5973582,0,0,1
253a78fa05c643f0a55bbd902b1a269f,1609938577.9380896,0,0,1
90f5993ad9e743d8965566959cfe1a51,1609938578.5576837,0,0,1
021ee54d39fa4b66800752830fb0fbd9,1609938579.5453095,0,0,1
e2b0db4ba2b64ddbadbbce73872cde0d,1609938580.4734328,0,0,1
39c56e4a7d99447792dca0069fb56f6b,1609938581.4591832,0,0,1
d4c9caf15a3344118fc2c869026eeee3,1609938582.7729285,0,0,1
45a71baaa335417483559293e023e441,1609938583.4918098,0,0,1
8235e8b31f684b44bfb6660f07a3e2ab,1609938584.4622545,0,0,1
0b0eccd084c1428eb225b33066449118,1609938585.4829113,0,0,2
ff809bd64c5c455981ec7ecc22c25767,1609938586.913159,0,0,2
3ed2f0ab4ee4497082c24d2def39f682,1609938587.7755857,0,0,1
f5284abc1640429cadb3a43dba5f98a7,1609938588.5033534,0,0,2
f7e2d2143c8149bbafbeec3718c150e4,1609938589.4816196,0,0,2
8d63f68951a04e60a079a85c419f477d,1609938590.4927561,0,0,2
a98574d3a89c41b5974323663e3e8ffe,1609938591.4706717,0,0,2
9aeb6c4206d3448483c1b12c47fec593,1609938592.7082748,0,0,2
78b6bd848a4141cab798abd312deb1a0,1609938593.5115738,0,0,2
1e015b1f05ef46b7b7822bb12297e9ee,1609938594.5074074,0,0,2
6885f13b1ac346e59ff9c346b8ad7e56,1609938595.518789,0,0,2
48c04d6b62e148e09de429dae1db4e16,1609938596.4803698,0,0,2
387c3e3499784a4eaff89c86385c82dc,1609938597.516481,0,0,2
7fd80db07e0f40fdbd832bdfb6da395b,1609938598.5025272,0,0,2
043c83a40cd04ad8a627401db55c66f4,1609938599.5309024,0,0,2
c8b85b42a0034417a0488ae5ed32f0c1,1609938600.499108,0,0,2
91fa7b6779c24d4f81db20b124b310be,1609938601.4857087,0,0,2
378b7eb44849450e99039faa011eb35d,1609938602.8911827,0,0,2
3160516653b5456d90189e08b6dfbd07,1609938603.5341032,0,0,2
c85a93378a4446e6bbe0f0fe0294ca6d,1609938604.5456302,0,0,2
2ebe7762db0f4a64868cbe4ff374a93e,1609938605.4900515,0,0,2
84cfde5901c6419b85bd57ba82ae839b,1609938606.5255983,0,0,2
91650ffdd4a645ee9233f26da926c769,1609938607.6463108,0,0,1
1a7c6c97528d475fbc042a6e3b586a8e,1609938608.7935693,0,0,1
8fa858a73adc4808886df0a6b5dab1ea,1609938609.54492,0,0,1
4f26bd42afd34b689ce24e34a873a7b8,1609938610.5391352,0,0,1
bc7f604c01dd4b508543dbd804f42988,1609938611.483015,0,0,1
7ea52c95e47d4efcb9e3fc8d46efa297,1609938612.6367583,0,0,1
672c7fd8ab5749a897b2f2cef1b798e7,1609938613.506899,0,0,1
5127705ba08b474688cf7766d9bd6036,1609938614.6101723,0,0,1
5ce163b6fe504fafa7a7c068309ba577,1609938615.487392,0,0,1
577eb2a3995d474382df5e4ebf6c30ae,1609938616.4728951,0,0,1
4792c623d991445b966e6a49851c8b4a,1609938617.5088844,0,0,1
0ecc1e5a86cd47f4a337b73f188651f5,1609938618.503079,0,0,1
6e126240fcf14622833f0c9d8e7026f7,1609938619.4715202,0,0,1
104b92239e0548d1878dada883ad2543,1609938620.5082183,0,0,1
5ca9d80e071d4d71b0d50e106b010d9b,1609938621.4848766,0,0,1
dc51951c2008487bbf67b3426fa0ca3e,1609938622.85644,0,0,1
4e88db0977a7487bae7670e91478e0de,1609938623.7429628,0,0,1
bbaf34e10b604144a7b34dfe00672c64,1609938624.4955404,0,0,1
104607b0a34b4cd0bf3fc9a4747a6dd4,1609938625.4892926,0,0,1
e38d2559d14e40a7b0f0ea86bfe4f16e,1609938626.508931,0,0,1
a92c1f2a12c34c509082ec06803010fa,1609938627.4857826,0,0,1
edbc1308121946f8a85f81a36325ea41,1609938628.4880617,0,0,1
e37a063c724a494297209c7644c692f9,1609938629.5328581,0,0,1
167a1c5f508245bdbf84cff895737a22,1609938630.526909,0,0,1
881dfc5d314644b9970db0878f6cacd0,1609938631.5381317,0,0,1
0de44252b8044306add50d5b4c717aa9,1609938632.892641,0,0,1
ad279837da604b7e93102a8f9bcc6d56,1609938633.5620158,0,0,1
48ac71d1a84847cfb9baac3cb4001127,1609938634.548237,0,0,1
d61364af86f54f02bf9c7fe0cabcdd03,1609938635.5764148,0,0,1
4bd25d3df7a24e57b70b6aace765a41a,1609938636.4866924,0,0,1
05114a64dff747239018c9a3b39dcfa5,1609938637.5135326,0,0,1
fe3c8c6707a84e10a19aa66eb536747c,1609938638.6081228,0,0,1
03cc7cd7ff244dcbae4d66dedaff0c08,1609938639.4942636,0,0,1
316a098e5c4f40c38dec4e12dc1bd6cb,1609938640.5467765,0,0,1
d892fdd126d74cd8a362538496b45fc6,1609938641.5154672,0,0,1
ed0c0e15fefc47deb1e1dc9b97b428fd,1609938642.6873488,0,0,1
d7630e0c6f0d4082bbe8d609d16767f4,1609938643.5387936,0,0,1
7d19a60a37be436da91ba8c30f8cc440,1609938644.5589597,0,0,1
f81d3451174b4163a3d55e7226af200a,1609938645.5034256,0,0,1
065049e6fb404f808d1f826361b0c62d,1609938646.514478,0,0,1
de86e8787f9e48788b8c80f294fcb4e4,1609938647.5083609,0,0,1
3d198e8489ce49329bef8041dd19e8cd,1609938648.5034087,0,0,1
c7a4610f00f448e1b046f8df9c61df59,1609938649.522306,0,0,1
34f700128332469a8c670a288c102a95,1609938650.5001116,0,0,1
dde207c75fb44e25903e3ae6ad03b876,1609938651.503002,0,0,1
c87920531795427e816261df419b57f5,1609938652.840967,0,0,1
db7a2b8502db476e94e7bbd10feca7e2,1609938653.5265749,0,0,1
98f0180f211143588d5b63ca6790eb5c,1609938654.6384335,0,0,1
df9554bde11944de9fabbb4c4532d9e0,1609938655.4986427,0,0,1
47624426ce8444459fc4dfe0ac4d39e6,1609938656.5343597,0,0,1
8884cd01d07043c096767700df72a620,1609938657.5709937,0,0,1
09516e4f2f494961ad8d4ed3c060fac8,1609938658.5143778,0,0,1
160dea0a42b44cd3b8bb651f2a4cfad5,1609938659.5672894,0,0,1
6c566fb424d44340ab6189cc65f7910f,1609938660.544657,0,0,1
0a4fe6922bba43eabe64f28d63e6ed6e,1609938661.513386,0,0,1
178a062b5935460db8ea977d7ed30269,1609938662.6745253,0,0,1
ae7263bafe0544518a2b9487116771bc,1609938663.5193746,0,0,1
f8b4a79caaef44bba7066e0d16963fbd,1609938664.573221,0,0,1
928ee9bdc79a4b689428f758bd2b24c2,1609938665.5165157,0,0,1
af2e390c7de64aaeaedd962c34f70379,1609938666.5188632,0,0,1
90501c0a0cf04abca5cad25ff47eca71,1609938667.5043626,0,0,1
11b796819e574f78a3ea3c154f83baa7,1609938668.5492156,0,0,1
abb4f4fc298f436580d91901b2e88e73,1609938669.576924,0,0,1
1208925e5c45432f87788019dca00cf8,1609938670.5124292,0,0,1
8eb0a234a3214239b327e6f945689cdd,1609938671.5232592,0,0,1
8d5447332f154511b2c19f85b46016c1,1609938672.6600955,0,0,1
4804a499586b4342aafc699ebd15c644,1609938673.5546336,0,0,1
dd64d056feb74443998ff5f29febfbcc,1609938674.574612,0,0,1
0d800044c25d499a920876c730883f96,1609938675.53491,0,0,1
dcee26f9d33e43ed9292a46a45631af4,1609938676.5293984,0,0,1
45e3ded8c306448ea9546b0f5bb4498d,1609938677.5238898,0,0,1
c15da87f9cf043859831ce3d38ba3ac3,1609938678.542995,0,0,1
012d3725c4ec4a11a3f8305164355865,1609938679.536685,0,0,1
508b283d440e49f5b7e4ba6418df1db2,1609938680.5315924,0,0,1
d1008ce6fb14448896f8f7d68a3888b3,1609938681.5340443,0,0,1
492e3998dcee48b0a4ead144419d4083,1609938683.056367,0,0,1
000f9f1b939f46b39432d0f25a6d6b27,1609938683.5921204,0,0,1
21d53b23b8924cf3b48d2a310b3bb6e3,1609938684.6112456,0,0,1
eab20238bfe3458aaed17c7b39c5e930,1609938685.5975907,0,0,1
7ebc7c8c89d94e1789ffa523c394ef28,1609938686.5920913,0,0,2
fdd0982d51ec44debcfbb9c50c6b75a3,1609938688.0307984,0,0,2
fc1e8861ad0d4376b75ea9df79b3be1c,1609938688.918704,0,0,1
8acb9595beb64902a4e44a15a0392495,1609938689.587966,0,0,2
3a432e752cab46c49557a2a753de2945,1609938690.5306604,0,0,2
cf3d5c2948d24e649411feef02cc0ce2,1609938691.591071,0,0,2
d3efc8e626584cf382629d92427becc5,1609938692.829481,0,0,2
d30fc4798f7944fcb7744f5bb2710322,1609938693.5317085,0,0,2
abfe0442146d406999b91d8e7807c34e,1609938694.5683062,0,0,2
a4ddaa5972ab4b2aba5afd09bbd24e9e,1609938695.5214036,0,0,2
93bcfd1fda2843508413ba1195013af9,1609938696.5324824,0,0,2
1a5941c77d1e4fc5bdbdb48b16f23e99,1609938697.5352306,0,0,2
2ddc63bc5d224af19d75ebc634f254af,1609938698.546995,0,0,2
2bf92c21f88642fe90ee8870fb2385f8,1609938699.5493562,0,0,2
e728c114be95499b84c86a56e5093c64,1609938700.5361333,0,0,2
f92e29cd693f4a28854fbed733209b11,1609938701.5298014,0,0,2
da5326e973ce48068f4d0ce62ac76045,1609938702.7844472,0,0,2
808c07728ffd4047b16459c52b992fe0,1609938703.6277237,0,0,2
7478b560f3fe4029adefaa928e603371,1609938704.573285,0,0,2
9c5416536478403bba7038bdf3987f93,1609938705.5670567,0,0,2
a758088f55cd48a9a6f55dd188de9640,1609938706.5608983,0,0,2
7a7964ce676840169ece189cd124a852,1609938707.6057928,0,0,0
e1e923df5c8949d3a1928084c31e090e,1609938708.996774,0,0,0
d443dcfd337c4aafa101724f2f31f448,1609938710.233976,0,0,1
83dae60488cb4b5f8882436fd6fe26fa,1609938711.1073604,0,0,0
c2434645344c4bfcb4ba8a87f6df3def,1609938711.7174928,0,0,2
b61275ad170743c9a21bfb27309c12e2,1609938713.6452985,1,0,0
31e81719b6224ea4b0e4e6f6a37179fd,1609938715.399116,4,4,0
a72d93e3748a4bbf8d5a4d5fbe130a2a,1609938716.237358,0,1,0
76f5e45c58b449eeb04c6a060fdeb736,1609938716.7300944,0,0,0
0a738dab783a436685ce310645505bd8,1609938717.2330494,0,1,0
bb0a368a317f40deb739a19ada868ba4,1609938717.703379,0,0,0
51a0341ebe2341caa9ddb50fc2f4fb73,1609938718.537366,0,0,2
e4c866fdd4924fdd8fc4c1da652ee959,1609938719.5566344,0,0,2
4831db8a8b8f44578bd3055adf191010,1609938720.5939276,0,0,2
266a79ab61984f319268a051ccd0b6c9,1609938721.5888424,0,0,2
f6a13da9046844a98a6ff65e5b7bcd95,1609938723.247834,0,0,2
5bbb9bac5c4845c58f7ac414a316f3fd,1609938724.4447608,0,0,0
8d93ecaa612f489fa6510a6f7dc8fa23,1609938725.0332046,0,0,0
5066af73f3814229b9b087f5d738d54a,1609938725.677872,0,0,2
2b118c294b04454abb6199d159792be3,1609938726.548015,0,0,2
7a98e090d55240cba242c2818d7d2fa3,1609938727.577355,0,0,2
309698975f204484a040c96526333d2c,1609938728.5727582,0,0,2
9a2bd3841fc04c978f4f36701057db50,1609938729.575679,0,0,2
7ec7ff2482be4440a6269fac038b858c,1609938730.5704682,0,0,2
9c9bd6229a7a40e286fa6b1ff34be9ff,1609938731.73296,0,0,2
d1f59e77d5e84c44871c7dd2da592547,1609938733.925654,0,0,0
400652bd36c94627ab7c29669c0be290,1609938734.580658,0,1,0
37a72b8460934cd2862c9d68a860f5a5,1609938735.0244386,0,0,0
25b2dabf64804f539c24e60525332c31,1609938735.667115,0,0,2
9169144158404653a543aa2cc623fb99,1609938736.5973165,0,0,2
a96a7680046941ca87ac6533fbb17959,1609938737.6010702,0,0,2
2e6cea57ab094f6b92d3f15916cd0fd5,1609938738.6048121,0,0,2
eb140931d5384375b2f6f3b2471add3d,1609938739.6575968,0,0,2
72c2f3e2a5244d3999e9d2dbd728e3d0,1609938740.6107154,0,0,2
d84f455a98dc460ab959a1a222633c2a,1609938741.639998,0,0,2
43aac7b2ae45453d8284221381bf8ce6,1609938742.8128543,0,0,2
6e03fc4f449543e8a6f54c286e9c3015,1609938744.536998,0,0,1
49723ecee7b546449871df6b7ef049bc,1609938745.4558673,1,7,0
a870fd12ad864dde9ea663f8c2097cc6,1609938747.431569,1,0,0
a5fd485d4de047efa61cf729edd5dd1f,1609938748.586213,0,0,0
5f0166104f0e4d2d830a32ded62ee300,1609938749.0647008,0,0,0
3fb6410650954d3686d92b9fb4cd4678,1609938750.1778042,1,0,0
e4febc033d194facaf987d903d83ab6a,1609938750.9742134,1,0,0
493341dc41d74388b0d2cf6105bc0d50,1609938752.4601166,0,7,0
49a89685c30f444ca4855bc2ace4e04b,1609938754.2430348,7,0,1
b8968bf056ad42b3a1a5876acb4a6019,1609938755.46275,0,7,0
acaeffcf1d1e41d08415997a8a7412b4,1609938756.904736,1,0,0
841a395cc1f742959f718d6f197b8b83,1609938758.5829437,0,0,0
aec72df9c24140e8969f901417090015,1609938760.0171986,0,0,0
e28b6d37cc87422b86af48f28c67d0eb,1609938760.7851698,0,0,0
729fb757d60e4676a0d03ba59e1ca73a,1609938761.8658261,1,0,0
d65ac55bedd048c3ade1fb3069778079,1609938762.486524,1,1,0
3b8fe26d804c4b00999c962cad368e85,1609938764.5582216,0,0,0
f0366df14a1e403782c43f43232a5824,1609938766.3420668,0,0,0
7087616a3f994fa6947d890bc2630e92,1609938767.4060755,0,0,0
3775fb4272fe41df958b5f2c2de62612,1609938770.460078,1,0,0
a650629fad6346199e136f425208bec2,1609938771.6756895,3,2,2
0735b3bb41e14129ba884e288e715b0c,1609938773.7834733,0,0,0
2ef64c35a7ba411c9ded90049712f954,1609938775.7296476,0,0,0
2bb5283fc3fb4c55a2d533e51e857939,1609938776.3202806,0,0,1
55025e22f7834fd9a4d2f68ce1064484,1609938776.6180189,0,0,0
94f2554ec33244aba89a5ad2d70066cb,1609938777.048483,3,3,2
a4e1e9682cf34d2e8879af1b36decbb4,1609938777.3247476,0,0,1
448bc651ea0b41aaaff6f763e9c3d155,1609938777.5235183,0,0,0
37a5e813e05742a191c6ef8b4e8785d4,1609938777.6653748,0,0,0
224559c3147f4616a75ee9880aa1db56,1609938777.895898,0,0,0
f187bfd6d4d0453cb92b24cae3798116,1609938778.1748633,0,2,0
1ac277760c9043dba1cfcd697ae1bce8,1609938778.2682302,0,0,0
723b40a821094ab6b515dbaeb92accfc,1609938778.4782047,0,8,0
efe779f9538a4aa59b910e0f54b32d54,1609938778.7374232,0,0,0
fb89d75a2408486c925602a0cf64a0ac,1609938778.957238,0,0,0
373ff7fc5ae14f24a3cc373a2c0caccc,1609938779.2324145,0,0,0
0d6b30e260bb4bdfb1b4f3053c1d8ce0,1609938779.751728,0,0,3
23d8d37edbf94e9aa4b7b61678d76a99,1609938780.6639483,0,0,3
246de9a2f65046a0b0c71b7902c99fbc,1609938781.7683516,0,0,3
11d8ac7be8ae4ed296cf5c5c985d5e03,1609938782.7614655,0,0,3
5b7db425c137479088f751ee6040565e,1609938783.6601448,0,0,3
669f3017105c4a14bbf82759f9d96bb9,1609938784.6548092,0,0,3
ed1a4ab00a314ccba676b0cd90d81c7f,1609938785.9258735,0,0,3
2a24b1c53c6543969b5332ac8ec5f544,1609938786.637154,0,0,3
5612d5f7cbb9432181f7edcbb5c53099,1609938787.623148,0,0,3
3c417535cf6240a7acb9bbd62f52dde3,1609938788.6766589,0,0,3
4f381851ea9b41e194e6700c1e1d35a0,1609938789.6457136,0,0,3
378a02a0b77b4903ad2a29a9e028c322,1609938790.833239,0,0,3
0adf4baa74d14d37a58680a2cac48370,1609938791.7206066,0,0,3
24daf55a193d45efbccfd62a8251876d,1609938793.5850713,1,0,0
9f39b4ce2cc54ebfbcfb75fe9c6832bf,1609938795.2180188,0,0,0
3c5cbbfe814849f9adfcf73ecade408b,1609938796.2083855,0,0,1
abb8b0b721fa4b548856969826bf8f61,1609938797.2892568,0,0,0
2c4a026e4d024e058deaac508fb8dd90,1609938798.1802077,0,0,1
eb2e5240d87648bc91f5dd1b41791ae3,1609938799.4901843,0,8,0
a2fd7e6f1c4e4dab859e474bef04748a,1609938800.1831968,0,0,0
14d3fe2f5f904414bb63f2a4438af92d,1609938800.393355,0,0,0
ff6065ee70ee41cb809c296bfe3ba024,1609938800.7868845,0,0,0
b0e970b9865342c6aa0d5f54f3f9c045,1609938801.9280107,0,0,0
75895ad8965e4d1689e0daf66f6d9bff,1609938802.8339343,0,0,1
13ad2255e93043f092e633ae70354119,1609938803.6429636,0,0,1
654e8692f67d41eabccdefc68a76dc1a,1609938804.6462426,0,0,1
5f6fe42bde3949f489667e1cdf7a46b1,1609938805.700059,0,0,1
bdc785b292024489884b39e2fff82afc,1609938806.7117877,0,0,1
a99ab302517a4c599999af530fdf831a,1609938807.7737546,0,0,1
169fead41ac64ea6a2ffc04ed8d7a0a4,1609938808.7809153,0,0,1
fc4df9d9b8ba4db49cf1d56583db420a,1609938810.4979484,0,8,0
18c5d2a56687473283a6bb0b41e731dc,1609938810.9897819,0,2,0
38abb1e6f09547349b278a14f3ffef92,1609938811.7179768,0,0,1
6ca59409071145648374ca1250596c01,1609938812.8808408,0,0,1
c1a3a882f9134a6ebb905dc24018ae55,1609938813.6503186,0,0,1
bb87c8f3ee5e418292ac54ee97bb8eeb,1609938814.7044303,0,0,1
777fa44ab34e4066998bd3c40225b3bd,1609938815.7330513,0,0,1
4ccaf35d055f4857b4a6215bf8ba812d,1609938816.6289723,0,0,1
8c1abaf29c8246149ec09629a711b0a4,1609938817.7007506,0,0,0
ea3ba2ee21084a729ccbc141864b2060,1609938819.1662405,0,0,0
48e9133d96b14860a5f84351be341b76,1609938819.7612538,0,0,1
78fbb0c18b8f4581ab9fb6c51f00043e,1609938821.1847193,0,0,1
68bd594397934156a0380b2cce851cae,1609938822.1886544,0,0,0
24baab0f581a401b98c7fd533b5493bd,1609938822.9096828,0,0,1
0abf32f993a94876a179a566e35609e2,1609938823.6907308,0,0,1
a91d791e9b0048dd83bd655fe6a38aa7,1609938824.7022107,0,0,1
4f93194cf5b54f41a995d7bdfc197ae9,1609938825.7058673,0,0,1
1afa6fa1229c48589da9ab2d2713901f,1609938826.6590595,0,0,1
4c26a1b27316454fac5fa1ac13adf0a6,1609938827.6791983,0,0,1
144e7b411aa243dd886a4c5a3221d024,1609938828.6818554,0,0,1
0ad8e541569540f7872fe74ef8e3bdd5,1609938829.66794,0,0,1
378f53cc8cde478eb29a47c969ac8286,1609938830.6543887,0,0,1
ce1e3db6771b44c0a028f32b9e75ef4e,1609938831.658677,0,0,1
4327fe8afb2048ccaf1b2de2673c6255,1609938832.8890054,0,0,1
c1b79acb7c7d488baf90c32ac97f7f13,1609938833.677329,0,0,1
cae6699a9a71493d9c09187cdd8b64a4,1609938834.672611,0,0,1
659ab1df7c4b48b7bb25c167b55e61fd,1609938835.7691853,0,0,1
e611fb46520c457dabf8fad42592cd9b,1609938837.0064018,0,0,1
f50bc3b3f82f45ac9ede6e0235c7e68c,1609938837.674637,0,0,1
2f0c8b6ba3224628abaf81d2a1641466,1609938838.6870854,0,0,1
047acbe2e3dd4891b6739c9fb7959a95,1609938839.6942961,0,0,1
262d619e4dd747818966a7989a59b756,1609938840.6814976,0,0,1
b2a6e18bb6584622b68c9290dba6e284,1609938841.710704,0,0,1
82f7a874330a4b32a7c921d711c30279,1609938842.8371406,0,0,1
4796615001394f909497348f6d2e642f,1609938843.6989632,0,0,1
86103835e71746a79f0df045f054bed2,1609938844.670262,0,0,1
cf2c847d50c245e2880c3639712bb99b,1609938845.8590586,0,0,1
131ef589aea74168ace5e9519d1a497c,1609938846.6957357,0,0,1
2152d64dbe624b289cfb423c551faab7,1609938847.7500873,0,0,0
1786294e16ac4b4cbbe4ef4ca1c05dbf,1609938849.271726,0,0,0
f4a365dbd8404ca9821abb4588f9462b,1609938849.6857095,0,0,0
a4ed1587ba8d4a4ea8e5e95cbb7d7c81,1609938850.6949048,0,0,0
5a0bbd4e39734651b2c71998d6c9b9b1,1609938851.6640477,0,0,0
384bf85d66f74d549e14ea5fb41ba795,1609938853.9665492,5,3,1
19e6994269d742f1b26f35689004e3a9,1609938855.4088762,5,3,1
82c62a72cd2c43c29cef1f952cd5c4d3,1609938856.5062313,0,0,0
bbfdb40a74aa4df8b38f795b2c3b15de,1609938857.1824298,0,0,0
319736c181fe4305813072a7a237f73c,1609938858.1787875,0,0,1
01629a1274534776ad0c907c7abd9fa8,1609938859.038206,0,1,0
020cb037a31b48febd744f3daa0eaa5b,1609938860.1718624,5,3,1
dcdc31a854234e3b8507e7bec261eb66,1609938860.7398846,1,0,0
6bc019dee1f44afeb7092319d30f3819,1609938861.2688975,0,1,0
51f6b4f0c6434c439057067e0f19cc0d,1609938861.8380587,0,0,1
9c83ffdf7c5a490781cd9a544b0b5fbe,1609938863.01116,0,0,1
5799f0bb4a7741f39ad82bb4d2ffe9a5,1609938863.773599,0,0,1
306e14d49f5f4ff7aef351ecc575a222,1609938864.7697647,0,0,1
8a986db2e46942b49bb6322f08727b5d,1609938865.8648555,0,0,1
94f93a61df224f1ca04411763d72e9ef,1609938866.8021271,0,0,1
f8f17ec3a17143ccbb839702a3e41216,1609938867.7386975,0,0,1
ad72c3e8905e42cbb876cf3217b15685,1609938868.808964,0,0,1
64ad2574b7a44bc8b081ce3b3e735539,1609938869.8140533,0,0,1
006476c2ec20424dbb74e191d39d9a04,1609938870.8508635,0,0,1
ae94dd20bcea4bf197f58b8b12a1faa9,1609938871.6962965,0,0,1
bc2677e2441f4b52851e2e62c18711d0,1609938872.9605546,0,0,1
804e5b04b6134e16824f7aae24befa5f,1609938873.687854,0,0,1
cd1fa9352f4045a69a6dfecbbf519d9c,1609938874.6993892,0,0,1
a41dd7f22d244d82bdd3f909857937bd,1609938875.7357924,0,0,1
83e89bf75a6846978abe66935449cbb7,1609938876.739541,0,0,1
c84fbc226ac44154a57e302cc7dab2a9,1609938877.9349725,0,0,1
c6861b6232f64fe3ae0dc78841aabb45,1609938878.8061552,0,0,1
612c9d8c15a34450b2e03f4ed6cf2352,1609938879.9774926,0,0,1
919e426b127e47f7ae07db27220abae5,1609938881.192216,0,0,0
8a56c2afa7464d8fbf76c49f88d90c2e,1609938881.7621427,0,0,0
6212945ef9bb41a2815e2da417811e09,1609938882.8479755,0,0,1
7b2436467d3b484a8f5065f1d28cf5fe,1609938883.819547,0,0,1
372b396a2dd84fdc9d1cfbf61cb9e3a3,1609938884.8592918,0,0,1
2fd238eb2b1546e0820b0641f824faee,1609938885.9487166,0,0,1
abae90b50a724b4d8d1cb1f32180459c,1609938887.7590196,1,0,0
a94e86d6e34842ccb6420d68cbb77c7c,1609938889.255954,1,0,0
eea4752180e74515943d72c0ad84a6c5,1609938890.36129,0,0,1
943d44797feb433c8c90d17f869495fc,1609938890.6818125,0,0,0
ec6ce342990244d9ba93ec69efa6cfb5,1609938891.0837774,0,0,0
894c0d82c723417ca5843fb44bc809db,1609938891.9031723,0,0,2
f7ef0da7235b46cf9317a9ad4149423d,1609938892.8426938,0,0,2
fdc314d5701a40d4894bec0f1091ee18,1609938893.847311,0,0,0
bdd78f1c0bd64ec7b2bc826468790f8a,1609938894.829865,0,0,2
833ef715574d4fb4a07f5fd76284d6b4,1609938895.842543,0,0,2
9f2855bdbc024e8a9d6f5422cea77ab3,1609938896.9129472,0,0,2
c7ada044a9564253807fc555a75593b7,1609938897.8089397,0,0,2
522bf02f56fb4e5cbf086b6651e0710c,1609938898.762834,0,0,2
d578fa14a5bd45ee984aebd87a07b627,1609938899.8415165,0,0,2
3faed3531b884e9e9c79e869ec327841,1609938900.9550068,0,0,2
81e84abd2e0545408f64ecf9f6f382d6,1609938901.833843,0,0,2
62a121f14a5a40c58fb04a2e13cf724b,1609938903.2399118,0,0,2
3304682ce506426795c58bccc6f5c63a,1609938903.9449039,0,0,2
22912d6fcbfb4fc48b07f960471b8e87,1609938904.9580545,0,0,2
4d22188f20184733b115c081b61cd88f,1609938905.7952657,0,0,2
31a53ae38f304837ba0a9138a3d09d2c,1609938907.0422096,0,0,2
4291a5cf63b3488c90406e869bdee775,1609938907.8066568,0,0,2
0a36f69fc3f24306bb8b5164efd99f82,1609938908.9676108,0,0,2
57f46d5ba8fc42d68bc77591a30c8f10,1609938909.8231122,0,0,2
80781ef9aca049d39e7147ab6af280ab,1609938910.7770622,0,0,2
2e32e8e131974f4aa6d0e301d45a65bf,1609938911.7312272,0,0,2
2d9bfd50656040c1aed17e2178b64835,1609938912.902377,0,0,2
5011608d59cd45f1b409719992a07589,1609938913.7576337,0,0,2
291e49832f8843d1a2ced664d20f00a2,1609938915.4113681,0,0,1
bff9d7ea35904421bcef5922e7caafd6,1609938915.9402819,0,0,1
2b117fe034c341698d3c92b7a747762f,1609938917.112463,0,0,1
272f60dd9c514003b2c304e8d5603f2d,1609938917.7822955,0,0,1
2801992a9c294af98183e7b9d68ad8fa,1609938918.7621589,0,0,1
9e83855f945349a890fe3025839807a4,1609938920.0865877,0,0,1
f6f0518be44248b9b38f5bf6397545b2,1609938921.1270823,0,0,1
075e8243c8814a78a2f775384e499131,1609938922.6501775,1,0,0
c43a6e47a35742c6988bb8638958cecd,1609938924.144318,0,0,0
7e4d93de353e411c9b5025d0b7f9bdf4,1609938925.7840407,0,4,1
03bb848bf9284996acf2db0ba9577412,1609938926.7799606,1,0,0
471e4646c31642b08b2891a5bf28b6f0,1609938928.1803758,0,0,0
11ebccaf493d43d4ae63f95bfdf17fb6,1609938928.970502,0,5,0
6dee07982b9d4648907dbbf66e31328a,1609938929.5814767,0,3,0
4a088dd6f94442bf94767741066c5774,1609938930.9795995,1,0,0
47abaaf875d64ab28378bf7e5ccc95df,1609938931.9953537,0,0,1
3254cdb9d9684a10b961e4ed65f98bb6,1609938933.4165053,0,0,2
c507e33fe9d347eb8dfe6ca79d409172,1609938935.4774199,0,5,0
0d8ad43c3ef0463ea887429da1c6d338,1609938936.4080555,0,1,0
96a95f042fd54c68bbfc6e8e3992a9e8,1609938937.6564493,0,0,0
1b2e05ffae0e4d90b3eda4ea1e5ef78c,1609938938.0433977,0,0,2
d9666d405fa44d958f84aff6714b8fca,1609938938.8978484,0,0,0
23ca83115abc4833a5aeb790d5a70eb5,1609938939.2743793,0,0,0
264b472027e04c7485bfc42ff902fbca,1609938939.6180263,0,0,1
fc8de445b6e648eeb406fde15fb2f007,1609938940.0786393,0,0,2
d5f46ef9b3f4446c9955124c81af548b,1609938940.7308881,0,0,0
3082493505c9479486e322cf66440283,1609938941.4215412,0,0,1
78e6802d6565485f9b67b733db898e95,1609938941.858707,0,0,0
de03638717cb47dc974d4aefdb9dbe0d,1609938942.8962824,0,0,2
5986bca74fbd4b4cab03e6a1563c2a1f,1609938943.787492,0,0,2
d5b9d7795cad448eba987c1f4aa0fae6,1609938944.7739983,0,0,2
8f7515644e9c4fad9f9141580f08b4eb,1609938945.7684052,0,0,2
1134b0c47dac41b6a9916ea3d7aeeefa,1609938947.431569,0,0,2
87cf01acd5d4407c980ce674f8d439ef,1609938947.8675385,0,0,1
3b0de5b96d8348a28467e74e611f80c5,1609938948.8395696,0,0,2
6299ca0721624506b1dd271e33260f98,1609938949.7753603,0,0,2
f4132a0de78740c48428e7b629a7c29a,1609938950.778356,0,0,2
ebac432cc63e43e2b8f2e35c38cc5609,1609938951.865536,0,0,1
27ea2248bc144725b5b67a79b3630f71,1609938953.0639212,0,0,1
608585da90a34521ab09a8d272f27e6e,1609938953.859914,0,0,1
f0c9229dde2042ca9a745e4b15013ee9,1609938954.7718117,0,0,1
9a343c69a29b4802aaab186c2a6b4dd3,1609938955.925626,0,0,1
79233c0fda644b7bbba2cb1317a1de78,1609938957.0231512,0,0,1
9a024f4bcc19445c813af2a5ea3f8d7a,1609938957.801161,0,0,1
8e9a46c87e6a4c799ad156a240fcade6,1609938958.7962508,0,0,1
c93706ebcb5d49ac82b414ef45989842,1609938959.774362,0,0,1
ea923b94036a48cdbee40b43c5c41d4e,1609938960.77044,0,0,1
796698e515f04be38b70ece4b2d5526c,1609938961.8667028,0,0,1
ca2039900fda478888a73301a7235280,1609938962.9192028,0,0,0
8e81ebc4a83b45378d6edd7a26fc865f,1609938963.7874937,0,0,1
0f0799e3c8e2469d948206e6b8fe3a43,1609938964.7573621,0,0,1
917373688e57461393219cab139378d0,1609938965.7851455,0,0,1
9e966fe9dadc4fa6a9197b1008c728f8,1609938966.9189,0,0,1
6009332d349540b6adc34da71f552996,1609938968.0291617,0,0,1
5e21d0dd2e7f4e49ac2d0081d2afe3ba,1609938968.7909815,0,0,1
83f0571441d14178a965869fde760e1b,1609938969.8457313,0,0,0
9e9941eb50fd427d95bfd013fea23006,1609938970.8352928,0,0,0
6788b948f57046669c5345aa0c94f090,1609938971.8048413,0,0,0
6c28391429184461a484d5938635d140,1609938972.9867382,0,0,0
6b025e4b01c846529c0e47fcc286cd67,1609938973.7729933,0,0,0
b25232bd418946b69d6447a08a47f80e,1609938974.7859838,0,0,0
4c2800ab31ab4cd9acfa92847d231101,1609938975.7990723,0,0,0
586562ba965845f9afe18e6096a2d942,1609938976.8527012,0,0,0
6f7c20639a484e2b86ddcef6bab33969,1609938977.7648685,0,0,0
0b14fe99234d496fb89dae4a70facc65,1609938978.7851176,0,0,0
de14b4c99bcd4483a39f93bbe85d6ff0,1609938979.7799442,0,0,0
74b7db1225f545eeba0eacce549149fc,1609938980.7830498,0,0,0
5e75ecba5c3e4ac58877d330737a2150,1609938981.9036176,0,0,2
d1aca34c28724f94af96fd121ba4b4e5,1609938983.8274043,0,6,0
243f5546eff04916a804653fb01150bc,1609938985.2239249,0,0,1
154fbfd9d48e4c79855f925cf39b58e0,1609938985.8099053,0,0,0
d711cf8f56ed4cd8ad8fbd1788932626,1609938986.1632218,0,0,0
01beb55ac2e94bdcb3290f381a597cc3,1609938986.891551,0,0,2
6506737227e94c91ba1055f1d1f3848e,1609938987.7535806,0,0,2
d513dd7501f64465a8d5223fd92906a8,1609938988.7900567,0,0,2
17cd23ffc64e4c94b836993c8edf4b44,1609938989.8261094,0,0,2
3363f72725a143e0a25ce3dfbdaa8a00,1609938990.795695,0,0,2
09558fab302d449fbb48e01a8f9839b2,1609938991.8151839,0,0,2
894658b4497b41be9d9930b2c78e4486,1609938993.086209,0,0,2
97ef9365bd334d9d812d3764f240fba4,1609938993.7799754,0,0,2
a74e17adaf534126b3fcd1c10605ced1,1609938994.8253877,0,0,2
9c265c8cdea946dea66f39007eb3da03,1609938995.7779155,0,0,2
e7c649d928194617aba1aaf600369a44,1609938996.9327753,0,0,2
5aed6cc8841a4c61a46de2568db8ff4f,1609938997.8026893,0,0,2
3adc3f7389b04f1d9dd5eec141fb4d07,1609938998.8139253,0,0,2
7638bc1bee844285952efae5bcc990d7,1609938999.8086421,0,0,2
2f80a93a15be4410b8f9669ff1ec050f,1609939000.8445637,0,0,2
62ccddf023084192bd3fc2245a7cd5a0,1609939001.7904365,0,0,2
2ac29077d8bc44cbb89c21a0171f3086,1609939003.0526323,0,0,2
d572bf0e850c451e8dcdc9d6d7976e13,1609939003.9817917,0,0,1
da33125401e2418a9056cf577987bb3d,1609939005.5710456,0,0,0
80eb99ee1df247c5a747790e790ce0a7,1609939005.9516218,0,0,1
ddf21fc7f1874572817bec435c98506c,1609939008.207176,1,0,0
df25e2005dc74301827f029c55f1f518,1609939009.173258,0,1,0
7ef59a2b3c6b4afba0c7d10d128c121a,1609939009.6054292,0,0,0
dab63131e0594dd6b1f6b72fadc23f8a,1609939009.9636216,0,0,2
47916cf1fffd45049481c1d330b8ed95,1609939010.820247,0,0,2
6a0d10cb40e24e54afedf3f6d9f813e2,1609939011.7965844,0,0,2
bfea563275fe4bab94686e538d16cd38,1609939012.925959,0,0,2
506f3e17efaf42aeacdf7b2aa8936c67,1609939013.8622828,0,0,2
42c1c690f11745ea9eb9e556cf5dd067,1609939014.7982645,0,0,2
d6ea083184ee45ffbe747fc2cc20ecad,1609939015.792451,0,0,2
0c4154593e4f49e2b86f1080e51e040a,1609939016.9118564,0,0,2
343a7a99a75f46939c04e3f79a16733d,1609939017.8155854,0,0,2
9c2673a150fe42249d55e843a4814e35,1609939018.7929301,0,0,2
43b6b0ceef0b40e3896d75058be54c24,1609939019.7961552,0,0,2
cddb4ccc34c4460893d3608e366eaea7,1609939020.8165212,0,0,2
5615a040cc544b1c9f531047d33db749,1609939021.810635,0,0,2
002f43d13cb34819b02bc27ce8617784,1609939022.881984,0,0,2
c1c7ef8429ac4115b1ba642cad74ce61,1609939023.8098607,0,0,2
ac9036542303476487bebce4247e7301,1609939024.8126879,0,0,2
ebac09ccdbec4e3baeca0dd63002392b,1609939025.8061275,0,0,2
24e0567187db447789d5f371a830e6d7,1609939026.959934,0,0,2
b8d9902e99c14037abe8b2f63fc0e3d8,1609939027.879717,0,0,1
b460b15613d34ce1ac7e1ca5e0861b83,1609939028.92641,0,0,1
aa81a237443945428ec21d9b554990a0,1609939029.8366246,0,0,1
bde4743532ad4223848683904ae4c094,1609939030.8062918,0,0,1
9165aa293c64441ea6d6731fd0501463,1609939031.80858,0,0,1
8a994fd9b8ac4b3e84532bebf5457614,1609939032.8893497,0,0,1
128c9354e4714a99a2d217500f9f7046,1609939033.7990353,0,0,1
f7c5843b9c1b4230bfc1ba9d14419d8d,1609939034.7763748,0,0,1
8b67ccad014544318021f63178f9f6f2,1609939035.803576,0,0,1
bbd0135458f2481f92a2344a8545b24c,1609939036.9067907,0,0,1
28fb858b0ec44e219d6e0d691e951156,1609939037.8259587,0,0,1
4b6c2229dd0b471e833158260a415ced,1609939038.8194203,0,0,1
d30ed7e49a03488785dda1565dd8a306,1609939039.8141506,0,0,1
dea04bb8580144509c1bb08206d2c2d5,1609939040.824742,0,0,1
efed01ec4597482a893d1b68fde8b3b9,1609939041.8273785,0,0,1
fdfa5c721e9e4c3ea0d2a1b5fc80e81e,1609939043.2918577,0,0,0
7139599700be4155b8e429571f3a90c5,1609939045.0397837,1,0,0
95f79855a9914e049d7a42486d77c615,1609939045.7193813,0,1,0
92843ed89392467dbc213607b5ee7da7,1609939046.029879,0,0,0
5ef75e5efc1048be87a7a77a8d6a143f,1609939046.919516,0,0,1
1051e5fe6787436fab4de30a910449b1,1609939048.9577227,0,0,0
d5e307f9f40a4d1998697b751e850243,1609939049.9645205,0,0,0
0600d87cf1e64e009b5f8908968987cb,1609939050.4061534,0,0,0
67037da270bc4f94ad46e8c95f91e295,1609939051.7473445,0,0,0
62b34e0076fb4adb87cf20789748e7ed,1609939052.6548896,4,1,0
afae5a5883e64a9b9e149e47860084cf,1609939053.5732653,0,0,1
807580366ac8483eaac9f21f631dca29,1609939054.148275,0,0,2
5b79f134718040c0b501966adc3311e9,1609939055.8360364,0,0,0
a010ebfff4ee40228dd9cff729cbe359,1609939056.5736141,0,0,0
dccdd8efe7cf4ae184d364acd5a2326d,1609939057.1937551,0,1,0
f398d138e06a4f60a85e37a324575d16,1609939057.8530266,0,0,2
476cd79ea3984550bde915051140a2d9,1609939058.9491713,0,0,2
caa18c376c8d4ee59a578da9d694d4b3,1609939059.8173645,0,0,2
aa9577f839fc44b5b50036dfb43430b8,1609939060.8040776,0,0,2
2090a3b1f2364699b248883536a85fb8,1609939061.8150043,0,0,2
685bbf5f816443e1bde8a2b905b3d9fc,1609939062.8766925,0,0,2
24be7132666348ba9b1b4b12d7204adc,1609939063.88942,0,0,2
048f67997a374411b768b9d1b7d70398,1609939064.8670204,0,0,2
9c084d68d7a841afb5903c0e88272c77,1609939065.8875175,0,0,2
a88e44318ad140e1a1b21e6ab38bd634,1609939066.9072978,0,0,2
0541ec276bf44f00a8d8e494bb3f58cd,1609939067.8856146,0,0,2
1c9bd44668d846df93f89329332e34bc,1609939068.8058515,0,0,2
32f0a263a5994e36a5ec99a0a15937ce,1609939069.8338673,0,0,2
e69f519170a94ce88d7398e4572e0316,1609939070.8528757,0,0,2
d94bce0c0fb342ef90974f0c47dbdc33,1609939071.8060353,0,0,2
87712ce22db5414d8d87f089956546b4,1609939072.8419912,0,0,2
66058ab5b2b74a6ca27a73f6c5fe2c57,1609939073.930392,0,0,2
bba3d7cdf62449499cfdf5f45b14b3ce,1609939074.8749356,0,0,2
4cdc2f2bf0e749f5bba7b4d1a2584094,1609939075.8269534,0,0,2
a6d577d43a764ab3b99132880e7b668c,1609939076.829847,0,0,2
ce194152cc5a492cb879ff8c6b82a221,1609939077.8574162,0,0,2
3dd7f33001f54c09ad2bb32d30fdbd73,1609939078.85132,0,0,2
b9d6a47c62bc4282af26dbef662b9ac6,1609939079.8449101,0,0,2
b538e0cb507246e29fd33014145c5c79,1609939080.8560898,0,0,2
07c93994b4e6469aa46e4a2ec094df84,1609939081.8586247,0,0,2
198a1e3743914e9ebe021155170134fc,1609939082.8027003,0,0,2
4ac8d3f473e9428a8d8bc7ddfcbeb74e,1609939083.9071717,0,0,2
21e6df006e654e6795d1fde8ce7d205c,1609939084.859097,0,0,2
24640bfab84c417194ec6eaec0d1533d,1609939085.8449397,0,0,2
a447fda28b304c34bbfecd4ce13daed2,1609939086.8217452,0,0,2
08f757a8cac84dd3b1df4782a3bfbbf8,1609939087.9252365,0,0,2
2254fd1472184e1b999ab542403662c1,1609939088.9109437,0,0,2
e01d3bed39674012a44d34692f7bfc45,1609939089.8630464,0,0,2
16e8c825485a43099b108c4277c549a8,1609939090.8410144,0,0,2
f6b23ba3c5db428e94a8b44908e6165b,1609939091.9434583,0,0,2
8017d7bf993940c6a5fc3d9cc259aef4,1609939092.856846,0,0,2
9e97e7ab2dda475f9d85674389fdd0c7,1609939093.8421922,0,0,2
3787c50d525e460ca6019a970cd0e60b,1609939094.9030821,0,0,2
1ccd708e16f44c6e834f41347f4dfbbd,1609939095.8382764,0,0,2
8e51f56193ea44a3b0805165c2388fab,1609939096.8661833,0,0,2
8022225a72b6406883d539db9e68a814,1609939097.9605129,0,0,2
fc2af135cb94466cb79c563d0c980d78,1609939098.879051,0,0,2
ca6aaf1f9ae44853984e195343abf9a6,1609939099.8232596,0,0,2
294629a94d964e76bf329a2506185f27,1609939100.8676734,0,0,2
3328ee7bbecb4c58b5a9f2300badc122,1609939101.8448584,0,0,2
4266206e7e0b4c68a063713f7983299a,1609939102.866052,0,0,2
3887a17e48e1472d82b662367ec9cb18,1609939104.0125134,0,0,1
32d7aef127d04c88b598bf820213cf5d,1609939104.9939733,0,0,1
a14e67b2f7f149cb807eda56a3a691af,1609939105.8539906,0,0,1
f4c9b5c65e2e4b3193858bec4e29e7c8,1609939106.8991728,0,0,1
8949ebfa657b43d8b17e7b2d867c1637,1609939107.9461558,0,0,1
188649c760094118921729127fbd5404,1609939108.85454,0,0,1
8879507182ec4e3b9de7ba3bcb7dc18c,1609939110.432458,0,0,1
2f2cd2289ed24ec7b89d515c8a22b785,1609939110.8926091,0,0,1
446ace7fd837411e8e276e0060925dd6,1609939111.8862603,0,0,1
fa933a7b10df43f59cf20f157ca07044,1609939113.019712,0,0,1
a516726c94de48aa91bc3f1c993ba24a,1609939113.8851323,0,0,1
c171569b6aa244e1a28c7368370fcdfd,1609939114.8629072,0,0,1
b7bc34a9ee2f4d5d9421515b5fc94639,1609939115.881107,0,0,1
9dcea74b02b140ff80e497a0991bbe76,1609939116.8836737,0,0,1
960bc24bb6744fa9885e39755a8279ed,1609939118.0202913,0,0,1
f23c9004006f4e4e9f58363bbbf56f6a,1609939118.9232688,0,0,1
951cff97573d4a8dad543e4017952f0f,1609939119.8745313,0,0,1
890d06efb0d3449083a98a53339311e3,1609939120.852853,0,0,1
787352a8da4b49d498d5015a84771aa8,1609939121.8718574,0,0,1
2fe30a0b545e4c1e9ea5034dc948967f,1609939122.8404107,0,0,1
c38cf4ddc49045538b8263db2e467c78,1609939123.903877,0,0,1
de51d59473804a099cef73b33c50de29,1609939124.8897226,0,0,1
504f43ad19494056985201773a4e444d,1609939125.9090157,0,0,2
abdbbb2d9dc54fff95edafa74aafe38c,1609939127.481396,0,0,2
31fd7dea58584000ab01571f1ed5dea8,1609939128.5369492,0,1,0
4113976f71334ccb8d9eeac7a29b7dbf,1609939128.9977455,0,0,0
173696b9888f4ae29dce0fc19c54cd0e,1609939129.8744721,0,0,2
28bdd0f467994bc0ac0bf8b017b4c2aa,1609939130.879148,0,0,2
fb9d53cbf0354dec926bcc49e908fcd9,1609939131.8487942,0,0,2
f9279aa6258040dcb62e17226a0122b4,1609939132.9128017,0,0,2
8c4191003fc448459996f30a4f17aff4,1609939133.898984,0,0,2
d125d4239a5243a59ca699d6a551cfea,1609939134.875992,0,0,2
4c8815b99a604a9cbd9baa6785b54184,1609939135.9113495,0,0,2
1ca1e439135c4a50815f6de55ae5dca6,1609939136.8897536,0,0,2
1760b5d48b854e8db2e1d6962db976f4,1609939138.2641425,0,0,2
6804a3ac492b42bfb0daa85a8accdb14,1609939138.917766,0,0,2
6497e1d295784c80ae98bf1debb45134,1609939139.8872273,0,0,2
4e0f11cc1a1343d29048222038c13f39,1609939140.940762,0,0,2
ea4fa0df9ea743d8979c8c8a32363460,1609939141.868124,0,0,2
1ffcb00ed5584c99b80e6c27140bcf85,1609939142.97917,0,0,2
7a7a3a97a71e487f858ca41c6385daf7,1609939143.8496733,0,0,2
391d2244becd4e42a472c684ce4dad33,1609939144.894051,0,0,2
6e92be8f059f4afcaa2f4e8f12409c0a,1609939145.8880582,0,0,2
257344441b434ef78e88316241f50dd5,1609939146.8819802,0,0,2
bdfcdac4f0244b5b9b53c13e74d78823,1609939148.0357192,0,0,2
8120c97baffe4ef7ae6ac42fb6d65b57,1609939148.9213426,0,0,2
9e2c0407e95b4dd094480c4669325f35,1609939149.8490462,0,0,2
d7147998ae634df79dcc73b09ece6a3a,1609939150.9352646,0,0,2
4a625d818ab44509902af58683155a73,1609939151.88793,0,0,2
a6d15022099943cf8d7ab7568db6577b,1609939152.9069648,0,0,2
d9b2abccc90c4e90b95ffd32d516cd8d,1609939153.8942866,0,0,2
cc6a6f8cef9b4747835533dd667016fe,1609939154.8966815,0,0,2
c2bdd9933fd24f848d813b2451d114eb,1609939155.8911412,0,0,2
ee85b1d2d7d549cab2f6ccf607544efd,1609939156.8854058,0,0,2
c83914492eec438c85657d52cc6e1203,1609939158.515407,0,0,1
a02ddb9982ab4224966b905aaffcc426,1609939159.304147,0,0,0
ae22569b389b4dad8c87eba6cac29ae9,1609939159.9300594,0,0,1
1f61fc176bdc49dbb8a71f441e572eaa,1609939160.8734896,0,0,1
aa4a14e65e8a42b2a3d064ddb5ac5f00,1609939161.8838522,0,0,1
ac829d25a9444c719c6df9869341e82c,1609939162.886356,0,0,1
837dee0471b148ab86a58fde99f1ad68,1609939163.9646964,0,0,1
4bec079b12694a149615f226313b80d2,1609939165.2805681,0,0,1
72f55960a790498db3e53695b2fdbfd8,1609939166.259649,0,0,0
3685d056fcd245e9bb71351cb14dc8ca,1609939167.0308948,0,0,1
2c963d00f0d1455db78c5b488e936478,1609939168.698989,0,0,1
8bc6cfa5edc74a829de122d3d534cfd9,1609939169.3190424,0,1,0
b5a54c4922d74a87bd9779892c54e4f1,1609939170.7020626,0,0,0
910f1e58c8474117a9dc5259cd24bd42,1609939172.4694705,0,0,0
5ab4a943624644a78c58466c9e14bf93,1609939173.3669438,0,0,0
2fb11fd2a7b7402a9e0181da84ae4b80,1609939174.171754,0,0,0
54b6cea1685449a2b174325d89382a75,1609939174.7080395,0,0,0
b24e69b8e6344d8bae780f4e9df29664,1609939175.1644316,0,0,0
8e417483472b41478f53a7899f5ab25a,1609939175.9324005,0,0,1
135053d9964343f492ee789cbd003f64,1609939176.89369,0,0,1
c47274b2486c472ab04ff2a5092500fd,1609939177.8972173,0,0,1
65880672142e40fa9ecd99745f7c6e9f,1609939178.95784,0,0,1
06a9bde5b2af4d4587246d0bcfbc934a,1609939179.8855226,0,0,1
bfe414355af54085b08ba534b8c0c6f5,1609939180.9050581,0,0,1
9640d377769f4fe9a37bb2d50897086c,1609939181.9259217,0,0,0
b8c4caf08be84ee6add53e3481c3dea0,1609939183.698564,0,0,0
0386dbbf35274bf9b4002f03eafa530a,1609939184.0093377,0,0,0
ccbe5b22e1a4466baf34127bb220fbed,1609939184.9101362,0,0,0
22dad51d2673408e91f67965d5cdb483,1609939185.8963346,0,0,0
468bd8c56b19413b881ff3bd79313e88,1609939186.89054,0,0,0
451356feac59421cbdfebc419bfe9343,1609939187.9350963,0,0,0
16ac0f8e85b3433e8058a4d3f2338e98,1609939188.8884819,0,0,0
61311867e0ea49c2b02f605e742bbfed,1609939189.8909018,0,0,0
613e3d94e8964aa69e1efa196ec9ecf3,1609939190.8854513,0,0,0
a3dcf8a0f3384ee8a6d7251b947fd92d,1609939191.8879452,0,0,0
