action,total,openwhisk_total,openwhisk_cold,pagurus_cold,cold_percent,alleviation
1,95073,,12,1,0.000126219,0.916666667
2,91828,,0,0,0,
3,90825,,37,16,0.000407377,0.567567568
4,82559,,19,2,0.000230138,0.894736842
5,82183,,1,0,1.22E-05,1
9,66485,,15,7,0.000225615,0.533333333
10,63275,,10,2,0.00015804,0.8
11,59154,,31,1,0.000524056,0.967741935
12,54823,,8,5,0.000145924,0.375
13,53960,,26,2,0.000481838,0.923076923
14,77031,,28,2,0.00036349,0.928571429
15,75557,,11,2,0.000145585,0.818181818
16,70560,,27,2,0.000382653,0.925925926
17,45120,,31,10,0.000687057,0.677419355
18,43793,,37,4,0.000844884,0.891891892
19,42110,,441,50,0.010472572,0.886621315
20,42061,,15,2,0.000356625,0.866666667
21,40157,,15,1,0.000373534,0.933333333
22,49772,,27,7,0.000542474,0.740740741
23,47278,,415,18,0.008777867,0.956626506
24,48016,,14,3,0.000291569,0.785714286
25,35298,,399,44,0.011303757,0.889724311
26,35298,,399,40,0.011303757,0.899749373
27,33987,,29,2,0.000853267,0.931034483
28,243884,,78,7,0.000319824,0.91025641
29,33820,,145,3,0.004287404,0.979310345
30,39142,,19,10,0.000485412,0.473684211
31,36678,,1,0,2.73E-05,1
32,36168,,25,8,0.000691219,0.68
33,26946,,5,2,0.000185556,0.6
34,27336,,15,5,0.000548727,0.666666667
35,26957,,2,1,7.42E-05,0.5
36,27731,,20,13,0.000721215,0.35
37,25965,,26,0,0.001001348,1
38,31253,,2,0,6.40E-05,1
39,29990,,36,7,0.0012004,0.805555556
40,30419,,19,1,0.00062461,0.947368421
41,21836,,2,0,9.16E-05,1
42,21232,,48,4,0.002260739,0.916666667
43,20872,,16,9,0.000766577,0.4375
44,20689,,7,1,0.000338344,0.857142857
45,19864,,398,23,0.020036246,0.942211055
46,25223,,4,2,0.000158585,0.5
47,23885,,121,16,0.005065941,0.867768595
48,23721,,24,24,0.001011762,0
49,17255,,5,1,0.000289771,0.8
50,17428,,10,8,0.000573789,0.2
51,16561,,2,1,0.000120766,0.5
52,16559,,4,4,0.00024156,0
53,16500,,8,0,0.000484848,1
54,18309,,28,4,0.001529303,0.857142857
55,18143,,13,1,0.00071653,0.923076923
56,18282,,10,10,0.000546986,0
57,16248,,30,4,0.001846381,0.866666667
58,16776,,2,0,0.000119218,1
59,16144,,1,0,6.19E-05,1
60,15935,,34,4,0.002133668,0.882352941
61,16348,,10,11,0.000611696,-0.1
62,16512,,25,8,0.00151405,0.68
63,16368,,1,0,6.11E-05,1
64,16359,,2,0,0.000122257,1
65,13800,,25,6,0.001811594,0.76
66,13699,,28,3,0.002043945,0.892857143
67,13413,,0,0,0,
68,13168,,5,1,0.000379708,0.8
69,13182,,10,6,0.00075861,0.4
70,15742,,31,13,0.001969254,0.580645161
71,14153,,32,5,0.002261005,0.84375
72,13850,,24,3,0.001732852,0.875
73,11215,,387,6,0.034507356,0.984496124
74,11057,,0,0,0,
75,11001,,2,0,0.000181802,1
76,10799,,7,2,0.000648208,0.714285714
77,11779,,26,8,0.002207318,0.692307692
78,11977,,2,0,0.000166987,1
79,11614,,0,0,0,
80,11404,,1,0,8.77E-05,1
81,9072,,162,14,0.017857143,0.913580247
82,8524,,9,1,0.001055842,0.888888889
83,8819,,40,12,0.004535662,0.7
84,8347,,42,2,0.005031748,0.952380952
85,8270,,1,0,0.000120919,1
86,10533,,10,2,0.000949397,0.8
87,7428,,30,13,0.004038772,0.566666667
88,9710,,20,3,0.002059732,0.85
89,8277,,3,0,0.00036245,1
90,8278,,0,3,0,
91,8278,,3,1,0.000362406,0.666666667
92,8277,,3,0,0.00036245,1
93,7407,,26,2,0.003510193,0.923076923
94,8281,,0,0,0,
95,8280,,1,0,0.000120773,1
96,8279,,4,0,0.00048315,1
97,8298,,4,2,0.000482044,0.5
98,8264,,0,0,0,
99,8268,,6,1,0.000725689,0.833333333
100,8252,,1,0,0.000121183,1
101,8223,,1,1,0.00012161,0
102,8272,,7,1,0.000846228,0.857142857
103,8275,,8,4,0.000966767,0.5
104,8268,,0,0,0,
105,7901,,1,0,0.000126566,1
106,7728,,0,0,0,
107,8077,,5,5,0.000619042,0
108,7656,,31,4,0.004049112,0.870967742
109,7448,,20,2,0.002685285,0.9
110,8233,,7,2,0.000850237,0.714285714
111,8195,,1,0,0.000122026,1
112,7822,,98,6,0.012528765,0.93877551
113,6965,,22,4,0.00315865,0.818181818
114,6798,,1,0,0.000147102,1
115,6986,,11,4,0.001574578,0.636363636
116,6604,,0,0,0,
117,6384,,9,0,0.001409774,1
118,7373,,109,6,0.01478367,0.944954128
119,6956,,0,0,0,
120,6927,,0,0,0,
121,4827,,30,27,0.00621504,0.1
122,5927,,3,0,0.000506158,1
123,6018,,2,0,0.000332336,1
124,5609,,1,1,0.000178285,0
125,299,,10,3,0.033444816,0.7
126,6587,,2,0,0.000303628,1
127,6079,,5,1,0.000822504,0.8
128,6269,,145,9,0.023129686,0.937931034
129,5492,,0,2,0,
130,5504,,1,0,0.000181686,1
131,5506,,1,0,0.00018162,1
132,5489,,0,1,0,
133,5470,,1,0,0.000182815,1
134,5520,,6,0,0.001086957,1
135,5518,,0,0,0,
136,5517,,2,3,0.000362516,-0.5
137,5017,,1,0,0.000199322,1
138,5025,,18,4,0.00358209,0.777777778
139,4907,,1,0,0.000203791,1
140,4843,,22,6,0.004542639,0.727272727
141,5020,,46,12,0.009163347,0.739130435
142,5218,,0,0,0,
143,5240,,35,3,0.006679389,0.914285714
144,5158,,9,3,0.001744862,0.666666667
145,4790,,46,22,0.00960334,0.52173913
146,4703,,15,5,0.003189454,0.666666667
147,4702,,3,0,0.000638026,1
148,4644,,25,12,0.00538329,0.52
149,4420,,10,3,0.002262443,0.7
150,4848,,7,1,0.001443894,0.857142857
152,4047,,15,7,0.003706449,0.533333333
153,4141,,0,1,0,
154,4140,,1,0,0.000241546,1
155,4130,,0,0,0,
156,4126,,0,0,0,
157,4254,,5,0,0.001175364,1
158,4424,,0,0,0,
159,4293,,40,10,0.009317494,0.75
160,4243,,25,7,0.005892058,0.72
161,3851,,0,1,0,
162,3884,,2,2,0.000514933,0
163,3723,,0,0,0,
164,3681,,2,0,0.000543331,1
165,3635,,2,2,0.000550206,0
166,4102,,19,4,0.004631887,0.789473684
167,4128,,9,0,0.002180233,1
168,3953,,1,1,0.000252972,0
169,3477,,12,1,0.003451251,0.916666667
170,3407,,7,2,0.002054593,0.714285714
171,3443,,7,3,0.002033111,0.571428571
172,3176,,6,0,0.001889169,1
173,2829,,3,1,0.001060445,0.666666667
174,3496,,2,0,0.000572082,1
175,3422,,2,2,0.000584454,0
176,3428,,1,0,0.000291715,1
177,3155,,2,1,0.000633914,0.5
178,2395,,9,4,0.003757829,0.555555556
179,2984,,18,3,0.006032172,0.833333333
180,3007,,4,3,0.001330229,0.25
181,2891,,8,1,0.002767209,0.875
182,3277,,10,0,0.003051572,1
183,3047,,0,0,0,
184,3029,,0,0,0,
185,2757,,0,0,0,
186,2763,,0,0,0,
187,2760,,0,0,0,
188,2760,,1,0,0.000362319,1
189,2750,,0,0,0,
190,2815,,0,0,0,
191,2760,,0,0,0,
192,2759,,0,0,0,
193,2759,,4,2,0.001449801,0.5
194,2759,,1,0,0.00036245,1
195,2758,,1,0,0.000362582,1
196,2756,,1,0,0.000362845,1
197,2755,,0,0,0,
198,2760,,0,1,0,
199,2760,,1,1,0.000362319,0
200,2760,,1,1,0.000362319,0
201,2747,,0,0,0,
202,2745,,4,2,0.001457195,0.5
203,2745,,0,0,0,
204,2758,,215,12,0.07795504,0.944186047
205,2798,,0,0,0,
206,2765,,3,1,0.001084991,0.666666667
207,2760,,2,1,0.000724638,0.5
208,2759,,0,0,0,
209,2564,,3,1,0.001170047,0.666666667
210,2532,,0,0,0,
211,2639,,10,8,0.003789314,0.2
212,2504,,0,0,0,
213,2455,,0,0,0,
214,2718,,1,0,0.000367918,1
215,2658,,25,5,0.009405568,0.8
216,2624,,0,0,0,
217,2357,,0,0,0,
218,2342,,0,0,0,
219,2300,,49,4,0.021304348,0.918367347
220,2293,,1,0,0.00043611,1
221,2195,,27,1,0.012300683,0.962962963
222,2535,,7,1,0.002761341,0.857142857
223,2504,,8,2,0.003194888,0.75
224,2392,,1,0,0.00041806,1
225,2171,,15,4,0.006909258,0.733333333
226,2083,,1,1,0.000480077,0
227,2035,,6,0,0.002948403,1
228,1997,,1,0,0.000500751,1
229,1988,,0,0,0,
230,2218,,0,0,0,
231,1981,,34,2,0.017163049,0.941176471
232,2194,,38,5,0.017319964,0.868421053
233,1888,,22,4,0.011652542,0.818181818
234,1817,,109,7,0.059988993,0.935779817
235,1795,,0,0,0,
236,1788,,0,0,0,
237,1760,,0,0,0,
238,2062,,1,0,0.000484966,1
239,1923,,0,0,0,
240,1962,,2,4,0.001019368,-1
241,1725,,55,3,0.031884058,0.945454545
242,1741,,46,6,0.026421597,0.869565217
243,1641,,0,0,0,
244,1701,,1,0,0.000587889,1
245,1612,,22,6,0.013647643,0.727272727
246,1715,,8,3,0.004664723,0.625
247,1693,,13,2,0.007678677,0.846153846
248,1674,,0,1,0,
249,1529,,21,0,0.013734467,1
250,1545,,6,0,0.003883495,1
251,1534,,19,6,0.012385919,0.684210526
252,1524,,3,0,0.001968504,1
253,1447,,0,0,0,
254,896,,7,3,0.0078125,0.571428571
255,1565,,0,1,0,
256,1541,,0,0,0,
257,1381,,1,0,0.000724113,1
258,1380,,0,0,0,
259,1380,,0,0,0,
260,1380,,0,1,0,
261,1380,,0,0,0,
262,1395,,0,0,0,
263,1381,,0,0,0,
264,1387,,1,1,0.000720981,0
265,1381,,0,0,0,
266,1374,,0,0,0,
267,1379,,0,0,0,
268,1380,,0,0,0,
269,1380,,0,1,0,
270,1380,,1,0,0.000724638,1
271,1380,,0,1,0,
272,1380,,0,0,0,
273,1380,,0,0,0,
274,1380,,0,1,0,
275,1380,,0,0,0,
276,1381,,0,0,0,
277,1385,,0,0,0,
278,1380,,0,0,0,
279,1381,,0,0,0,
280,1381,,1,0,0.000724113,1
281,1380,,0,0,0,
282,1380,,0,0,0,
283,1380,,0,1,0,
284,1380,,0,0,0,
285,1381,,0,0,0,
286,1382,,2,0,0.001447178,1
287,1380,,0,0,0,
288,1381,,0,1,0,
289,1381,,0,0,0,
290,1380,,0,0,0,
291,1380,,0,0,0,
292,1385,,0,0,0,
293,1380,,0,0,0,
294,1381,,2,1,0.001448226,0.5
295,1376,,0,0,0,
296,1380,,0,0,0,
297,1380,,0,2,0,
298,1380,,0,1,0,
299,1380,,0,0,0,
300,1380,,0,0,0,
301,1379,,0,0,0,
302,1380,,0,0,0,
303,1381,,0,0,0,
304,1380,,0,0,0,
305,1380,,0,0,0,
306,1375,,0,0,0,
307,1374,,1,0,0.000727802,1
308,1380,,0,0,0,
309,1380,,0,0,0,
310,1375,,0,1,0,
311,1381,,0,0,0,
312,1380,,2,0,0.001449275,1
313,1380,,0,0,0,
314,1380,,0,0,0,
315,1380,,0,0,0,
316,1380,,0,0,0,
317,1375,,0,1,0,
318,1380,,0,0,0,
319,1375,,0,0,0,
320,1380,,0,0,0,
321,1380,,0,0,0,
322,1385,,0,0,0,
323,1381,,0,0,0,
324,1380,,0,0,0,
325,1380,,0,0,0,
326,1380,,0,0,0,
327,1376,,1,0,0.000726744,1
328,1380,,0,0,0,
329,1380,,0,0,0,
330,1380,,0,0,0,
331,1375,,0,0,0,
332,1380,,0,0,0,
333,1381,,0,0,0,
334,1380,,0,0,0,
335,1381,,0,0,0,
336,1380,,0,0,0,
337,1379,,0,0,0,
338,1380,,0,0,0,
339,1381,,0,2,0,
340,1385,,0,0,0,
341,1380,,4,1,0.002898551,0.75
342,1379,,0,0,0,
343,1380,,0,0,0,
344,1379,,0,0,0,
345,1384,,0,0,0,
346,1380,,1,2,0.000724638,-1
347,1380,,0,0,0,
348,1380,,0,0,0,
349,1380,,0,0,0,
350,1380,,0,0,0,
351,1380,,0,0,0,
352,1385,,0,0,0,
353,1380,,0,0,0,
354,1380,,0,0,0,
355,1381,,0,0,0,
356,1380,,0,0,0,
357,1380,,0,0,0,
358,1380,,0,0,0,
359,1380,,2,0,0.001449275,1
360,1379,,0,0,0,
361,1380,,1,0,0.000724638,1
362,1380,,0,1,0,
363,1380,,0,0,0,
364,1380,,0,0,0,
365,1380,,0,1,0,
366,1380,,0,0,0,
367,1380,,0,0,0,
368,1380,,1,0,0.000724638,1
369,1380,,0,0,0,
370,1380,,0,0,0,
371,1380,,2,0,0.001449275,1
372,1381,,0,0,0,
373,1380,,0,0,0,
374,1381,,0,0,0,
375,1380,,0,0,0,
376,1380,,0,0,0,
377,1380,,0,0,0,
378,1379,,0,0,0,
379,1380,,0,0,0,
380,1380,,0,0,0,
381,1380,,0,1,0,
382,1380,,0,0,0,
383,1381,,0,0,0,
384,1380,,0,0,0,
385,1380,,0,0,0,
386,1380,,0,0,0,
387,1379,,0,0,0,
388,1382,,0,0,0,
389,1380,,0,0,0,
390,1380,,0,0,0,
391,1380,,0,0,0,
392,1380,,0,0,0,
393,1380,,0,0,0,
394,1379,,2,1,0.001450326,0.5
395,1380,,0,0,0,
396,1379,,0,0,0,
397,1378,,0,0,0,
398,1380,,0,1,0,
399,1384,,0,0,0,
400,1380,,0,0,0,
401,1380,,0,0,0,
402,1380,,1,0,0.000724638,1
403,1379,,1,2,0.000725163,-1
404,1385,,1,0,0.000722022,1
405,1378,,0,0,0,
406,1380,,0,0,0,
407,1380,,0,0,0,
408,1379,,0,0,0,
409,1376,,0,0,0,
410,1375,,4,0,0.002909091,1
411,1370,,0,0,0,
412,1380,,0,0,0,
413,1374,,0,0,0,
414,1373,,0,0,0,
415,1377,,0,0,0,
416,1378,,0,0,0,
417,1387,,0,0,0,
418,1379,,0,0,0,
419,1353,,0,0,0,
420,1349,,0,0,0,
421,1343,,6,3,0.00446761,0.5
422,1380,,0,0,0,
423,1412,,16,1,0.011331445,0.9375
424,1370,,0,0,0,
425,1338,,5,0,0.003736921,1
426,1274,,0,0,0,
427,1315,,10,1,0.007604563,0.9
428,1257,,0,0,0,
429,1230,,0,0,0,
430,1322,,1,0,0.00075643,1
431,1350,,2,1,0.001481481,0.5
432,1289,,0,3,0,
433,1167,,65,15,0.055698372,0.769230769
434,1188,,4,0,0.003367003,1
435,1170,,21,1,0.017948718,0.952380952
436,1156,,7,0,0.006055363,1
437,1047,,10,4,0.009551098,0.6
438,1122,,4,0,0.003565062,1
439,1151,,15,0,0.013032146,1
440,1142,,0,0,0,
441,1071,,0,0,0,
442,1091,,1,1,0.00091659,0
443,1047,,24,2,0.022922636,0.916666667
444,1035,,0,0,0,
445,1015,,0,1,0,
446,1104,,0,0,0,
447,1088,,0,0,0,
448,1133,,15,1,0.013239188,0.933333333
449,976,,43,34,0.044057377,0.209302326
450,918,,1,0,0.001089325,1
451,903,,0,0,0,
452,938,,15,2,0.015991471,0.866666667
453,873,,8,1,0.009163803,0.875
454,1005,,3,0,0.002985075,1
455,999,,10,8,0.01001001,0.2
456,941,,0,1,0,
457,877,,34,0,0.038768529,1
458,877,,37,6,0.042189282,0.837837838
459,873,,1,2,0.001145475,-1
460,829,,0,0,0,
461,828,,0,0,0,
462,921,,11,8,0.01194354,0.272727273
463,901,,6,2,0.006659267,0.666666667
464,890,,20,4,0.02247191,0.8
465,772,,0,0,0,
467,799,,5,0,0.006257822,1
468,818,,27,5,0.033007335,0.814814815
469,764,,0,2,0,
470,818,,0,0,0,
471,841,,19,2,0.022592152,0.894736842
472,838,,33,0,0.039379475,1
473,709,,6,2,0.008462623,0.666666667
475,711,,0,0,0,
476,686,,9,1,0.013119534,0.888888889
477,705,,0,0,0,
478,742,,5,0,0.006738544,1
479,736,,0,0,0,
480,740,,9,3,0.012162162,0.666666667
481,693,,0,0,0,
482,690,,0,0,0,
483,690,,0,0,0,
484,691,,0,0,0,
485,690,,0,0,0,
486,690,,0,0,0,
487,655,,11,4,0.016793893,0.636363636
488,690,,0,0,0,
489,690,,0,0,0,
490,690,,0,0,0,
491,690,,0,0,0,
492,693,,0,0,0,
493,689,,0,0,0,
494,687,,0,0,0,
495,690,,0,0,0,
496,687,,0,0,0,
497,690,,0,0,0,
498,690,,0,0,0,
499,690,,0,0,0,
500,690,,0,0,0,
501,689,,0,0,0,
502,690,,0,0,0,
503,691,,0,0,0,
504,689,,0,0,0,
505,690,,0,0,0,
506,690,,0,0,0,
507,690,,0,0,0,
508,690,,0,0,0,
509,686,,0,0,0,
510,690,,0,0,0,
511,690,,0,0,0,
512,690,,0,0,0,
513,681,,0,0,0,
514,746,,0,0,0,
515,670,,1,0,0.001492537,1
516,691,,10,1,0.01447178,0.9
517,691,,22,2,0.031837916,0.909090909
518,691,,0,0,0,
519,689,,0,0,0,
520,685,,0,0,0,
521,634,,0,0,0,
523,636,,1,0,0.001572327,1
524,636,,5,1,0.007861635,0.8
525,626,,10,5,0.015974441,0.5
526,575,,6,0,0.010434783,1
527,638,,0,0,0,
528,644,,0,0,0,
529,605,,6,2,0.009917355,0.666666667
530,575,,23,5,0.04,0.782608696
531,410,,10,1,0.024390244,0.9
532,570,,14,2,0.024561404,0.857142857
533,567,,1,0,0.001763668,1
534,522,,1,0,0.001915709,1
535,592,,0,0,0,
536,557,,14,5,0.02513465,0.642857143
537,552,,0,0,0,
538,552,,0,0,0,
539,552,,0,0,0,
540,553,,0,0,0,
541,553,,0,0,0,
542,556,,0,0,0,
543,552,,6,3,0.010869565,0.5
544,552,,0,0,0,
545,556,,13,1,0.023381295,0.923076923
546,552,,13,2,0.023550725,0.846153846
547,509,,40,8,0.078585462,0.8
548,525,,0,0,0,
549,540,,1,0,0.001851852,1
550,551,,0,0,0,
551,540,,21,4,0.038888889,0.80952381
552,558,,4,1,0.007168459,0.75
553,494,,54,2,0.109311741,0.962962963
554,493,,0,0,0,
555,346,,17,2,0.049132948,0.882352941
556,348,,18,2,0.051724138,0.888888889
557,481,,7,1,0.014553015,0.857142857
558,515,,1,2,0.001941748,-1
559,446,,16,2,0.035874439,0.875
560,510,,28,5,0.054901961,0.821428571
561,460,,0,0,0,
562,460,,0,0,0,
563,461,,0,0,0,
564,460,,0,2,0,
565,460,,0,0,0,
566,467,,0,0,0,
567,484,,10,2,0.020661157,0.8
568,482,,12,3,0.024896266,0.75
569,460,,0,1,0,
570,461,,0,0,0,
571,458,,0,0,0,
572,460,,0,0,0,
573,460,,0,0,0,
574,460,,0,0,0,
575,460,,0,0,0,
576,461,,0,0,0,
577,460,,0,0,0,
578,460,,0,0,0,
579,459,,0,0,0,
580,460,,0,0,0,
581,460,,0,0,0,
582,460,,0,0,0,
583,460,,0,0,0,
584,460,,0,1,0,
585,460,,46,3,0.1,0.934782609
586,460,,0,0,0,
587,460,,0,0,0,
588,460,,0,0,0,
589,460,,0,0,0,
590,460,,0,0,0,
591,461,,0,0,0,
592,460,,0,0,0,
593,460,,0,0,0,
594,460,,0,0,0,
595,462,,0,0,0,
596,461,,0,0,0,
597,460,,0,0,0,
598,462,,0,0,0,
599,460,,0,0,0,
600,460,,0,0,0,
601,460,,0,0,0,
602,460,,0,0,0,
603,458,,0,0,0,
604,460,,0,0,0,
605,460,,0,0,0,
606,460,,0,0,0,
607,460,,0,0,0,
608,460,,0,0,0,
609,460,,0,0,0,
610,460,,0,0,0,
611,460,,0,0,0,
612,460,,0,0,0,
613,460,,0,0,0,
614,460,,0,0,0,
615,459,,0,0,0,
616,460,,0,0,0,
617,460,,0,0,0,
618,460,,0,0,0,
619,460,,0,0,0,
620,461,,0,0,0,
621,460,,0,0,0,
622,460,,0,0,0,
623,460,,0,0,0,
624,460,,0,0,0,
625,460,,0,0,0,
626,460,,0,0,0,
627,460,,0,0,0,
628,460,,0,0,0,
629,460,,0,0,0,
630,460,,0,0,0,
631,460,,0,0,0,
632,460,,0,0,0,
633,475,,1,2,0.002105263,-1
634,467,,10,6,0.021413276,0.4
635,380,,17,1,0.044736842,0.941176471
636,442,,0,0,0,
637,459,,24,2,0.052287582,0.916666667
638,460,,0,0,0,
639,471,,10,1,0.021231423,0.9
640,457,,24,2,0.052516411,0.916666667
641,429,,15,6,0.034965035,0.6
642,423,,25,7,0.059101655,0.72
643,433,,15,5,0.034642032,0.666666667
644,431,,1,0,0.002320186,1
645,413,,0,0,0,
646,454,,11,5,0.024229075,0.545454545
647,441,,0,0,0,
648,437,,0,0,0,
649,387,,24,5,0.062015504,0.791666667
650,407,,1,0,0.002457002,1
651,388,,0,0,0,
652,399,,26,1,0.065162907,0.961538462
653,398,,12,1,0.030150754,0.916666667
654,423,,7,0,0.016548463,1
655,403,,5,2,0.012406948,0.6
656,387,,24,2,0.062015504,0.916666667
657,368,,0,0,0,
658,369,,0,0,0,
659,384,,27,11,0.0703125,0.592592593
660,367,,0,0,0,
661,366,,0,0,0,
662,354,,19,2,0.053672316,0.894736842
663,376,,0,1,0,
664,387,,33,5,0.085271318,0.848484848
665,268,,2,0,0.007462687,1
669,372,,15,4,0.040322581,0.733333333
670,366,,0,0,0,
671,362,,0,1,0,
672,379,,8,2,0.021108179,0.75
673,343,,0,0,0,
674,345,,0,0,0,
675,345,,0,0,0,
676,345,,0,0,0,
677,345,,0,0,0,
678,33,,2,0,0.060606061,1
679,344,,23,3,0.066860465,0.869565217
680,345,,0,1,0,
681,345,,0,0,0,
682,345,,0,0,0,
683,345,,0,0,0,
684,345,,0,0,0,
685,345,,0,0,0,
686,346,,0,0,0,
687,346,,0,0,0,
688,345,,0,0,0,
689,345,,0,0,0,
690,345,,0,0,0,
691,345,,0,0,0,
692,345,,0,0,0,
693,344,,0,0,0,
694,300,,5,0,0.016666667,1
695,345,,0,0,0,
696,345,,0,0,0,
697,345,,0,0,0,
698,342,,0,0,0,
699,350,,26,2,0.074285714,0.923076923
700,341,,19,1,0.055718475,0.947368421
701,334,,12,3,0.035928144,0.75
702,345,,0,0,0,
703,345,,69,2,0.2,0.971014493
704,344,,0,0,0,
705,332,,8,3,0.024096386,0.625
706,332,,9,3,0.027108434,0.666666667
707,330,,15,5,0.045454545,0.666666667
708,327,,3,3,0.009174312,0
709,312,,19,2,0.060897436,0.894736842
710,345,,26,1,0.075362319,0.961538462
711,316,,22,2,0.069620253,0.909090909
712,338,,13,5,0.038461538,0.615384615
713,299,,1,0,0.003344482,1
714,299,,0,0,0,
715,297,,0,0,0,
716,297,,0,0,0,
717,297,,0,0,0,
718,322,,10,5,0.031055901,0.5
719,304,,0,0,0,
720,317,,1,0,0.003154574,1
721,296,,0,0,0,
722,296,,0,0,0,
723,308,,10,2,0.032467532,0.8
724,294,,0,0,0,
725,292,,1,0,0.003424658,1
726,296,,0,0,0,
727,296,,0,0,0,
728,296,,0,0,0,
729,299,,2,0,0.006688963,1
730,298,,12,3,0.040268456,0.75
731,296,,3,1,0.010135135,0.666666667
732,295,,12,5,0.040677966,0.583333333
733,293,,13,2,0.044368601,0.846153846
734,291,,0,0,0,
735,290,,21,3,0.072413793,0.857142857
736,300,,2,0,0.006666667,1
737,280,,1,1,0.003571429,0
738,276,,0,0,0,
739,275,,0,1,0,
740,276,,0,0,0,
741,276,,0,0,0,
742,292,,22,7,0.075342466,0.681818182
743,277,,0,0,0,
744,279,,0,0,0,
745,276,,0,0,0,
746,276,,0,2,0,
747,276,,0,1,0,
748,276,,0,0,0,
749,276,,0,0,0,
750,276,,0,0,0,
751,276,,0,0,0,
752,277,,0,0,0,
753,276,,0,0,0,
754,277,,0,0,0,
755,277,,0,0,0,
756,277,,0,0,0,
757,276,,0,0,0,
758,289,,3,2,0.010380623,0.333333333
759,276,,0,0,0,
760,277,,0,0,0,
761,275,,0,0,0,
762,276,,0,0,0,
763,278,,0,0,0,
764,276,,0,0,0,
765,276,,0,0,0,
766,276,,0,0,0,
767,276,,0,0,0,
768,276,,0,0,0,
769,276,,0,0,0,
770,275,,0,0,0,
771,276,,0,0,0,
772,277,,0,0,0,
773,277,,0,0,0,
774,277,,0,0,0,
775,275,,0,0,0,
776,276,,0,0,0,
777,277,,0,0,0,
778,276,,0,0,0,
779,276,,0,0,0,
780,276,,0,0,0,
781,276,,0,0,0,
782,276,,0,1,0,
783,276,,0,0,0,
784,276,,0,0,0,
785,276,,0,0,0,
786,276,,0,0,0,
787,276,,0,0,0,
788,276,,0,0,0,
789,276,,0,0,0,
790,276,,0,0,0,
791,276,,0,0,0,
792,276,,0,0,0,
793,276,,0,0,0,
794,276,,0,0,0,
795,275,,0,0,0,
796,275,,0,0,0,
797,276,,0,0,0,
798,276,,0,0,0,
799,276,,0,0,0,
800,276,,0,0,0,
801,276,,0,0,0,
802,276,,0,0,0,
803,276,,0,0,0,
804,276,,0,0,0,
805,276,,0,0,0,
806,276,,0,0,0,
807,276,,0,0,0,
808,276,,0,1,0,
809,276,,0,0,0,
810,276,,0,0,0,
811,276,,0,0,0,
812,276,,0,0,0,
813,276,,46,0,0.166666667,1
814,276,,0,0,0,
815,276,,0,0,0,
816,276,,0,0,0,
817,276,,0,0,0,
818,276,,0,0,0,
819,276,,0,0,0,
820,295,,0,0,0,
821,276,,0,0,0,
822,276,,0,0,0,
823,276,,0,0,0,
824,276,,0,0,0,
825,275,,0,0,0,
826,276,,0,0,0,
827,277,,0,0,0,
828,276,,0,0,0,
829,275,,0,0,0,
830,276,,0,0,0,
831,276,,0,0,0,
832,278,,0,0,0,
833,275,,0,0,0,
834,276,,0,0,0,
835,276,,0,0,0,
836,277,,0,0,0,
837,276,,0,0,0,
838,276,,0,0,0,
839,276,,0,0,0,
840,276,,0,0,0,
841,276,,0,0,0,
842,275,,0,0,0,
843,276,,0,0,0,
844,276,,0,0,0,
845,275,,0,0,0,
846,275,,0,0,0,
847,275,,0,0,0,
848,276,,0,1,0,
849,276,,0,0,0,
850,276,,0,0,0,
851,276,,0,0,0,
852,277,,0,0,0,
853,276,,0,0,0,
854,276,,0,0,0,
855,276,,0,0,0,
856,276,,0,0,0,
857,275,,0,0,0,
858,276,,0,0,0,
859,276,,0,0,0,
860,277,,0,0,0,
861,276,,0,0,0,
862,276,,0,0,0,
863,276,,0,0,0,
864,276,,0,0,0,
865,276,,0,0,0,
866,276,,0,0,0,
867,277,,0,0,0,
868,276,,0,0,0,
869,276,,0,0,0,
870,277,,0,0,0,
871,275,,0,0,0,
872,276,,0,0,0,
873,276,,0,0,0,
874,276,,0,0,0,
875,276,,0,1,0,
876,275,,0,0,0,
877,277,,0,0,0,
878,276,,0,0,0,
879,276,,0,0,0,
880,276,,0,0,0,
881,276,,0,0,0,
882,276,,0,0,0,
883,277,,0,0,0,
884,276,,0,0,0,
885,277,,0,0,0,
886,277,,0,0,0,
887,275,,0,0,0,
888,276,,0,0,0,
889,276,,0,0,0,
890,277,,0,0,0,
891,275,,0,0,0,
892,276,,0,0,0,
893,276,,0,1,0,
894,276,,46,10,0.166666667,0.782608696
895,277,,0,0,0,
896,276,,0,0,0,
897,275,,0,0,0,
898,276,,0,0,0,
899,275,,0,0,0,
900,276,,0,0,0,
901,276,,0,0,0,
902,276,,0,0,0,
903,276,,0,0,0,
904,277,,0,0,0,
905,276,,0,0,0,
906,276,,0,0,0,
907,276,,0,0,0,
908,276,,0,0,0,
909,275,,0,0,0,
910,276,,0,0,0,
911,275,,0,0,0,
912,276,,0,1,0,
913,276,,0,0,0,
914,277,,0,0,0,
915,276,,0,0,0,
916,276,,0,0,0,
917,276,,0,0,0,
918,276,,0,0,0,
919,276,,0,0,0,
920,275,,0,0,0,
921,276,,0,0,0,
922,276,,0,0,0,
923,276,,0,0,0,
924,277,,0,0,0,
925,276,,0,0,0,
926,276,,0,0,0,
927,277,,0,0,0,
928,276,,0,0,0,
929,276,,0,0,0,
930,275,,0,0,0,
931,276,,0,0,0,
932,276,,0,0,0,
933,276,,0,0,0,
934,275,,0,0,0,
935,276,,0,1,0,
936,275,,0,0,0,
937,277,,0,0,0,
938,276,,0,0,0,
939,276,,0,0,0,
940,281,,0,0,0,
941,276,,0,0,0,
942,276,,0,0,0,
943,276,,0,0,0,
944,276,,0,0,0,
945,277,,0,0,0,
946,276,,0,0,0,
947,276,,0,0,0,
948,276,,0,0,0,
949,276,,0,0,0,
950,276,,0,0,0,
951,276,,0,0,0,
952,276,,0,0,0,
953,276,,0,0,0,
954,275,,0,0,0,
955,275,,0,0,0,
956,276,,0,0,0,
957,276,,0,0,0,
958,276,,0,0,0,
959,276,,0,0,0,
960,276,,0,0,0,
961,275,,0,0,0,
962,276,,0,0,0,
963,277,,0,0,0,
964,276,,0,0,0,
965,276,,0,0,0,
966,276,,0,0,0,
967,276,,0,0,0,
968,276,,0,0,0,
969,277,,0,0,0,
970,276,,0,0,0,
971,277,,0,0,0,
972,276,,0,0,0,
973,276,,0,0,0,
974,275,,0,0,0,
975,276,,0,0,0,
976,276,,0,0,0,
977,276,,0,0,0,
978,277,,0,0,0,
979,276,,0,0,0,
980,276,,0,0,0,
981,276,,0,0,0,
982,276,,0,0,0,
983,276,,0,0,0,
984,276,,0,0,0,
985,276,,0,0,0,
986,276,,0,0,0,
987,277,,0,0,0,
988,276,,0,0,0,
989,276,,0,0,0,
990,276,,0,0,0,
991,276,,0,0,0,
992,276,,0,0,0,
993,277,,0,0,0,
994,277,,0,0,0,
995,276,,0,0,0,
996,277,,0,0,0,
997,276,,0,0,0,
998,276,,0,0,0,
999,276,,0,0,0,
1000,276,,0,1,0,
1001,276,,0,0,0,
1002,276,,0,0,0,
1003,276,,0,0,0,
1004,276,,0,0,0,
1005,275,,0,0,0,
1006,276,,0,0,0,
1007,276,,0,0,0,
1008,276,,0,0,0,
1009,275,,0,0,0,
1010,275,,0,0,0,
1011,276,,0,0,0,
1012,276,,0,1,0,
1013,275,,0,0,0,
1014,276,,0,0,0,
1015,274,,0,0,0,
1016,275,,0,0,0,
1017,275,,0,0,0,
1018,276,,0,0,0,
1019,274,,1,1,0.003649635,0
1020,275,,0,0,0,
1021,276,,1,0,0.003623188,1
1022,276,,0,0,0,
1023,275,,0,0,0,
1024,275,,0,0,0,
1025,272,,2,0,0.007352941,1
1026,63,,15,0,0.238095238,1
1027,271,,0,0,0,
1028,270,,1,0,0.003703704,1
1029,280,,0,0,0,
1030,273,,1,0,0.003663004,1
1031,275,,0,0,0,
1032,63,,15,4,0.238095238,0.733333333
1033,262,,3,1,0.011450382,0.666666667
1034,262,,3,0,0.011450382,1
1035,265,,28,4,0.105660377,0.857142857
1036,272,,3,0,0.011029412,1
1037,269,,6,1,0.022304833,0.833333333
1038,246,,17,1,0.069105691,0.941176471
1039,265,,0,0,0,
1040,275,,11,0,0.04,1
1041,261,,6,2,0.022988506,0.666666667
1042,250,,0,0,0,
1043,255,,12,2,0.047058824,0.833333333
1044,249,,22,7,0.088353414,0.681818182
1045,254,,10,1,0.039370079,0.9
1046,276,,0,0,0,
1047,253,,23,3,0.090909091,0.869565217
1048,263,,13,3,0.049429658,0.769230769
1049,242,,4,0,0.016528926,1
1050,229,,2,0,0.008733624,1
1051,235,,23,7,0.09787234,0.695652174
1052,230,,0,0,0,
1053,230,,0,0,0,
1054,234,,24,5,0.102564103,0.791666667
1055,245,,14,2,0.057142857,0.857142857
1056,244,,16,1,0.06557377,0.9375
1057,232,,0,0,0,
1058,230,,6,0,0.026086957,1
1059,230,,4,0,0.017391304,1
1060,228,,11,3,0.048245614,0.727272727
1061,232,,13,3,0.056034483,0.769230769
1062,228,,8,0,0.035087719,1
1063,229,,0,0,0,
1064,179,,3,0,0.016759777,1
1065,213,,0,0,0,
1066,220,,16,1,0.072727273,0.9375
1067,220,,5,0,0.022727273,1
1068,219,,23,6,0.105022831,0.739130435
1069,189,,5,0,0.026455026,1
1070,230,,3,4,0.013043478,-0.333333333
1071,223,,15,4,0.067264574,0.733333333
1072,98,,5,0,0.051020408,1
1073,209,,1,0,0.004784689,1
1074,208,,12,3,0.057692308,0.75
1075,207,,5,0,0.024154589,1
1076,206,,14,2,0.067961165,0.857142857
1077,195,,43,4,0.220512821,0.906976744
1078,204,,25,6,0.12254902,0.76
1079,211,,23,4,0.109004739,0.826086957
1080,210,,19,5,0.09047619,0.736842105
1081,193,,25,2,0.129533679,0.92
1082,199,,2,0,0.010050251,1
1083,191,,27,3,0.141361257,0.888888889
1084,173,,4,1,0.023121387,0.75
1085,185,,17,1,0.091891892,0.941176471
1086,176,,19,4,0.107954545,0.789473684
1087,200,,1,0,0.005,1
1088,200,,16,3,0.08,0.8125
1089,185,,0,0,0,
1090,183,,0,0,0,
1091,189,,7,2,0.037037037,0.714285714
1092,181,,0,0,0,
1093,188,,1,0,0.005319149,1
1094,184,,0,0,0,
1095,169,,21,5,0.124260355,0.761904762
1096,96,,4,4,0.041666667,0
1097,180,,6,2,0.033333333,0.666666667
1098,179,,1,0,0.005586592,1
1099,164,,28,3,0.170731707,0.892857143
1100,169,,31,5,0.183431953,0.838709677
1101,176,,2,0,0.011363636,1
1102,177,,27,5,0.152542373,0.814814815
1103,156,,7,2,0.044871795,0.714285714
1104,173,,19,5,0.10982659,0.736842105
1105,161,,33,4,0.204968944,0.878787879
1106,160,,0,0,0,
1107,161,,0,0,0,
1108,160,,0,0,0,
1109,159,,1,0,0.006289308,1
1110,166,,0,0,0,
1111,170,,18,2,0.105882353,0.888888889
1112,162,,0,0,0,
1113,157,,0,0,0,
1114,82,,1,0,0.012195122,1
1115,162,,25,2,0.154320988,0.92
1116,157,,0,0,0,
1117,157,,0,0,0,
1118,157,,0,0,0,
1119,158,,0,0,0,
1120,158,,0,0,0,
1121,161,,25,0,0.155279503,1
1122,156,,28,4,0.179487179,0.857142857
1123,161,,2,1,0.01242236,0.5
1124,149,,2,1,0.013422819,0.5
1125,156,,26,0,0.166666667,1
1126,157,,0,0,0,
1127,155,,24,8,0.15483871,0.666666667
1128,152,,24,2,0.157894737,0.916666667
1129,144,,4,0,0.027777778,1
1130,155,,12,3,0.077419355,0.75
1131,149,,0,0,0,
1132,149,,0,0,0,
1133,155,,5,4,0.032258065,0.2
1134,158,,1,1,0.006329114,0
1135,152,,34,3,0.223684211,0.911764706
1136,157,,2,0,0.012738854,1
1137,141,,19,4,0.134751773,0.789473684
1138,139,,20,4,0.143884892,0.8
1139,148,,25,10,0.168918919,0.6
1140,148,,16,3,0.108108108,0.8125
1141,148,,16,5,0.108108108,0.6875
1142,149,,32,3,0.214765101,0.90625
1143,146,,0,0,0,
1144,145,,1,0,0.006896552,1
1145,146,,12,1,0.082191781,0.916666667
1146,138,,0,0,0,
1147,138,,0,0,0,
1148,138,,0,0,0,
1149,139,,0,0,0,
1150,143,,23,5,0.160839161,0.782608696
1151,142,,0,0,0,
1152,142,,36,8,0.253521127,0.777777778
1153,138,,0,0,0,
1154,138,,0,0,0,
1155,138,,0,0,0,
1156,138,,0,0,0,
1157,138,,0,2,0,
1158,138,,0,0,0,
1159,138,,0,0,0,
1160,139,,0,0,0,
1161,138,,0,0,0,
1162,138,,0,0,0,
1163,138,,23,9,0.166666667,0.608695652
1164,138,,0,0,0,
1165,138,,0,0,0,
1166,138,,23,6,0.166666667,0.739130435
1167,138,,0,0,0,
1168,138,,0,0,0,
1169,138,,0,0,0,
1170,137,,1,0,0.00729927,1
1171,138,,0,0,0,
1172,138,,0,1,0,
1173,138,,0,0,0,
1174,138,,0,0,0,
1175,138,,0,0,0,
1176,138,,0,0,0,
1177,137,,1,0,0.00729927,1
1178,138,,0,0,0,
1179,138,,0,0,0,
1180,144,,8,1,0.055555556,0.875
1181,138,,0,0,0,
1182,138,,0,0,0,
1183,138,,0,0,0,
1184,139,,0,0,0,
1185,138,,0,0,0,
1186,139,,0,0,0,
1187,138,,0,0,0,
1188,138,,0,0,0,
1189,138,,0,0,0,
1190,138,,0,0,0,
1191,138,,0,0,0,
1192,138,,0,0,0,
1193,138,,0,0,0,
1194,139,,0,1,0,
1195,138,,0,0,0,
1196,138,,0,0,0,
1197,138,,0,0,0,
1198,138,,0,0,0,
1199,139,,0,0,0,
1200,138,,0,0,0,
1201,138,,0,0,0,
1202,138,,0,0,0,
1203,138,,0,0,0,
1204,138,,0,0,0,
1205,138,,0,0,0,
1206,138,,0,0,0,
1207,138,,0,0,0,
1208,138,,0,0,0,
1209,143,,5,5,0.034965035,0
1210,137,,1,0,0.00729927,1
1211,138,,0,0,0,
1212,136,,2,0,0.014705882,1
1213,143,,10,1,0.06993007,0.9
1214,138,,0,0,0,
1215,138,,0,0,0,
1216,138,,0,0,0,
1217,138,,46,2,0.333333333,0.956521739
1218,140,,16,3,0.114285714,0.8125
1219,140,,17,5,0.121428571,0.705882353
1220,140,,16,5,0.114285714,0.6875
1221,140,,16,1,0.114285714,0.9375
1222,137,,1,0,0.00729927,1
1223,138,,0,0,0,
1224,140,,18,0,0.128571429,1
1225,128,,18,4,0.140625,0.777777778
1226,134,,26,4,0.194029851,0.846153846
1227,114,,2,1,0.01754386,0.5
1228,133,,20,1,0.15037594,0.95
1229,127,,24,7,0.188976378,0.708333333
1230,132,,31,5,0.234848485,0.838709677
1231,134,,28,3,0.208955224,0.892857143
1232,134,,23,6,0.171641791,0.739130435
1233,128,,11,0,0.0859375,1
1234,176,,5,2,0.028409091,0.6
1235,126,,10,3,0.079365079,0.7
1236,121,,25,0,0.20661157,1
1237,119,,33,8,0.277310924,0.757575758
1238,123,,23,5,0.18699187,0.782608696
1239,129,,2,2,0.015503876,0
1240,129,,1,1,0.007751938,0
1241,113,,10,7,0.088495575,0.3
1242,115,,0,0,0,
1243,115,,23,8,0.2,0.652173913
1244,111,,33,3,0.297297297,0.909090909
1245,115,,46,4,0.4,0.913043478
1246,120,,24,2,0.2,0.916666667
1247,117,,27,2,0.230769231,0.925925926
1248,116,,33,4,0.284482759,0.878787879
1249,153,,27,6,0.176470588,0.777777778
1250,112,,32,2,0.285714286,0.9375
1251,112,,36,3,0.321428571,0.916666667
1252,112,,33,6,0.294642857,0.818181818
1253,112,,32,8,0.285714286,0.75
1254,115,,0,0,0,
1255,115,,20,3,0.173913043,0.85
1256,112,,31,6,0.276785714,0.806451613
1257,112,,33,6,0.294642857,0.818181818
1258,111,,35,4,0.315315315,0.885714286
1259,112,,29,7,0.258928571,0.75862069
1260,110,,30,3,0.272727273,0.9
1261,110,,32,2,0.290909091,0.9375
1262,112,,30,10,0.267857143,0.666666667
1263,111,,41,2,0.369369369,0.951219512
1264,111,,31,3,0.279279279,0.903225806
1265,113,,10,3,0.088495575,0.7
1266,113,,5,2,0.044247788,0.6
1267,108,,22,4,0.203703704,0.818181818
1268,112,,24,5,0.214285714,0.791666667
1269,107,,35,5,0.327102804,0.857142857
1270,110,,38,6,0.345454545,0.842105263
1271,109,,33,9,0.302752294,0.727272727
1272,114,,2,0,0.01754386,1
1273,106,,3,0,0.028301887,1
1275,107,,2,1,0.018691589,0.5
1276,99,,20,1,0.202020202,0.95
1277,105,,13,2,0.123809524,0.846153846
1278,107,,30,0,0.280373832,1
1279,107,,24,3,0.224299065,0.875
1280,89,,3,0,0.033707865,1
1281,104,,14,0,0.134615385,1
1282,104,,8,1,0.076923077,0.875
1283,103,,1,0,0.009708738,1
1284,102,,32,5,0.31372549,0.84375
1285,102,,13,2,0.12745098,0.846153846
1286,101,,34,9,0.336633663,0.735294118
1287,101,,35,1,0.346534653,0.971428571
1288,93,,0,0,0,
1289,99,,7,3,0.070707071,0.571428571
1290,96,,36,4,0.375,0.888888889
1291,93,,32,7,0.344086022,0.78125
1292,71,,48,4,0.676056338,0.916666667
1293,92,,7,1,0.076086957,0.857142857
1294,101,,2,0,0.01980198,1
1295,94,,45,0,0.478723404,1
1296,95,,33,0,0.347368421,1
1297,92,,42,4,0.456521739,0.904761905
1298,92,,40,6,0.434782609,0.85
1299,92,,40,3,0.434782609,0.925
1300,92,,46,2,0.5,0.956521739
1301,92,,37,1,0.402173913,0.972972973
1302,93,,45,4,0.483870968,0.911111111
1303,97,,2,0,0.020618557,1
1304,92,,46,5,0.5,0.891304348
1305,91,,37,3,0.406593407,0.918918919
1306,92,,42,3,0.456521739,0.928571429
1307,92,,40,5,0.434782609,0.875
1308,92,,44,1,0.47826087,0.977272727
1309,92,,44,6,0.47826087,0.863636364
1310,92,,38,5,0.413043478,0.868421053
1311,92,,44,4,0.47826087,0.909090909
1312,92,,42,9,0.456521739,0.785714286
1313,92,,47,5,0.510869565,0.893617021
1314,92,,42,10,0.456521739,0.761904762
1315,91,,41,12,0.450549451,0.707317073
1316,92,,44,4,0.47826087,0.909090909
1317,92,,44,1,0.47826087,0.977272727
1318,91,,41,5,0.450549451,0.87804878
1319,91,,38,5,0.417582418,0.868421053
1320,92,,46,4,0.5,0.913043478
1321,92,,23,5,0.25,0.782608696
1322,96,,5,2,0.052083333,0.6
1323,92,,38,5,0.413043478,0.868421053
1324,92,,35,8,0.380434783,0.771428571
1325,92,,43,5,0.467391304,0.88372093
1326,92,,41,5,0.445652174,0.87804878
1327,92,,41,4,0.445652174,0.902439024
1328,93,,48,5,0.516129032,0.895833333
1329,92,,36,4,0.391304348,0.888888889
1330,92,,35,10,0.380434783,0.714285714
1331,92,,35,4,0.380434783,0.885714286
1332,92,,41,11,0.445652174,0.731707317
1333,92,,42,3,0.456521739,0.928571429
1334,92,,38,4,0.413043478,0.894736842
1335,92,,41,4,0.445652174,0.902439024
1336,92,,69,0,0.75,1
1337,92,,38,6,0.413043478,0.842105263
1338,92,,41,9,0.445652174,0.780487805
1339,92,,39,5,0.423913043,0.871794872
1340,92,,37,1,0.402173913,0.972972973
1341,92,,38,2,0.413043478,0.947368421
1342,92,,37,7,0.402173913,0.810810811
1343,92,,41,3,0.445652174,0.926829268
1344,92,,39,0,0.423913043,1
1345,92,,43,8,0.467391304,0.813953488
1346,92,,43,4,0.467391304,0.906976744
1347,92,,42,8,0.456521739,0.80952381
1348,92,,45,3,0.489130435,0.933333333
1349,92,,42,6,0.456521739,0.857142857
1350,92,,41,7,0.445652174,0.829268293
1351,91,,69,0,0.758241758,1
1352,92,,35,2,0.380434783,0.942857143
1353,92,,42,4,0.456521739,0.904761905
1354,92,,34,5,0.369565217,0.852941176
1355,93,,43,8,0.462365591,0.813953488
1356,92,,41,7,0.445652174,0.829268293
1357,92,,37,1,0.402173913,0.972972973
1358,92,,43,3,0.467391304,0.930232558
1359,92,,38,2,0.413043478,0.947368421
1360,92,,34,9,0.369565217,0.735294118
1361,92,,38,4,0.413043478,0.894736842
1362,92,,31,2,0.336956522,0.935483871
1363,92,,42,9,0.456521739,0.785714286
1364,92,,40,6,0.434782609,0.85
1365,91,,39,5,0.428571429,0.871794872
1366,92,,38,1,0.413043478,0.973684211
1367,92,,40,8,0.434782609,0.8
1368,92,,43,3,0.467391304,0.930232558
1369,92,,39,3,0.423913043,0.923076923
1370,92,,44,2,0.47826087,0.954545455
1371,92,,39,5,0.423913043,0.871794872
1372,92,,46,2,0.5,0.956521739
1373,92,,38,4,0.413043478,0.894736842
1374,92,,41,1,0.445652174,0.975609756
1375,92,,38,4,0.413043478,0.894736842
1376,92,,40,9,0.434782609,0.775
1377,92,,43,7,0.467391304,0.837209302
1378,92,,39,1,0.423913043,0.974358974
1379,92,,39,3,0.423913043,0.923076923
1380,92,,45,4,0.489130435,0.911111111
1381,92,,45,3,0.489130435,0.933333333
1382,92,,41,11,0.445652174,0.731707317
1383,92,,45,5,0.489130435,0.888888889
1384,92,,41,3,0.445652174,0.926829268
1385,92,,45,6,0.489130435,0.866666667
1386,92,,37,4,0.402173913,0.891891892
1387,92,,39,3,0.423913043,0.923076923
1388,92,,36,4,0.391304348,0.888888889
1389,91,,49,3,0.538461538,0.93877551
1390,92,,39,6,0.423913043,0.846153846
1391,92,,48,6,0.52173913,0.875
1392,92,,33,7,0.358695652,0.787878788
1393,94,,25,6,0.265957447,0.76
1394,94,,2,0,0.021276596,1
1395,93,,13,2,0.139784946,0.846153846
1396,71,,0,0,0,
1397,84,,1,1,0.011904762,0
1398,92,,43,2,0.467391304,0.953488372
1399,91,,44,5,0.483516484,0.886363636
1400,90,,22,1,0.244444444,0.954545455
1401,87,,2,0,0.022988506,1
1402,87,,3,0,0.034482759,1
1403,82,,23,4,0.280487805,0.826086957
1404,87,,1,0,0.011494253,1
1405,85,,30,6,0.352941176,0.8
1406,82,,9,2,0.109756098,0.777777778
1407,139,,0,0,0,
1408,86,,36,3,0.418604651,0.916666667
1409,78,,18,3,0.230769231,0.833333333
1410,82,,20,4,0.243902439,0.8
1411,80,,16,1,0.2,0.9375
1412,81,,4,3,0.049382716,0.25
1413,64,,4,0,0.0625,1
1414,84,,2,0,0.023809524,1
1415,83,,2,0,0.024096386,1
1416,83,,3,0,0.036144578,1
1417,71,,24,4,0.338028169,0.833333333
1418,76,,44,3,0.578947368,0.931818182
1419,78,,3,0,0.038461538,1
1420,75,,8,0,0.106666667,1
1421,77,,23,5,0.298701299,0.782608696
1422,80,,2,0,0.025,1
1423,79,,3,0,0.037974684,1
1424,79,,2,0,0.025316456,1
1425,74,,2,0,0.027027027,1
1426,74,,7,3,0.094594595,0.571428571
1427,72,,46,2,0.638888889,0.956521739
1428,70,,69,0,0.985714286,1
1429,87,,29,5,0.333333333,0.827586207
1430,63,,29,1,0.46031746,0.965517241
1431,75,,8,1,0.106666667,0.875
1432,75,,1,0,0.013333333,1
1433,69,,69,2,1,0.971014493
1434,66,,2,1,0.03030303,0.5
1435,70,,70,3,1,0.957142857
1436,69,,69,1,1,0.985507246
1437,69,,69,1,1,0.985507246
1438,69,,69,5,1,0.927536232
1439,67,,23,4,0.343283582,0.826086957
1440,69,,69,4,1,0.942028986
1441,69,,69,3,1,0.956521739
1442,69,,69,2,1,0.971014493
1443,71,,4,3,0.056338028,0.25
1444,67,,46,4,0.686567164,0.913043478
1445,67,,46,2,0.686567164,0.956521739
1446,72,,14,3,0.194444444,0.785714286
1447,69,,46,2,0.666666667,0.956521739
1448,69,,69,3,1,0.956521739
1449,66,,21,5,0.318181818,0.761904762
1450,67,,21,6,0.313432836,0.714285714
1451,67,,19,5,0.28358209,0.736842105
1452,64,,23,8,0.359375,0.652173913
1453,33,,1,0,0.03030303,1
1454,70,,2,0,0.028571429,1
1455,66,,30,1,0.454545455,0.966666667
1457,63,,3,0,0.047619048,1
1458,63,,3,2,0.047619048,0.333333333
1459,63,,31,1,0.492063492,0.967741935
1460,63,,2,1,0.031746032,0.5
1461,62,,16,3,0.258064516,0.8125
1462,64,,12,1,0.1875,0.916666667
1463,64,,1,1,0.015625,0
1464,64,,14,2,0.21875,0.857142857
1465,48,,4,0,0.083333333,1
1466,60,,1,0,0.016666667,1
1467,60,,2,1,0.033333333,0.5
1468,60,,1,0,0.016666667,1
1469,60,,1,0,0.016666667,1
1470,60,,13,2,0.216666667,0.846153846
1472,61,,8,1,0.131147541,0.875
1473,58,,18,4,0.310344828,0.777777778
1474,57,,1,0,0.01754386,1
1475,57,,16,3,0.280701754,0.8125
1476,56,,27,4,0.482142857,0.851851852
1477,56,,7,1,0.125,0.857142857
1478,58,,28,1,0.482758621,0.964285714
1479,58,,1,0,0.017241379,1
1480,57,,23,3,0.403508772,0.869565217
1481,54,,1,0,0.018518519,1
1482,53,,8,3,0.150943396,0.625
1483,53,,8,0,0.150943396,1
1484,53,,16,5,0.301886792,0.6875
1485,52,,25,2,0.480769231,0.92
1486,31,,3,2,0.096774194,0.333333333
1487,53,,26,5,0.490566038,0.807692308
1488,53,,24,6,0.452830189,0.75
1489,49,,23,2,0.469387755,0.913043478
1490,46,,19,2,0.413043478,0.894736842
1491,50,,14,1,0.28,0.928571429
1492,50,,28,8,0.56,0.714285714
1493,50,,18,2,0.36,0.888888889
1494,50,,46,4,0.92,0.913043478
1495,51,,3,1,0.058823529,0.666666667
1496,49,,46,1,0.93877551,0.97826087
1497,46,,46,0,1,1
1498,46,,46,3,1,0.934782609
1499,46,,46,7,1,0.847826087
1500,46,,46,1,1,0.97826087
1501,46,,35,3,0.760869565,0.914285714
1502,49,,26,6,0.530612245,0.769230769
1503,47,,46,0,0.978723404,1
1504,47,,46,0,0.978723404,1
1505,46,,46,4,1,0.913043478
1506,46,,46,1,1,0.97826087
1507,46,,46,0,1,1
1508,46,,23,0,0.5,1
1509,46,,46,2,1,0.956521739
1510,46,,46,7,1,0.847826087
1511,46,,23,9,0.5,0.608695652
1512,46,,46,5,1,0.891304348
1513,46,,46,1,1,0.97826087
1514,46,,46,2,1,0.956521739
1515,46,,46,2,1,0.956521739
1516,46,,46,0,1,1
1517,44,,11,2,0.25,0.818181818
1518,46,,46,2,1,0.956521739
1519,46,,46,6,1,0.869565217
1520,46,,46,2,1,0.956521739
1521,46,,46,2,1,0.956521739
1522,46,,46,2,1,0.956521739
1523,46,,46,5,1,0.891304348
1524,46,,46,2,1,0.956521739
1525,46,,46,0,1,1
1526,46,,46,2,1,0.956521739
1527,46,,46,4,1,0.913043478
1528,46,,46,2,1,0.956521739
1529,46,,46,6,1,0.869565217
1530,46,,46,6,1,0.869565217
1531,47,,23,6,0.489361702,0.739130435
1532,46,,46,2,1,0.956521739
1533,46,,46,0,1,1
1534,46,,46,5,1,0.891304348
1535,46,,46,5,1,0.891304348
1536,46,,46,0,1,1
1537,46,,46,6,1,0.869565217
1538,46,,46,5,1,0.891304348
1539,46,,46,5,1,0.891304348
1540,46,,46,1,1,0.97826087
1541,46,,46,0,1,1
1542,46,,23,5,0.5,0.782608696
1543,46,,46,3,1,0.934782609
1544,47,,47,2,1,0.957446809
1545,46,,38,6,0.826086957,0.842105263
1546,46,,46,2,1,0.956521739
1547,46,,46,5,1,0.891304348
1548,46,,46,0,1,1
1549,46,,45,0,0.97826087,1
1550,46,,46,2,1,0.956521739
1551,46,,46,0,1,1
1552,46,,46,4,1,0.913043478
1553,46,,46,7,1,0.847826087
1554,46,,46,1,1,0.97826087
1555,41,,18,5,0.43902439,0.722222222
1556,46,,23,2,0.5,0.913043478
1557,47,,2,0,0.042553191,1
1558,46,,23,5,0.5,0.782608696
1559,46,,46,6,1,0.869565217
1560,46,,46,5,1,0.891304348
1561,46,,23,4,0.5,0.826086957
1562,46,,9,4,0.195652174,0.555555556
1563,46,,32,3,0.695652174,0.90625
1564,43,,16,3,0.372093023,0.8125
1565,46,,15,1,0.326086957,0.933333333
1566,47,,28,3,0.595744681,0.892857143
1567,46,,25,8,0.543478261,0.68
1568,46,,22,4,0.47826087,0.818181818
1569,42,,17,4,0.404761905,0.764705882
1570,42,,33,4,0.785714286,0.878787879
1571,39,,7,2,0.179487179,0.714285714
1572,44,,2,1,0.045454545,0.5
1573,44,,25,9,0.568181818,0.64
1574,45,,5,0,0.111111111,1
1575,44,,33,2,0.75,0.939393939
1576,43,,23,3,0.534883721,0.869565217
1577,40,,20,4,0.5,0.8
1578,43,,7,1,0.162790698,0.857142857
1579,42,,16,5,0.380952381,0.6875
1580,42,,2,0,0.047619048,1
1581,42,,16,4,0.380952381,0.75
1582,44,,10,5,0.227272727,0.5
1583,43,,2,0,0.046511628,1
1584,43,,2,0,0.046511628,1
1585,36,,16,6,0.444444444,0.625
1586,40,,1,0,0.025,1
1587,38,,27,5,0.710526316,0.814814815
1588,38,,27,4,0.710526316,0.851851852
1589,38,,27,0,0.710526316,1
1590,41,,1,0,0.024390244,1
1591,41,,20,2,0.487804878,0.9
1592,40,,18,1,0.45,0.944444444
1593,37,,18,1,0.486486486,0.944444444
1594,39,,7,2,0.179487179,0.714285714
1595,39,,1,0,0.025641026,1
1596,38,,4,0,0.105263158,1
1598,40,,19,3,0.475,0.842105263
1599,39,,18,3,0.461538462,0.833333333
1600,39,,1,0,0.025641026,1
1601,37,,3,0,0.081081081,1
1602,36,,7,1,0.194444444,0.857142857
1603,36,,5,1,0.138888889,0.8
1604,36,,4,1,0.111111111,0.75
1605,36,,11,1,0.305555556,0.909090909
1606,3,,1,1,0.333333333,0
1607,37,,2,0,0.054054054,1
1608,37,,23,3,0.621621622,0.869565217
1609,35,,7,3,0.2,0.571428571
1610,35,,20,3,0.571428571,0.85
1611,33,,23,0,0.696969697,1
1612,33,,27,6,0.818181818,0.777777778
1613,33,,27,5,0.818181818,0.814814815
1614,36,,17,0,0.472222222,1
1615,36,,6,0,0.166666667,1
1616,36,,13,0,0.361111111,1
1617,34,,2,0,0.058823529,1
1618,33,,8,1,0.242424242,0.875
1619,32,,19,2,0.59375,0.894736842
1620,33,,14,2,0.424242424,0.857142857
1621,33,,7,2,0.212121212,0.714285714
1622,33,,27,5,0.818181818,0.814814815
1623,33,,21,1,0.636363636,0.952380952
1624,34,,7,1,0.205882353,0.857142857
1626,23,,2,1,0.086956522,0.5
1627,32,,10,1,0.3125,0.9
1628,32,,5,0,0.15625,1
1629,23,,23,5,1,0.782608696
1630,33,,3,1,0.090909091,0.666666667
1631,33,,6,4,0.181818182,0.333333333
1632,32,,1,0,0.03125,1
1633,31,,3,0,0.096774194,1
1634,31,,19,4,0.612903226,0.789473684
1635,31,,14,1,0.451612903,0.928571429
1636,29,,25,5,0.862068966,0.8
1638,32,,32,1,1,0.96875
1639,31,,6,0,0.193548387,1
1640,25,,10,1,0.4,0.9
1641,30,,22,1,0.733333333,0.954545455
1642,28,,28,1,1,0.964285714
1643,28,,6,3,0.214285714,0.5
1644,29,,5,1,0.172413793,0.8
1645,29,,3,2,0.103448276,0.333333333
1646,30,,2,0,0.066666667,1
1647,30,,5,1,0.166666667,0.8
1648,30,,10,2,0.333333333,0.8
1649,28,,1,0,0.035714286,1
1650,28,,7,4,0.25,0.428571429
1651,25,,9,2,0.36,0.777777778
1652,28,,2,0,0.071428571,1
1653,28,,2,0,0.071428571,1
1654,3,,1,0,0.333333333,1
1655,28,,3,0,0.107142857,1
1656,28,,1,0,0.035714286,1
1657,27,,17,3,0.62962963,0.823529412
1658,27,,2,2,0.074074074,0
1659,27,,1,0,0.037037037,1
1660,26,,8,1,0.307692308,0.875
1661,23,,23,3,1,0.869565217
1662,27,,4,3,0.148148148,0.25
1663,27,,2,0,0.074074074,1
1665,23,,23,5,1,0.782608696
1666,26,,11,0,0.423076923,1
1667,40,,27,3,0.675,0.888888889
1668,25,,3,1,0.12,0.666666667
1669,25,,2,0,0.08,1
1670,24,,23,5,0.958333333,0.782608696
1671,26,,2,0,0.076923077,1
1672,25,,25,7,1,0.72
1673,23,,23,3,1,0.869565217
1674,21,,7,0,0.333333333,1
1675,25,,1,0,0.04,1
1676,23,,23,4,1,0.826086957
1677,24,,23,2,0.958333333,0.913043478
1678,25,,17,4,0.68,0.764705882
1679,25,,6,0,0.24,1
1680,15,,3,0,0.2,1
1681,23,,23,5,1,0.782608696
1682,23,,23,8,1,0.652173913
1683,23,,23,5,1,0.782608696
1684,23,,23,7,1,0.695652174
1685,23,,23,5,1,0.782608696
1686,24,,23,5,0.958333333,0.782608696
1687,23,,23,6,1,0.739130435
1688,23,,23,4,1,0.826086957
1689,23,,23,5,1,0.782608696
1690,23,,23,4,1,0.826086957
1691,23,,23,6,1,0.739130435
1692,23,,23,7,1,0.695652174
1693,23,,23,2,1,0.913043478
1694,23,,23,4,1,0.826086957
1695,23,,23,5,1,0.782608696
1696,23,,23,3,1,0.869565217
1697,22,,22,5,1,0.772727273
1698,23,,23,6,1,0.739130435
1699,23,,23,1,1,0.956521739
1700,23,,23,3,1,0.869565217
1701,23,,23,5,1,0.782608696
1702,23,,23,8,1,0.652173913
1703,23,,23,9,1,0.608695652
1704,23,,23,6,1,0.739130435
1705,23,,23,7,1,0.695652174
1706,24,,23,5,0.958333333,0.782608696
1707,23,,23,4,1,0.826086957
1708,23,,23,5,1,0.782608696
1709,23,,23,8,1,0.652173913
1710,23,,23,8,1,0.652173913
1711,23,,23,8,1,0.652173913
1712,23,,23,7,1,0.695652174
1713,23,,23,7,1,0.695652174
1714,22,,22,2,1,0.909090909
1715,23,,23,7,1,0.695652174
1716,23,,23,7,1,0.695652174
1717,23,,23,2,1,0.913043478
1718,23,,23,7,1,0.695652174
1719,23,,23,5,1,0.782608696
1720,23,,23,3,1,0.869565217
1721,23,,23,7,1,0.695652174
1722,23,,23,2,1,0.913043478
1723,23,,23,5,1,0.782608696
1724,23,,23,5,1,0.782608696
1725,23,,23,3,1,0.869565217
1726,23,,23,3,1,0.869565217
1727,23,,23,6,1,0.739130435
1728,23,,23,3,1,0.869565217
1729,23,,23,5,1,0.782608696
1730,23,,23,3,1,0.869565217
1731,23,,23,5,1,0.782608696
1732,23,,23,7,1,0.695652174
1733,23,,23,6,1,0.739130435
1734,23,,23,2,1,0.913043478
1735,23,,23,9,1,0.608695652
1736,23,,23,1,1,0.956521739
1737,23,,23,10,1,0.565217391
1738,23,,23,13,1,0.434782609
1739,23,,23,3,1,0.869565217
1740,22,,22,3,1,0.863636364
1741,23,,23,3,1,0.869565217
1742,23,,23,4,1,0.826086957
1743,23,,23,5,1,0.782608696
1744,23,,23,6,1,0.739130435
1745,23,,23,6,1,0.739130435
1746,23,,23,6,1,0.739130435
1747,23,,23,6,1,0.739130435
1748,23,,23,3,1,0.869565217
1749,23,,23,9,1,0.608695652
1750,23,,23,3,1,0.869565217
1751,23,,23,5,1,0.782608696
1752,23,,23,4,1,0.826086957
1753,24,,1,0,0.041666667,1
1754,23,,18,7,0.782608696,0.611111111
1755,23,,23,5,1,0.782608696
1756,23,,23,3,1,0.869565217
1757,23,,23,8,1,0.652173913
1758,23,,23,6,1,0.739130435
1759,24,,16,4,0.666666667,0.75
1760,23,,23,2,1,0.913043478
1761,23,,23,5,1,0.782608696
1762,23,,23,5,1,0.782608696
1763,23,,23,5,1,0.782608696
1764,24,,2,0,0.083333333,1
1765,23,,23,7,1,0.695652174
1766,23,,23,5,1,0.782608696
1767,23,,23,5,1,0.782608696
1768,23,,23,4,1,0.826086957
1769,23,,23,9,1,0.608695652
1770,23,,23,3,1,0.869565217
1771,23,,23,6,1,0.739130435
1772,24,,10,1,0.416666667,0.9
1773,23,,23,1,1,0.956521739
1774,23,,23,3,1,0.869565217
1775,23,,23,6,1,0.739130435
1776,23,,23,4,1,0.826086957
1777,23,,23,4,1,0.826086957
1778,23,,23,6,1,0.739130435
1779,23,,23,5,1,0.782608696
1780,22,,22,6,1,0.727272727
1781,23,,23,1,1,0.956521739
1782,23,,23,4,1,0.826086957
1783,23,,23,3,1,0.869565217
1784,23,,23,7,1,0.695652174
1785,23,,23,6,1,0.739130435
1786,23,,23,2,1,0.913043478
1787,23,,23,8,1,0.652173913
1788,23,,23,4,1,0.826086957
1789,23,,23,6,1,0.739130435
1790,23,,23,4,1,0.826086957
1791,22,,22,3,1,0.863636364
1792,23,,23,4,1,0.826086957
1793,23,,23,1,1,0.956521739
1794,23,,23,4,1,0.826086957
1795,23,,23,7,1,0.695652174
1796,24,,24,3,1,0.875
1797,23,,23,4,1,0.826086957
1798,23,,23,2,1,0.913043478
1799,23,,23,2,1,0.913043478
1800,23,,23,7,1,0.695652174
1801,23,,23,2,1,0.913043478
1802,23,,23,5,1,0.782608696
1803,23,,23,4,1,0.826086957
1804,23,,23,4,1,0.826086957
1805,23,,23,6,1,0.739130435
1806,23,,23,4,1,0.826086957
1807,23,,23,6,1,0.739130435
1808,23,,23,6,1,0.739130435
1809,23,,23,4,1,0.826086957
1810,23,,23,5,1,0.782608696
1811,23,,23,5,1,0.782608696
1812,23,,23,3,1,0.869565217
1813,23,,23,6,1,0.739130435
1814,23,,23,2,1,0.913043478
1815,23,,23,7,1,0.695652174
1816,23,,23,4,1,0.826086957
1817,23,,23,1,1,0.956521739
1818,23,,23,5,1,0.782608696
1819,23,,23,5,1,0.782608696
1820,23,,23,2,1,0.913043478
1821,23,,23,2,1,0.913043478
1822,23,,23,1,1,0.956521739
1823,23,,23,2,1,0.913043478
1824,23,,23,6,1,0.739130435
1825,23,,23,7,1,0.695652174
1826,23,,23,5,1,0.782608696
1827,22,,22,5,1,0.772727273
1828,23,,23,7,1,0.695652174
1829,23,,23,4,1,0.826086957
1830,23,,23,3,1,0.869565217
1831,23,,23,4,1,0.826086957
1832,23,,23,2,1,0.913043478
1833,23,,2,0,0.086956522,1
1834,21,,21,2,1,0.904761905
1835,23,,23,2,1,0.913043478
1836,23,,17,3,0.739130435,0.823529412
1837,23,,12,2,0.52173913,0.833333333
1838,23,,23,1,1,0.956521739
1840,23,,23,3,1,0.869565217
1841,23,,6,2,0.260869565,0.666666667
1842,23,,1,0,0.043478261,1
1843,23,,1,0,0.043478261,1
1844,23,,4,1,0.173913043,0.75
1845,23,,7,0,0.304347826,1
1846,23,,23,6,1,0.739130435
1847,22,,2,1,0.090909091,0.5
1848,22,,22,3,1,0.863636364
1849,22,,2,1,0.090909091,0.5
1850,17,,6,0,0.352941176,1
1851,21,,21,4,1,0.80952381
1852,22,,1,1,0.045454545,0
1853,22,,2,0,0.090909091,1
1854,22,,1,0,0.045454545,1
1855,22,,1,0,0.045454545,1
1856,22,,3,0,0.136363636,1
1857,18,,12,3,0.666666667,0.75
1858,20,,15,3,0.75,0.8
1859,21,,4,0,0.19047619,1
1860,21,,2,0,0.095238095,1
1861,21,,1,0,0.047619048,1
1862,21,,20,5,0.952380952,0.75
1863,22,,10,1,0.454545455,0.9
1864,22,,11,3,0.5,0.727272727
1865,10,,3,0,0.3,1
1866,20,,6,0,0.3,1
1867,20,,9,4,0.45,0.555555556
1868,20,,12,5,0.6,0.583333333
1869,19,,14,3,0.736842105,0.785714286
1870,20,,20,5,1,0.75
1871,21,,8,4,0.380952381,0.5
1872,20,,9,1,0.45,0.888888889
1873,20,,2,0,0.1,1
1874,20,,12,1,0.6,0.916666667
1875,16,,13,3,0.8125,0.769230769
1876,20,,20,3,1,0.85
1877,20,,2,0,0.1,1
1878,20,,1,0,0.05,1
1879,19,,7,0,0.368421053,1
1880,20,,17,6,0.85,0.647058824
1881,19,,1,0,0.052631579,1
1882,19,,14,5,0.736842105,0.642857143
1883,19,,4,1,0.210526316,0.75
1884,19,,3,0,0.157894737,1
1885,19,,2,1,0.105263158,0.5
1886,19,,2,1,0.105263158,0.5
1887,19,,7,1,0.368421053,0.857142857
1888,19,,15,2,0.789473684,0.866666667
1889,11,,2,0,0.181818182,1
1890,18,,9,1,0.5,0.888888889
1891,17,,14,4,0.823529412,0.714285714
1892,18,,11,7,0.611111111,0.363636364
1893,18,,4,0,0.222222222,1
1894,18,,5,2,0.277777778,0.6
1895,18,,4,2,0.222222222,0.5
1896,18,,8,0,0.444444444,1
1897,17,,12,4,0.705882353,0.666666667
1898,17,,9,2,0.529411765,0.777777778
1899,1,,1,0,1,1
1900,17,,7,1,0.411764706,0.857142857
1901,17,,3,0,0.176470588,1
1902,16,,10,1,0.625,0.9
1903,17,,2,1,0.117647059,0.5
1904,16,,12,3,0.75,0.75
1905,16,,5,1,0.3125,0.8
1906,16,,4,1,0.25,0.75
1907,16,,7,1,0.4375,0.857142857
1908,1,,1,0,1,1
1909,16,,6,0,0.375,1
1910,17,,7,0,0.411764706,1
1911,17,,13,1,0.764705882,0.923076923
1912,17,,6,0,0.352941176,1
1913,17,,7,2,0.411764706,0.714285714
1914,16,,3,1,0.1875,0.666666667
1915,2,,2,0,1,1
1916,16,,7,0,0.4375,1
1918,16,,5,0,0.3125,1
1919,16,,1,0,0.0625,1
1920,16,,15,4,0.9375,0.733333333
1921,18,,2,0,0.111111111,1
1922,15,,5,2,0.333333333,0.6
1923,15,,2,0,0.133333333,1
1924,14,,9,2,0.642857143,0.777777778
1925,15,,5,0,0.333333333,1
1926,16,,8,2,0.5,0.75
1927,12,,4,1,0.333333333,0.75
1928,15,,3,0,0.2,1
1929,15,,2,0,0.133333333,1
1930,13,,12,4,0.923076923,0.666666667
1931,15,,1,0,0.066666667,1
1932,14,,2,0,0.142857143,1
1933,14,,5,0,0.357142857,1
1934,15,,11,2,0.733333333,0.818181818
1935,15,,15,2,1,0.866666667
1936,15,,8,4,0.533333333,0.5
1937,13,,10,0,0.769230769,1
1938,14,,1,1,0.071428571,0
1940,14,,4,2,0.285714286,0.5
1941,14,,9,1,0.642857143,0.888888889
1942,14,,1,1,0.071428571,0
1943,7,,7,1,1,0.857142857
1944,14,,2,1,0.142857143,0.5
1945,3,,3,0,1,1
1946,13,,3,2,0.230769231,0.333333333
1947,12,,10,1,0.833333333,0.9
1948,13,,5,3,0.384615385,0.4
1949,13,,7,2,0.538461538,0.714285714
1950,10,,5,1,0.5,0.8
1951,13,,9,1,0.692307692,0.888888889
1952,13,,3,0,0.230769231,1
1953,11,,4,1,0.363636364,0.75
1954,13,,5,2,0.384615385,0.6
1955,13,,13,2,1,0.846153846
1956,14,,2,1,0.142857143,0.5
1957,13,,3,0,0.230769231,1
1958,13,,6,1,0.461538462,0.833333333
1959,13,,2,1,0.153846154,0.5
1960,13,,13,1,1,0.923076923
1961,11,,11,4,1,0.636363636
1962,12,,12,3,1,0.75
1963,12,,12,3,1,0.75
1964,12,,12,4,1,0.666666667
1965,12,,8,1,0.666666667,0.875
1966,12,,4,1,0.333333333,0.75
1967,11,,11,2,1,0.818181818
1968,11,,11,2,1,0.818181818
1969,11,,11,2,1,0.818181818
1970,12,,11,1,0.916666667,0.909090909
1971,11,,3,0,0.272727273,1
1972,12,,1,1,0.083333333,0
1973,11,,11,2,1,0.818181818
1974,11,,11,2,1,0.818181818
1975,12,,1,0,0.083333333,1
1976,12,,8,1,0.666666667,0.875
1977,11,,11,4,1,0.636363636
1978,12,,5,0,0.416666667,1
1979,12,,12,2,1,0.833333333
1980,12,,2,1,0.166666667,0.5
1981,12,,8,2,0.666666667,0.75
1982,12,,12,2,1,0.833333333
1983,12,,1,0,0.083333333,1
1984,11,,11,4,1,0.636363636
1985,11,,11,4,1,0.636363636
1986,12,,5,2,0.416666667,0.6
1987,12,,3,1,0.25,0.666666667
1988,12,,2,0,0.166666667,1
1989,11,,11,5,1,0.545454545
1990,11,,11,1,1,0.909090909
1991,12,,12,4,1,0.666666667
1992,12,,4,2,0.333333333,0.5
1993,12,,2,1,0.166666667,0.5
1994,10,,8,2,0.8,0.75
1995,11,,8,3,0.727272727,0.625
1996,11,,5,0,0.454545455,1
1997,11,,5,2,0.454545455,0.6
1998,12,,5,0,0.416666667,1
1999,11,,11,1,1,0.909090909
2000,12,,8,1,0.666666667,0.875
2001,10,,10,3,1,0.7
2002,11,,7,2,0.636363636,0.714285714
2003,11,,8,1,0.727272727,0.875
2004,10,,9,2,0.9,0.777777778
2005,6,,3,0,0.5,1
2006,10,,10,3,1,0.7
2007,9,,5,2,0.555555556,0.6
2008,11,,4,0,0.363636364,1
2009,10,,3,1,0.3,0.666666667
2010,9,,5,0,0.555555556,1
2011,10,,9,0,0.9,1
2012,9,,9,3,1,0.666666667
2013,10,,2,1,0.2,0.5
2014,11,,1,0,0.090909091,1
2015,11,,2,1,0.181818182,0.5
2016,10,,9,0,0.9,1
2017,10,,5,1,0.5,0.8
2018,8,,5,1,0.625,0.8
2019,10,,4,1,0.4,0.75
2020,10,,7,0,0.7,1
2021,10,,1,0,0.1,1
2022,10,,9,1,0.9,0.888888889
2023,9,,5,0,0.555555556,1
2024,9,,9,4,1,0.555555556
2025,10,,10,2,1,0.8
2026,10,,1,0,0.1,1
2027,10,,3,0,0.3,1
2028,10,,2,0,0.2,1
2029,10,,1,0,0.1,1
2030,10,,2,0,0.2,1
2031,10,,1,0,0.1,1
2032,9,,9,0,1,1
2033,9,,3,1,0.333333333,0.666666667
2034,9,,1,0,0.111111111,1
2035,9,,2,0,0.222222222,1
2036,9,,3,1,0.333333333,0.666666667
2037,9,,2,0,0.222222222,1
2038,10,,1,0,0.1,1
2039,9,,1,0,0.111111111,1
2040,9,,9,4,1,0.555555556
2041,9,,9,4,1,0.555555556
2042,9,,6,2,0.666666667,0.666666667
2043,9,,1,0,0.111111111,1
2044,9,,1,0,0.111111111,1
2045,9,,8,1,0.888888889,0.875
2046,9,,9,0,1,1
2047,9,,2,0,0.222222222,1
2048,9,,1,0,0.111111111,1
2049,8,,7,0,0.875,1
2050,8,,8,2,1,0.75
2051,8,,6,2,0.75,0.666666667
2052,7,,7,3,1,0.571428571
2053,7,,7,1,1,0.857142857
2054,9,,3,1,0.333333333,0.666666667
2055,10,,1,0,0.1,1
2056,9,,4,2,0.444444444,0.5
2057,8,,6,2,0.75,0.666666667
2058,6,,4,1,0.666666667,0.75
2059,8,,2,0,0.25,1
2060,7,,5,2,0.714285714,0.6
2061,7,,7,4,1,0.428571429
2062,7,,7,1,1,0.857142857
2063,8,,8,1,1,0.875
2064,8,,1,0,0.125,1
2065,8,,1,0,0.125,1
2066,8,,2,0,0.25,1
2067,8,,2,1,0.25,0.5
2068,8,,3,0,0.375,1
2069,8,,3,0,0.375,1
2070,7,,7,0,1,1
2071,8,,6,1,0.75,0.833333333
2072,2,,1,0,0.5,1
2073,8,,7,2,0.875,0.714285714
2074,8,,8,1,1,0.875
2075,8,,8,1,1,0.875
2076,8,,2,0,0.25,1
2077,8,,4,0,0.5,1
2078,8,,1,1,0.125,0
2079,8,,7,3,0.875,0.571428571
2080,8,,1,0,0.125,1
2081,7,,1,1,0.142857143,0
2082,7,,6,3,0.857142857,0.5
2083,7,,6,4,0.857142857,0.333333333
2084,7,,2,0,0.285714286,1
2085,7,,1,0,0.142857143,1
2086,7,,7,0,1,1
2087,8,,3,0,0.375,1
2088,8,,5,0,0.625,1
2089,92,,37,5,0.402173913,0.864864865
2090,7,,3,1,0.428571429,0.666666667
2091,7,,1,1,0.142857143,0
2092,7,,6,3,0.857142857,0.5
2093,6,,4,1,0.666666667,0.75
2094,7,,4,2,0.571428571,0.5
2095,7,,4,1,0.571428571,0.75
2096,7,,3,3,0.428571429,0
2097,7,,5,4,0.714285714,0.2
2098,7,,1,1,0.142857143,0
2099,7,,7,1,1,0.857142857
2100,7,,7,4,1,0.428571429
2101,7,,4,1,0.571428571,0.75
2102,7,,1,0,0.142857143,1
2103,7,,7,0,1,1
2104,7,,1,0,0.142857143,1
2105,6,,2,0,0.333333333,1
2106,6,,3,0,0.5,1
2107,5,,2,0,0.4,1
2108,6,,3,0,0.5,1
2109,6,,6,1,1,0.833333333
2110,7,,6,0,0.857142857,1
2111,6,,5,3,0.833333333,0.4
2112,23,,23,3,1,0.869565217
2113,5,,5,0,1,1
2114,6,,6,1,1,0.833333333
2115,6,,6,1,1,0.833333333
2116,6,,6,0,1,1
2117,5,,5,1,1,0.8
2118,6,,1,0,0.166666667,1
2119,6,,2,0,0.333333333,1
2120,6,,3,0,0.5,1
2121,6,,6,1,1,0.833333333
2122,6,,5,0,0.833333333,1
2123,5,,5,0,1,1
2124,6,,5,0,0.833333333,1
2125,5,,5,0,1,1
2126,6,,1,0,0.166666667,1
2127,6,,1,0,0.166666667,1
2128,6,,2,1,0.333333333,0.5
2129,6,,4,0,0.666666667,1
2130,6,,1,1,0.166666667,0
2131,6,,1,0,0.166666667,1
2132,5,,5,1,1,0.8
2133,5,,5,2,1,0.6
2134,3,,1,0,0.333333333,1
2135,1,,1,0,1,1
2136,6,,5,2,0.833333333,0.6
2137,6,,2,1,0.333333333,0.5
2138,6,,2,0,0.333333333,1
2139,6,,1,1,0.166666667,0
2140,1,,1,1,1,0
2141,5,,5,1,1,0.8
2142,6,,6,0,1,1
2143,6,,1,0,0.166666667,1
2144,6,,1,1,0.166666667,0
2145,5,,5,1,1,0.8
2146,6,,6,1,1,0.833333333
2147,6,,3,0,0.5,1
2148,6,,2,2,0.333333333,0
2149,6,,6,1,1,0.833333333
2150,5,,5,1,1,0.8
2151,5,,5,0,1,1
2152,6,,1,1,0.166666667,0
2153,6,,5,1,0.833333333,0.8
2154,6,,6,4,1,0.333333333
2155,5,,5,0,1,1
2156,5,,5,0,1,1
2157,5,,4,2,0.8,0.5
2158,6,,4,0,0.666666667,1
2159,5,,5,2,1,0.6
2160,6,,3,1,0.5,0.666666667
2162,5,,3,2,0.6,0.333333333
2163,5,,3,0,0.6,1
2164,5,,1,0,0.2,1
2165,5,,2,0,0.4,1
2166,5,,5,1,1,0.8
2167,6,,6,3,1,0.5
2168,6,,3,0,0.5,1
2169,5,,1,0,0.2,1
2170,5,,1,0,0.2,1
2171,5,,1,0,0.2,1
2172,5,,1,0,0.2,1
2173,5,,3,0,0.6,1
2174,4,,4,0,1,1
2175,4,,4,0,1,1
2176,5,,5,0,1,1
2177,4,,4,1,1,0.75
2178,4,,4,1,1,0.75
2179,5,,1,0,0.2,1
2180,5,,5,1,1,0.8
2182,5,,2,0,0.4,1
2183,5,,1,0,0.2,1
2184,5,,2,0,0.4,1
2185,5,,5,2,1,0.6
2186,5,,1,0,0.2,1
2187,5,,1,1,0.2,0
2188,3,,2,1,0.666666667,0.5
2189,4,,4,2,1,0.5
2190,5,,3,0,0.6,1
2191,5,,5,1,1,0.8
2192,5,,2,2,0.4,0
2193,5,,1,1,0.2,0
2194,5,,1,0,0.2,1
2195,3,,2,0,0.666666667,1
2196,5,,5,2,1,0.6
2197,5,,3,0,0.6,1
2198,1,,1,0,1,1
2199,5,,4,1,0.8,0.75
2200,5,,1,1,0.2,0
2201,5,,2,1,0.4,0.5
2202,5,,1,0,0.2,1
2203,4,,4,1,1,0.75
2204,5,,1,0,0.2,1
2205,5,,3,0,0.6,1
2206,5,,4,0,0.8,1
2207,5,,5,1,1,0.8
2208,5,,3,0,0.6,1
2209,2,,1,1,0.5,0
2210,4,,4,2,1,0.5
2211,4,,3,0,0.75,1
2212,4,,2,0,0.5,1
2213,4,,2,0,0.5,1
2214,4,,4,0,1,1
2215,3,,3,0,1,1
2216,4,,3,0,0.75,1
2217,4,,1,1,0.25,0
2218,4,,1,0,0.25,1
2219,4,,1,1,0.25,0
2220,4,,1,1,0.25,0
2221,4,,4,1,1,0.75
2222,3,,3,0,1,1
2223,4,,2,0,0.5,1
2225,4,,1,1,0.25,0
2226,3,,3,0,1,1
2227,4,,2,0,0.5,1
2228,4,,2,0,0.5,1
2229,4,,1,0,0.25,1
2230,4,,1,0,0.25,1
2231,4,,1,1,0.25,0
2232,4,,1,0,0.25,1
2233,4,,4,0,1,1
2234,4,,2,0,0.5,1
2235,4,,1,0,0.25,1
2236,3,,3,0,1,1
2237,3,,3,0,1,1
2238,4,,4,1,1,0.75
2239,4,,2,0,0.5,1
2240,4,,3,2,0.75,0.333333333
2241,3,,3,0,1,1
2242,3,,3,0,1,1
2243,4,,3,0,0.75,1
2244,4,,1,1,0.25,0
2245,4,,1,0,0.25,1
2246,4,,2,0,0.5,1
2247,4,,1,1,0.25,0
2248,4,,1,0,0.25,1
2249,4,,4,0,1,1
2250,23,,23,7,1,0.695652174
2251,4,,4,1,1,0.75
2252,4,,4,2,1,0.5
2253,3,,3,1,1,0.666666667
2254,4,,1,0,0.25,1
2255,4,,1,0,0.25,1
2256,4,,2,1,0.5,0.5
2257,4,,3,0,0.75,1
2258,4,,1,0,0.25,1
2259,2,,1,0,0.5,1
2260,4,,2,1,0.5,0.5
2261,4,,3,1,0.75,0.666666667
2262,4,,4,0,1,1
2263,4,,2,0,0.5,1
2264,4,,2,0,0.5,1
2265,4,,4,1,1,0.75
2266,4,,2,0,0.5,1
2267,4,,2,0,0.5,1
2268,4,,4,1,1,0.75
2269,3,,3,2,1,0.333333333
2270,4,,2,0,0.5,1
2271,4,,4,1,1,0.75
2272,4,,3,0,0.75,1
2273,4,,1,0,0.25,1
2274,4,,2,1,0.5,0.5
2275,3,,3,0,1,1
2276,3,,3,2,1,0.333333333
2277,4,,3,0,0.75,1
2278,4,,4,1,1,0.75
2279,4,,4,1,1,0.75
2280,4,,3,0,0.75,1
2281,4,,1,1,0.25,0
2282,3,,2,0,0.666666667,1
2283,3,,1,0,0.333333333,1
2284,3,,3,0,1,1
2285,3,,3,0,1,1
2286,1,,1,0,1,1
2287,2,,2,0,1,1
2288,2,,1,0,0.5,1
2289,3,,2,0,0.666666667,1
2290,3,,1,1,0.333333333,0
2291,3,,2,0,0.666666667,1
2292,3,,1,0,0.333333333,1
2293,3,,2,2,0.666666667,0
2294,3,,2,0,0.666666667,1
2295,3,,3,0,1,1
2296,3,,3,1,1,0.666666667
2297,3,,3,0,1,1
2298,3,,1,1,0.333333333,0
2299,3,,1,0,0.333333333,1
2300,3,,1,0,0.333333333,1
2301,3,,3,0,1,1
2302,3,,3,0,1,1
2303,3,,1,0,0.333333333,1
2304,3,,2,2,0.666666667,0
2305,3,,2,0,0.666666667,1
2306,3,,1,0,0.333333333,1
2307,3,,3,3,1,0
2308,3,,3,0,1,1
2309,22,,11,1,0.5,0.909090909
2310,3,,2,0,0.666666667,1
2311,3,,1,1,0.333333333,0
2312,3,,2,2,0.666666667,0
2313,3,,1,0,0.333333333,1
2314,3,,1,0,0.333333333,1
2315,3,,3,1,1,0.666666667
2317,3,,1,0,0.333333333,1
2318,3,,1,0,0.333333333,1
2319,3,,1,0,0.333333333,1
2320,3,,1,1,0.333333333,0
2321,3,,2,2,0.666666667,0
2322,3,,2,0,0.666666667,1
2323,3,,1,0,0.333333333,1
2324,3,,1,0,0.333333333,1
2325,3,,1,0,0.333333333,1
2326,3,,1,1,0.333333333,0
2327,3,,3,3,1,0
2328,3,,1,1,0.333333333,0
2329,3,,1,0,0.333333333,1
2330,3,,3,0,1,1
2331,3,,2,1,0.666666667,0.5
2332,3,,3,0,1,1
2333,3,,1,1,0.333333333,0
2334,3,,1,0,0.333333333,1
2335,3,,3,1,1,0.666666667
2336,3,,1,0,0.333333333,1
2337,3,,3,0,1,1
2338,3,,2,0,0.666666667,1
2339,3,,1,0,0.333333333,1
2340,3,,2,0,0.666666667,1
2341,1,,1,0,1,1
2342,3,,3,0,1,1
2343,3,,3,0,1,1
2344,3,,3,2,1,0.333333333
2345,3,,1,1,0.333333333,0
2346,3,,2,2,0.666666667,0
2347,3,,2,0,0.666666667,1
2348,3,,1,0,0.333333333,1
2349,3,,1,1,0.333333333,0
2350,3,,3,0,1,1
2351,3,,3,1,1,0.666666667
2352,3,,1,0,0.333333333,1
2353,3,,2,0,0.666666667,1
2354,3,,1,0,0.333333333,1
2355,3,,1,0,0.333333333,1
2356,2,,2,0,1,1
2357,2,,2,0,1,1
2358,3,,1,0,0.333333333,1
2359,3,,3,0,1,1
2360,3,,3,0,1,1
2361,1,,1,1,1,0
2362,2,,2,0,1,1
2363,2,,2,0,1,1
2364,2,,2,1,1,0.5
2365,2,,1,0,0.5,1
2366,1,,1,1,1,0
2367,1,,1,0,1,1
2368,1,,1,0,1,1
2369,2,,1,0,0.5,1
2370,1,,1,0,1,1
2371,2,,2,1,1,0.5
2372,2,,2,0,1,1
2373,2,,2,0,1,1
2374,2,,2,0,1,1
2375,2,,2,2,1,0
2376,2,,2,0,1,1
2377,2,,1,0,0.5,1
2378,2,,1,0,0.5,1
2379,2,,1,1,0.5,0
2380,2,,1,0,0.5,1
2381,2,,1,0,0.5,1
2382,2,,2,0,1,1
2383,2,,1,0,0.5,1
2384,2,,2,1,1,0.5
2385,2,,2,1,1,0.5
2386,2,,1,0,0.5,1
2387,2,,2,0,1,1
2388,1,,1,1,1,0
2389,2,,1,0,0.5,1
2390,2,,1,0,0.5,1
2391,2,,1,0,0.5,1
2392,2,,2,0,1,1
2393,1,,1,0,1,1
2394,1,,1,1,1,0
2396,2,,2,0,1,1
2397,2,,2,1,1,0.5
2398,2,,1,1,0.5,0
2401,2,,1,0,0.5,1
2402,2,,1,0,0.5,1
2403,2,,2,1,1,0.5
2404,2,,1,0,0.5,1
2405,2,,1,0,0.5,1
2406,2,,1,0,0.5,1
2407,2,,2,0,1,1
2408,2,,1,1,0.5,0
2409,2,,2,0,1,1
2410,2,,2,1,1,0.5
2411,1,,1,1,1,0
2412,1,,1,0,1,1
2414,2,,2,1,1,0.5
2415,2,,1,1,0.5,0
2416,2,,1,0,0.5,1
2417,2,,2,1,1,0.5
2418,2,,1,0,0.5,1
2419,2,,2,0,1,1
2420,2,,2,0,1,1
2421,2,,1,0,0.5,1
2422,2,,2,1,1,0.5
2423,2,,2,0,1,1
2424,2,,2,2,1,0
2425,1,,1,0,1,1
2426,2,,2,0,1,1
2428,1,,1,0,1,1
2429,2,,2,0,1,1
2430,2,,2,1,1,0.5
2431,2,,2,1,1,0.5
2432,2,,2,0,1,1
2433,2,,2,1,1,0.5
2434,2,,2,1,1,0.5
2435,1,,1,0,1,1
2436,1,,1,1,1,0
2437,2,,2,0,1,1
2438,2,,2,1,1,0.5
2439,2,,2,0,1,1
2440,2,,2,0,1,1
2441,1,,1,1,1,0
2442,1,,1,0,1,1
2443,2,,2,1,1,0.5
2444,2,,1,0,0.5,1
2445,2,,1,0,0.5,1
2446,1,,1,0,1,1
2447,1,,1,1,1,0
2448,1,,1,0,1,1
2449,2,,1,0,0.5,1
2450,2,,2,1,1,0.5
2451,2,,2,0,1,1
2452,2,,1,0,0.5,1
2453,2,,2,0,1,1
2454,2,,1,0,0.5,1
2455,1,,1,1,1,0
2456,1,,1,1,1,0
2457,2,,2,1,1,0.5
2458,2,,1,0,0.5,1
2459,2,,1,0,0.5,1
2460,2,,2,0,1,1
2461,2,,1,0,0.5,1
2462,1,,1,0,1,1
2463,1,,0,0,0,
2464,2,,1,0,0.5,1
2465,2,,2,1,1,0.5
2466,2,,2,1,1,0.5
2467,2,,2,1,1,0.5
2468,1,,1,0,1,1
2469,2,,1,0,0.5,1
2470,2,,1,1,0.5,0
2471,2,,2,1,1,0.5
2472,2,,1,0,0.5,1
2473,2,,2,1,1,0.5
2474,2,,2,0,1,1
2475,2,,2,0,1,1
2477,2,,2,0,1,1
2479,1,,1,1,1,0
2480,2,,1,0,0.5,1
2481,2,,2,0,1,1
2482,2,,1,0,0.5,1
2483,2,,1,0,0.5,1
2484,2,,1,0,0.5,1
2485,2,,2,0,1,1
2486,2,,1,0,0.5,1
2487,2,,1,0,0.5,1
2488,22,,22,2,1,0.909090909
2489,1,,1,1,1,0
2490,2,,1,0,0.5,1
2491,1,,1,0,1,1
2492,1,,1,0,1,1
2494,2,,2,0,1,1
2495,2,,1,0,0.5,1
2496,1,,1,1,1,0
2497,2,,1,0,0.5,1
2498,2,,2,0,1,1
2499,2,,2,0,1,1
2500,2,,2,0,1,1
2501,2,,1,0,0.5,1
2502,2,,2,1,1,0.5
2503,1,,1,1,1,0
2504,2,,2,0,1,1
2505,2,,1,0,0.5,1
2506,2,,1,1,0.5,0
2507,2,,2,0,1,1
2508,1,,1,1,1,0
2509,1,,1,0,1,1
2510,1,,1,0,1,1
2511,2,,2,0,1,1
2512,2,,1,0,0.5,1
2514,2,,2,0,1,1
2515,2,,2,0,1,1
2516,2,,2,1,1,0.5
2517,2,,2,0,1,1
2518,2,,1,1,0.5,0
2519,2,,1,1,0.5,0
2520,1,,1,1,1,0
2521,1,,1,0,1,1
2522,1,,1,1,1,0
2523,1,,1,0,1,1
2525,1,,1,0,1,1
2526,2,,1,0,0.5,1
2527,2,,1,0,0.5,1
2528,2,,2,0,1,1
2537,1,,1,0,1,1
2538,1,,1,0,1,1
2539,1,,1,0,1,1
2540,1,,1,0,1,1
2541,1,,1,0,1,1
2542,1,,1,0,1,1
2543,1,,1,1,1,0
2544,1,,1,0,1,1
2545,1,,1,0,1,1
2546,1,,1,0,1,1
2547,1,,1,0,1,1
2548,1,,1,0,1,1
2549,1,,1,0,1,1
2550,1,,1,1,1,0
2551,1,,1,0,1,1
2552,1,,1,1,1,0
2553,1,,1,0,1,1
2554,1,,1,0,1,1
2555,1,,1,0,1,1
2556,1,,1,0,1,1
2557,1,,1,0,1,1
2558,1,,1,0,1,1
2559,1,,1,0,1,1
2560,1,,1,0,1,1
2561,1,,1,0,1,1
2562,1,,1,0,1,1
2563,1,,1,1,1,0
2564,1,,1,1,1,0
2565,1,,1,0,1,1
2566,1,,1,0,1,1
2567,1,,1,0,1,1
2568,1,,1,0,1,1
2569,1,,1,0,1,1
2570,1,,1,0,1,1
2571,1,,1,0,1,1
2572,1,,1,0,1,1
2573,1,,1,0,1,1
2574,1,,1,0,1,1
2575,1,,1,0,1,1
2576,1,,1,1,1,0
2578,1,,1,0,1,1
2579,1,,1,0,1,1
2580,1,,1,0,1,1
2581,1,,1,1,1,0
2585,1,,1,1,1,0
2586,1,,1,0,1,1
2587,1,,1,0,1,1
2588,1,,1,0,1,1
2589,1,,1,0,1,1
2590,1,,1,0,1,1
2591,1,,1,0,1,1
2592,1,,1,0,1,1
2593,1,,1,1,1,0
2594,1,,1,0,1,1
2595,1,,1,0,1,1
2596,1,,1,1,1,0
2597,1,,1,1,1,0
2598,1,,1,1,1,0
2599,1,,1,1,1,0
2600,1,,1,1,1,0
2601,1,,1,0,1,1
2602,1,,1,0,1,1
2603,1,,1,1,1,0
2604,1,,1,0,1,1
2605,1,,1,1,1,0
2606,1,,1,0,1,1
2607,1,,1,1,1,0
2608,1,,1,0,1,1
2609,1,,1,0,1,1
2610,1,,1,0,1,1
2611,1,,1,0,1,1
2612,1,,1,0,1,1
2614,1,,1,1,1,0
2615,1,,1,0,1,1
2616,1,,1,0,1,1
2617,1,,1,0,1,1
2618,1,,1,0,1,1
2619,1,,1,0,1,1
2620,1,,1,0,1,1
2621,1,,1,1,1,0
2623,1,,1,0,1,1
2624,1,,1,0,1,1
2625,1,,1,1,1,0
2626,1,,1,0,1,1
2627,1,,1,0,1,1
2628,1,,1,0,1,1
2630,1,,1,1,1,0
2631,1,,1,0,1,1
2632,1,,1,0,1,1
2633,1,,1,0,1,1
2634,1,,1,0,1,1
2635,1,,1,1,1,0
2636,1,,1,0,1,1
2637,1,,1,0,1,1
2638,1,,1,0,1,1
2639,1,,1,0,1,1
2640,1,,1,0,1,1
2641,1,,1,0,1,1
2642,1,,1,0,1,1
2643,1,,1,0,1,1
2644,1,,1,0,1,1
2645,1,,1,1,1,0
2646,1,,1,0,1,1
2647,1,,1,0,1,1
2648,1,,1,1,1,0
2649,1,,1,0,1,1
2650,1,,1,0,1,1
2651,1,,1,1,1,0
2652,1,,1,0,1,1
2653,1,,1,0,1,1
2654,1,,1,0,1,1
2655,1,,1,0,1,1
2656,1,,1,0,1,1
2657,1,,1,0,1,1
2658,1,,1,0,1,1
2659,1,,1,0,1,1
2660,1,,1,1,1,0
2661,1,,1,0,1,1
2662,1,,1,0,1,1
2663,1,,1,0,1,1
2664,1,,1,0,1,1
2670,1,,1,0,1,1
2673,1,,1,0,1,1
2674,2,,1,1,0.5,0
2675,1,,1,0,1,1
2676,1,,1,0,1,1
2677,1,,1,1,1,0
2679,1,,1,0,1,1
2680,1,,1,1,1,0
2681,1,,1,0,1,1
2682,1,,1,0,1,1
2683,1,,1,0,1,1
2684,1,,1,0,1,1
2685,1,,1,0,1,1
2686,1,,1,0,1,1
2687,1,,1,0,1,1
2688,1,,1,0,1,1
2689,1,,1,1,1,0
2690,1,,1,0,1,1
2691,1,,1,0,1,1
2692,1,,1,1,1,0
2694,1,,1,0,1,1
2695,1,,1,1,1,0
2696,1,,1,0,1,1
2697,1,,1,0,1,1
2698,1,,1,1,1,0
2699,1,,1,0,1,1
2700,1,,1,0,1,1
2701,1,,1,0,1,1
2702,1,,1,1,1,0
2703,1,,1,0,1,1
2704,1,,1,0,1,1
2705,1,,1,0,1,1
2706,1,,1,0,1,1
2707,1,,1,0,1,1
2708,1,,1,0,1,1
2709,1,,1,0,1,1
2710,1,,1,0,1,1
2711,1,,1,0,1,1
2712,1,,1,0,1,1
2713,1,,1,0,1,1
2714,1,,1,0,1,1
2715,1,,1,0,1,1
2716,1,,1,0,1,1
2717,1,,1,0,1,1
2718,1,,1,0,1,1
2719,1,,1,0,1,1
2720,1,,1,1,1,0
2726,1,,1,0,1,1
2727,1,,1,0,1,1
2728,1,,1,0,1,1
2729,1,,1,0,1,1
2730,1,,1,0,1,1
2731,1,,1,0,1,1
2732,1,,1,0,1,1
2733,1,,1,1,1,0
2737,1,,1,1,1,0
2738,1,,1,0,1,1
2739,1,,1,0,1,1
2740,1,,1,0,1,1
2742,1,,1,0,1,1
2743,1,,1,0,1,1
2744,1,,1,0,1,1
2746,1,,1,0,1,1
2747,1,,1,0,1,1
2748,1,,1,0,1,1
2749,1,,1,0,1,1
2750,1,,1,0,1,1
2751,1,,1,0,1,1
2752,1,,1,0,1,1
2753,1,,1,0,1,1
2754,1,,1,0,1,1
2755,1,,1,0,1,1
2756,1,,1,1,1,0
2757,1,,1,0,1,1
2758,1,,1,0,1,1
2760,1,,1,0,1,1
2761,1,,1,0,1,1
2762,1,,1,0,1,1
2763,1,,1,0,1,1
2764,1,,1,0,1,1
2766,1,,1,0,1,1
2767,1,,1,0,1,1
2768,1,,1,0,1,1
2772,1,,1,0,1,1
2773,1,,1,0,1,1
2777,1,,1,0,1,1
2778,1,,1,0,1,1
2779,1,,1,0,1,1
2780,1,,1,0,1,1
2781,1,,1,0,1,1
2782,1,,1,0,1,1
2783,1,,1,0,1,1
2784,1,,1,0,1,1
2785,1,,1,1,1,0
2786,1,,1,1,1,0
2787,1,,1,1,1,0
2788,1,,1,1,1,0
2789,1,,1,0,1,1
2790,1,,1,0,1,1
2791,1,,1,0,1,1
2792,1,,1,0,1,1
2793,1,,1,0,1,1
2798,1,,1,0,1,1
2799,1,,1,0,1,1
2800,1,,1,1,1,0
2804,1,,1,1,1,0
2805,1,,1,0,1,1
2809,1,,1,0,1,1
2810,1,,1,0,1,1
2811,1,,1,0,1,1
2812,1,,1,1,1,0
2813,1,,1,0,1,1
2814,1,,1,1,1,0
2815,1,,1,0,1,1
2816,1,,1,0,1,1
2817,1,,1,0,1,1
2818,1,,1,0,1,1
2819,1,,1,0,1,1
2820,1,,1,0,1,1
2821,1,,1,0,1,1
2822,1,,1,0,1,1
2823,1,,1,1,1,0
2824,1,,1,1,1,0
2825,1,,1,0,1,1
2826,1,,1,0,1,1
2827,1,,1,1,1,0
2828,1,,1,0,1,1
2829,1,,1,0,1,1
2830,1,,1,0,1,1
2831,1,,1,1,1,0
2832,1,,1,0,1,1
2834,1,,1,0,1,1
2836,1,,1,0,1,1
2837,1,,1,0,1,1
2838,1,,1,0,1,1
2839,1,,1,0,1,1
2840,1,,1,1,1,0
2841,1,,1,0,1,1
2842,1,,1,1,1,0
2843,1,,1,0,1,1
2844,1,,1,0,1,1
2845,1,,1,1,1,0
2846,1,,1,0,1,1
2847,1,,1,0,1,1
2848,1,,1,0,1,1
2849,1,,1,1,1,0
2850,1,,1,0,1,1
2851,1,,1,1,1,0
2852,1,,1,1,1,0
2853,1,,1,0,1,1
2854,1,,1,1,1,0
2855,1,,1,1,1,0
2856,1,,1,0,1,1
2857,1,,1,0,1,1
2858,1,,1,0,1,1
2859,1,,1,0,1,1
2860,1,,1,0,1,1
2861,1,,1,0,1,1
2862,1,,1,1,1,0
2863,1,,1,0,1,1
2864,1,,1,0,1,1
2867,1,,1,0,1,1
2868,1,,1,1,1,0
2869,1,,1,0,1,1
2870,1,,1,0,1,1
2871,1,,1,0,1,1
2872,1,,1,0,1,1
2873,1,,1,1,1,0
2874,1,,1,0,1,1
2875,1,,1,0,1,1
2876,1,,1,0,1,1
2877,1,,1,0,1,1
2878,1,,1,1,1,0
2879,1,,1,0,1,1
2880,1,,1,0,1,1
2881,1,,1,0,1,1
2882,1,,1,0,1,1
2883,1,,1,0,1,1
2884,1,,1,0,1,1
2886,1,,1,0,1,1
2887,1,,1,0,1,1
2888,1,,1,0,1,1
2894,1,,1,0,1,1
2895,1,,1,0,1,1
2896,1,,1,1,1,0
2897,1,,1,0,1,1
2898,1,,1,0,1,1
2899,1,,1,0,1,1
2900,1,,1,0,1,1
2901,1,,1,1,1,0
2903,1,,1,0,1,1
2904,1,,1,0,1,1
2905,1,,1,0,1,1
2906,1,,1,0,1,1
2907,1,,1,0,1,1
2908,1,,1,0,1,1
2909,1,,1,0,1,1
2910,1,,1,0,1,1
2911,1,,1,1,1,0
2912,1,,1,0,1,1
2913,1,,1,0,1,1
2914,1,,1,1,1,0
2915,1,,1,0,1,1
2916,1,,1,0,1,1
2917,1,,1,0,1,1
2918,1,,1,0,1,1
2919,1,,1,0,1,1
2920,1,,1,0,1,1
2922,1,,1,0,1,1
2923,1,,1,1,1,0
2924,1,,1,0,1,1
2925,1,,1,0,1,1
2926,1,,1,0,1,1
2929,1,,1,0,1,1
2930,1,,1,0,1,1
2931,1,,1,0,1,1
2932,1,,1,0,1,1
2933,1,,1,1,1,0
2934,1,,1,0,1,1
2935,1,,1,0,1,1
2936,1,,1,0,1,1
2940,1,,1,0,1,1
2941,1,,1,0,1,1
2942,1,,1,0,1,1
2945,1,,1,0,1,1
2946,1,,1,1,1,0
2947,1,,1,0,1,1
2949,1,,1,1,1,0
2950,1,,1,0,1,1
2951,1,,1,1,1,0
2952,1,,1,0,1,1
2953,1,,1,0,1,1
2954,1,,1,0,1,1
2955,1,,1,0,1,1
2956,1,,1,0,1,1
2957,1,,1,1,1,0
2958,1,,1,0,1,1
2959,1,,1,0,1,1
2960,1,,1,0,1,1
2963,1,,1,0,1,1
2966,1,,1,0,1,1
2971,1,,1,0,1,1
2972,1,,1,0,1,1
2973,1,,1,1,1,0
2977,1,,1,0,1,1
2978,1,,1,0,1,1
2979,1,,1,0,1,1
2980,1,,1,1,1,0
2981,1,,1,0,1,1
2982,1,,1,0,1,1
2985,1,,1,0,1,1
2986,1,,1,0,1,1
2987,1,,1,0,1,1
2988,1,,1,0,1,1
2989,1,,1,0,1,1
2990,1,,1,0,1,1
2991,1,,1,1,1,0
2992,1,,1,1,1,0
2993,1,,1,0,1,1
2994,1,,1,0,1,1
2995,1,,1,1,1,0
2996,1,,1,1,1,0
2997,1,,1,0,1,1
2998,1,,1,0,1,1
2999,1,,1,0,1,1
3000,1,,1,1,1,0
3001,1,,1,0,1,1
3002,1,,1,1,1,0
3003,1,,1,0,1,1
3004,1,,1,0,1,1
3005,1,,1,0,1,1
3006,1,,1,0,1,1
3007,1,,1,0,1,1
3008,1,,1,1,1,0
3009,1,,1,0,1,1
3010,1,,1,0,1,1
3011,1,,1,0,1,1
3012,1,,1,0,1,1
3013,1,,1,0,1,1
3014,1,,1,0,1,1
3015,1,,1,1,1,0
3016,1,,1,0,1,1
3017,1,,1,0,1,1
3018,1,,1,0,1,1
3019,1,,1,0,1,1
3020,1,,1,1,1,0
3021,1,,1,1,1,0
3022,1,,1,1,1,0
3023,1,,1,0,1,1
3024,1,,1,0,1,1
3025,1,,1,1,1,0
3026,1,,1,1,1,0
3027,1,,1,0,1,1
3028,1,,1,0,1,1
3029,1,,1,0,1,1
3030,1,,1,0,1,1
3031,1,,1,1,1,0
3032,1,,1,1,1,0
3036,1,,1,0,1,1
3037,1,,1,0,1,1
3038,1,,1,0,1,1
3039,1,,1,0,1,1
3040,1,,1,1,1,0
3041,1,,1,1,1,0
3042,1,,1,0,1,1
3043,1,,1,0,1,1
3044,1,,1,1,1,0
3045,1,,1,0,1,1
3047,1,,1,1,1,0
3048,1,,1,0,1,1
3049,1,,1,0,1,1
3050,1,,1,0,1,1
3051,1,,1,1,1,0
3052,1,,1,0,1,1
3053,1,,1,0,1,1
3054,1,,1,0,1,1
3057,1,,1,0,1,1
3058,1,,1,0,1,1
3059,1,,1,0,1,1
3060,1,,1,1,1,0
3061,1,,1,0,1,1
3062,1,,1,0,1,1
3063,1,,1,1,1,0
3064,1,,1,1,1,0
3065,1,,1,0,1,1
3070,1,,1,0,1,1
3071,1,,1,0,1,1
3072,1,,1,0,1,1
3073,1,,1,0,1,1
3074,1,,1,0,1,1
3075,1,,1,0,1,1
3076,1,,1,0,1,1
3077,1,,1,0,1,1
3079,1,,1,1,1,0
3080,1,,1,0,1,1
3081,1,,1,1,1,0
3086,1,,1,0,1,1
3087,1,,1,0,1,1
3088,1,,1,0,1,1
3089,1,,1,0,1,1
3090,1,,1,1,1,0
3091,1,,1,0,1,1
3092,1,,1,0,1,1
3093,1,,1,0,1,1
3094,1,,1,1,1,0
3095,1,,1,0,1,1
3096,1,,1,0,1,1
3097,1,,1,0,1,1
3098,1,,1,0,1,1
3099,1,,1,0,1,1
3100,1,,1,0,1,1
3101,1,,1,1,1,0
3102,1,,1,0,1,1
3103,1,,1,0,1,1
3104,1,,1,0,1,1
