action,openwhisk_cold,pagurus_cold
1,12,1
2,0,0
3,37,16
4,19,2
5,1,0
9,15,7
10,10,2
11,31,1
12,8,5
13,26,2
14,28,2
15,11,2
16,27,2
17,31,10
18,37,4
19,441,50
20,15,2
21,15,1
22,27,7
23,415,18
24,14,3
25,399,44
26,399,40
27,29,2
28,78,7
29,145,3
30,19,10
31,1,0
32,25,8
33,5,2
34,15,5
35,2,1
36,20,13
37,26,0
38,2,0
39,36,7
40,19,1
41,2,0
42,48,4
43,16,9
44,7,1
45,398,23
46,4,2
47,121,16
48,24,24
49,5,1
50,10,8
51,2,1
52,4,4
53,8,0
54,28,4
55,13,1
56,10,10
57,30,4
58,2,0
59,1,0
60,34,4
61,10,11
62,25,8
63,1,0
64,2,0
65,25,6
66,28,3
67,0,0
68,5,1
69,10,6
70,31,13
71,32,5
72,24,3
73,387,6
74,0,0
75,2,0
76,7,2
77,26,8
78,2,0
79,0,0
80,1,0
81,162,14
82,9,1
83,40,12
84,42,2
85,1,0
86,10,2
87,30,13
88,20,3
89,3,0
90,0,3
91,3,1
92,3,0
93,26,2
94,0,0
95,1,0
96,4,0
97,4,2
98,0,0
99,6,1
100,1,0
101,1,1
102,7,1
103,8,4
104,0,0
105,1,0
106,0,0
107,5,5
108,31,4
109,20,2
110,7,2
111,1,0
112,98,6
113,22,4
114,1,0
115,11,4
116,0,0
117,9,0
118,109,6
119,0,0
120,0,0
121,30,27
122,3,0
123,2,0
124,1,1
125,10,3
126,2,0
127,5,1
128,145,9
129,0,2
130,1,0
131,1,0
132,0,1
133,1,0
134,6,0
135,0,0
136,2,3
137,1,0
138,18,4
139,1,0
140,22,6
141,46,12
142,0,0
143,35,3
144,9,3
145,46,22
146,15,5
147,3,0
148,25,12
149,10,3
150,7,1
152,15,7
153,0,1
154,1,0
155,0,0
156,0,0
157,5,0
158,0,0
159,40,10
160,25,7
161,0,1
162,2,2
163,0,0
164,2,0
165,2,2
166,19,4
167,9,0
168,1,1
169,12,1
170,7,2
171,7,3
172,6,0
173,3,1
174,2,0
175,2,2
176,1,0
177,2,1
178,9,4
179,18,3
180,4,3
181,8,1
182,10,0
183,0,0
184,0,0
185,0,0
186,0,0
187,0,0
188,1,0
189,0,0
190,0,0
191,0,0
192,0,0
193,4,2
194,1,0
195,1,0
196,1,0
197,0,0
198,0,1
199,1,1
200,1,1
201,0,0
202,4,2
203,0,0
204,215,12
205,0,0
206,3,1
207,2,1
208,0,0
209,3,1
210,0,0
211,10,8
212,0,0
213,0,0
214,1,0
215,25,5
216,0,0
217,0,0
218,0,0
219,49,4
220,1,0
221,27,1
222,7,1
223,8,2
224,1,0
225,15,4
226,1,1
227,6,0
228,1,0
229,0,0
230,0,0
231,34,2
232,38,5
233,22,4
234,109,7
235,0,0
236,0,0
237,0,0
238,1,0
239,0,0
240,2,4
241,55,3
242,46,6
243,0,0
244,1,0
245,22,6
246,8,3
247,13,2
248,0,1
249,21,0
250,6,0
251,19,6
252,3,0
253,0,0
254,7,3
255,0,1
256,0,0
257,1,0
258,0,0
259,0,0
260,0,1
261,0,0
262,0,0
263,0,0
264,1,1
265,0,0
266,0,0
267,0,0
268,0,0
269,0,1
270,1,0
271,0,1
272,0,0
273,0,0
274,0,1
275,0,0
276,0,0
277,0,0
278,0,0
279,0,0
280,1,0
281,0,0
282,0,0
283,0,1
284,0,0
285,0,0
286,2,0
287,0,0
288,0,1
289,0,0
290,0,0
291,0,0
292,0,0
293,0,0
294,2,1
295,0,0
296,0,0
297,0,2
298,0,1
299,0,0
300,0,0
301,0,0
302,0,0
303,0,0
304,0,0
305,0,0
306,0,0
307,1,0
308,0,0
309,0,0
310,0,1
311,0,0
312,2,0
313,0,0
314,0,0
315,0,0
316,0,0
317,0,1
318,0,0
319,0,0
320,0,0
321,0,0
322,0,0
323,0,0
324,0,0
325,0,0
326,0,0
327,1,0
328,0,0
329,0,0
330,0,0
331,0,0
332,0,0
333,0,0
334,0,0
335,0,0
336,0,0
337,0,0
338,0,0
339,0,2
340,0,0
341,4,1
342,0,0
343,0,0
344,0,0
345,0,0
346,1,2
347,0,0
348,0,0
349,0,0
350,0,0
351,0,0
352,0,0
353,0,0
354,0,0
355,0,0
356,0,0
357,0,0
358,0,0
359,2,0
360,0,0
361,1,0
362,0,1
363,0,0
364,0,0
365,0,1
366,0,0
367,0,0
368,1,0
369,0,0
370,0,0
371,2,0
372,0,0
373,0,0
374,0,0
375,0,0
376,0,0
377,0,0
378,0,0
379,0,0
380,0,0
381,0,1
382,0,0
383,0,0
384,0,0
385,0,0
386,0,0
387,0,0
388,0,0
389,0,0
390,0,0
391,0,0
392,0,0
393,0,0
394,2,1
395,0,0
396,0,0
397,0,0
398,0,1
399,0,0
400,0,0
401,0,0
402,1,0
403,1,2
404,1,0
405,0,0
406,0,0
407,0,0
408,0,0
409,0,0
410,4,0
411,0,0
412,0,0
413,0,0
414,0,0
415,0,0
416,0,0
417,0,0
418,0,0
419,0,0
420,0,0
421,6,3
422,0,0
423,16,1
424,0,0
425,5,0
426,0,0
427,10,1
428,0,0
429,0,0
430,1,0
431,2,1
432,0,3
433,65,15
434,4,0
435,21,1
436,7,0
437,10,4
438,4,0
439,15,0
440,0,0
441,0,0
442,1,1
443,24,2
444,0,0
445,0,1
446,0,0
447,0,0
448,15,1
449,43,34
450,1,0
451,0,0
452,15,2
453,8,1
454,3,0
455,10,8
456,0,1
457,34,0
458,37,6
459,1,2
460,0,0
461,0,0
462,11,8
463,6,2
464,20,4
465,0,0
467,5,0
468,27,5
469,0,2
470,0,0
471,19,2
472,33,0
473,6,2
475,0,0
476,9,1
477,0,0
478,5,0
479,0,0
480,9,3
481,0,0
482,0,0
483,0,0
484,0,0
485,0,0
486,0,0
487,11,4
488,0,0
489,0,0
490,0,0
491,0,0
492,0,0
493,0,0
494,0,0
495,0,0
496,0,0
497,0,0
498,0,0
499,0,0
500,0,0
501,0,0
502,0,0
503,0,0
504,0,0
505,0,0
506,0,0
507,0,0
508,0,0
509,0,0
510,0,0
511,0,0
512,0,0
513,0,0
514,0,0
515,1,0
516,10,1
517,22,2
518,0,0
519,0,0
520,0,0
521,0,0
523,1,0
524,5,1
525,10,5
526,6,0
527,0,0
528,0,0
529,6,2
530,23,5
531,10,1
532,14,2
533,1,0
534,1,0
535,0,0
536,14,5
537,0,0
538,0,0
539,0,0
540,0,0
541,0,0
542,0,0
543,6,3
544,0,0
545,13,1
546,13,2
547,40,8
548,0,0
549,1,0
550,0,0
551,21,4
552,4,1
553,54,2
554,0,0
555,17,2
556,18,2
557,7,1
558,1,2
559,16,2
560,28,5
561,0,0
562,0,0
563,0,0
564,0,2
565,0,0
566,0,0
567,10,2
568,12,3
569,0,1
570,0,0
571,0,0
572,0,0
573,0,0
574,0,0
575,0,0
576,0,0
577,0,0
578,0,0
579,0,0
580,0,0
581,0,0
582,0,0
583,0,0
584,0,1
585,46,3
586,0,0
587,0,0
588,0,0
589,0,0
590,0,0
591,0,0
592,0,0
593,0,0
594,0,0
595,0,0
596,0,0
597,0,0
598,0,0
599,0,0
600,0,0
601,0,0
602,0,0
603,0,0
604,0,0
605,0,0
606,0,0
607,0,0
608,0,0
609,0,0
610,0,0
611,0,0
612,0,0
613,0,0
614,0,0
615,0,0
616,0,0
617,0,0
618,0,0
619,0,0
620,0,0
621,0,0
622,0,0
623,0,0
624,0,0
625,0,0
626,0,0
627,0,0
628,0,0
629,0,0
630,0,0
631,0,0
632,0,0
633,1,2
634,10,6
635,17,1
636,0,0
637,24,2
638,0,0
639,10,1
640,24,2
641,15,6
642,25,7
643,15,5
644,1,0
645,0,0
646,11,5
647,0,0
648,0,0
649,24,5
650,1,0
651,0,0
652,26,1
653,12,1
654,7,0
655,5,2
656,24,2
657,0,0
658,0,0
659,27,11
660,0,0
661,0,0
662,19,2
663,0,1
664,33,5
665,2,0
669,15,4
670,0,0
671,0,1
672,8,2
673,0,0
674,0,0
675,0,0
676,0,0
677,0,0
678,2,0
679,23,3
680,0,1
681,0,0
682,0,0
683,0,0
684,0,0
685,0,0
686,0,0
687,0,0
688,0,0
689,0,0
690,0,0
691,0,0
692,0,0
693,0,0
694,5,0
695,0,0
696,0,0
697,0,0
698,0,0
699,26,2
700,19,1
701,12,3
702,0,0
703,69,2
704,0,0
705,8,3
706,9,3
707,15,5
708,3,3
709,19,2
710,26,1
711,22,2
712,13,5
713,1,0
714,0,0
715,0,0
716,0,0
717,0,0
718,10,5
719,0,0
720,1,0
721,0,0
722,0,0
723,10,2
724,0,0
725,1,0
726,0,0
727,0,0
728,0,0
729,2,0
730,12,3
731,3,1
732,12,5
733,13,2
734,0,0
735,21,3
736,2,0
737,1,1
738,0,0
739,0,1
740,0,0
741,0,0
742,22,7
743,0,0
744,0,0
745,0,0
746,0,2
747,0,1
748,0,0
749,0,0
750,0,0
751,0,0
752,0,0
753,0,0
754,0,0
755,0,0
756,0,0
757,0,0
758,3,2
759,0,0
760,0,0
761,0,0
762,0,0
763,0,0
764,0,0
765,0,0
766,0,0
767,0,0
768,0,0
769,0,0
770,0,0
771,0,0
772,0,0
773,0,0
774,0,0
775,0,0
776,0,0
777,0,0
778,0,0
779,0,0
780,0,0
781,0,0
782,0,1
783,0,0
784,0,0
785,0,0
786,0,0
787,0,0
788,0,0
789,0,0
790,0,0
791,0,0
792,0,0
793,0,0
794,0,0
795,0,0
796,0,0
797,0,0
798,0,0
799,0,0
800,0,0
801,0,0
802,0,0
803,0,0
804,0,0
805,0,0
806,0,0
807,0,0
808,0,1
809,0,0
810,0,0
811,0,0
812,0,0
813,46,0
814,0,0
815,0,0
816,0,0
817,0,0
818,0,0
819,0,0
820,0,0
821,0,0
822,0,0
823,0,0
824,0,0
825,0,0
826,0,0
827,0,0
828,0,0
829,0,0
830,0,0
831,0,0
832,0,0
833,0,0
834,0,0
835,0,0
836,0,0
837,0,0
838,0,0
839,0,0
840,0,0
841,0,0
842,0,0
843,0,0
844,0,0
845,0,0
846,0,0
847,0,0
848,0,1
849,0,0
850,0,0
851,0,0
852,0,0
853,0,0
854,0,0
855,0,0
856,0,0
857,0,0
858,0,0
859,0,0
860,0,0
861,0,0
862,0,0
863,0,0
864,0,0
865,0,0
866,0,0
867,0,0
868,0,0
869,0,0
870,0,0
871,0,0
872,0,0
873,0,0
874,0,0
875,0,1
876,0,0
877,0,0
878,0,0
879,0,0
880,0,0
881,0,0
882,0,0
883,0,0
884,0,0
885,0,0
886,0,0
887,0,0
888,0,0
889,0,0
890,0,0
891,0,0
892,0,0
893,0,1
894,46,10
895,0,0
896,0,0
897,0,0
898,0,0
899,0,0
900,0,0
901,0,0
902,0,0
903,0,0
904,0,0
905,0,0
906,0,0
907,0,0
908,0,0
909,0,0
910,0,0
911,0,0
912,0,1
913,0,0
914,0,0
915,0,0
916,0,0
917,0,0
918,0,0
919,0,0
920,0,0
921,0,0
922,0,0
923,0,0
924,0,0
925,0,0
926,0,0
927,0,0
928,0,0
929,0,0
930,0,0
931,0,0
932,0,0
933,0,0
934,0,0
935,0,1
936,0,0
937,0,0
938,0,0
939,0,0
940,0,0
941,0,0
942,0,0
943,0,0
944,0,0
945,0,0
946,0,0
947,0,0
948,0,0
949,0,0
950,0,0
951,0,0
952,0,0
953,0,0
954,0,0
955,0,0
956,0,0
957,0,0
958,0,0
959,0,0
960,0,0
961,0,0
962,0,0
963,0,0
964,0,0
965,0,0
966,0,0
967,0,0
968,0,0
969,0,0
970,0,0
971,0,0
972,0,0
973,0,0
974,0,0
975,0,0
976,0,0
977,0,0
978,0,0
979,0,0
980,0,0
981,0,0
982,0,0
983,0,0
984,0,0
985,0,0
986,0,0
987,0,0
988,0,0
989,0,0
990,0,0
991,0,0
992,0,0
993,0,0
994,0,0
995,0,0
996,0,0
997,0,0
998,0,0
999,0,0
1000,0,1
1001,0,0
1002,0,0
1003,0,0
1004,0,0
1005,0,0
1006,0,0
1007,0,0
1008,0,0
1009,0,0
1010,0,0
1011,0,0
1012,0,1
1013,0,0
1014,0,0
1015,0,0
1016,0,0
1017,0,0
1018,0,0
1019,1,1
1020,0,0
1021,1,0
1022,0,0
1023,0,0
1024,0,0
1025,2,0
1026,15,0
1027,0,0
1028,1,0
1029,0,0
1030,1,0
1031,0,0
1032,15,4
1033,3,1
1034,3,0
1035,28,4
1036,3,0
1037,6,1
1038,17,1
1039,0,0
1040,11,0
1041,6,2
1042,0,0
1043,12,2
1044,22,7
1045,10,1
1046,0,0
1047,23,3
1048,13,3
1049,4,0
1050,2,0
1051,23,7
1052,0,0
1053,0,0
1054,24,5
1055,14,2
1056,16,1
1057,0,0
1058,6,0
1059,4,0
1060,11,3
1061,13,3
1062,8,0
1063,0,0
1064,3,0
1065,0,0
1066,16,1
1067,5,0
1068,23,6
1069,5,0
1070,3,4
1071,15,4
1072,5,0
1073,1,0
1074,12,3
1075,5,0
1076,14,2
1077,43,4
1078,25,6
1079,23,4
1080,19,5
1081,25,2
1082,2,0
1083,27,3
1084,4,1
1085,17,1
1086,19,4
1087,1,0
1088,16,3
1089,0,0
1090,0,0
1091,7,2
1092,0,0
1093,1,0
1094,0,0
1095,21,5
1096,4,4
1097,6,2
1098,1,0
1099,28,3
1100,31,5
1101,2,0
1102,27,5
1103,7,2
1104,19,5
1105,33,4
1106,0,0
1107,0,0
1108,0,0
1109,1,0
1110,0,0
1111,18,2
1112,0,0
1113,0,0
1114,1,0
1115,25,2
1116,0,0
1117,0,0
1118,0,0
1119,0,0
1120,0,0
1121,25,0
1122,28,4
1123,2,1
1124,2,1
1125,26,0
1126,0,0
1127,24,8
1128,24,2
1129,4,0
1130,12,3
1131,0,0
1132,0,0
1133,5,4
1134,1,1
1135,34,3
1136,2,0
1137,19,4
1138,20,4
1139,25,10
1140,16,3
1141,16,5
1142,32,3
1143,0,0
1144,1,0
1145,12,1
1146,0,0
1147,0,0
1148,0,0
1149,0,0
1150,23,5
1151,0,0
1152,36,8
1153,0,0
1154,0,0
1155,0,0
1156,0,0
1157,0,2
1158,0,0
1159,0,0
1160,0,0
1161,0,0
1162,0,0
1163,23,9
1164,0,0
1165,0,0
1166,23,6
1167,0,0
1168,0,0
1169,0,0
1170,1,0
1171,0,0
1172,0,1
1173,0,0
1174,0,0
1175,0,0
1176,0,0
1177,1,0
1178,0,0
1179,0,0
1180,8,1
1181,0,0
1182,0,0
1183,0,0
1184,0,0
1185,0,0
1186,0,0
1187,0,0
1188,0,0
1189,0,0
1190,0,0
1191,0,0
1192,0,0
1193,0,0
1194,0,1
1195,0,0
1196,0,0
1197,0,0
1198,0,0
1199,0,0
1200,0,0
1201,0,0
1202,0,0
1203,0,0
1204,0,0
1205,0,0
1206,0,0
1207,0,0
1208,0,0
1209,5,5
1210,1,0
1211,0,0
1212,2,0
1213,10,1
1214,0,0
1215,0,0
1216,0,0
1217,46,2
1218,16,3
1219,17,5
1220,16,5
1221,16,1
1222,1,0
1223,0,0
1224,18,0
1225,18,4
1226,26,4
1227,2,1
1228,20,1
1229,24,7
1230,31,5
1231,28,3
1232,23,6
1233,11,0
1234,5,2
1235,10,3
1236,25,0
1237,33,8
1238,23,5
1239,2,2
1240,1,1
1241,10,7
1242,0,0
1243,23,8
1244,33,3
1245,46,4
1246,24,2
1247,27,2
1248,33,4
1249,27,6
1250,32,2
1251,36,3
1252,33,6
1253,32,8
1254,0,0
1255,20,3
1256,31,6
1257,33,6
1258,35,4
1259,29,7
1260,30,3
1261,32,2
1262,30,10
1263,41,2
1264,31,3
1265,10,3
1266,5,2
1267,22,4
1268,24,5
1269,35,5
1270,38,6
1271,33,9
1272,2,0
1273,3,0
1275,2,1
1276,20,1
1277,13,2
1278,30,0
1279,24,3
1280,3,0
1281,14,0
1282,8,1
1283,1,0
1284,32,5
1285,13,2
1286,34,9
1287,35,1
1288,0,0
1289,7,3
1290,36,4
1291,32,7
1292,48,4
1293,7,1
1294,2,0
1295,45,0
1296,33,0
1297,42,4
1298,40,6
1299,40,3
1300,46,2
1301,37,1
1302,45,4
1303,2,0
1304,46,5
1305,37,3
1306,42,3
1307,40,5
1308,44,1
1309,44,6
1310,38,5
1311,44,4
1312,42,9
1313,47,5
1314,42,10
1315,41,12
1316,44,4
1317,44,1
1318,41,5
1319,38,5
1320,46,4
1321,23,5
1322,5,2
1323,38,5
1324,35,8
1325,43,5
1326,41,5
1327,41,4
1328,48,5
1329,36,4
1330,35,10
1331,35,4
1332,41,11
1333,42,3
1334,38,4
1335,41,4
1336,69,0
1337,38,6
1338,41,9
1339,39,5
1340,37,1
1341,38,2
1342,37,7
1343,41,3
1344,39,0
1345,43,8
1346,43,4
1347,42,8
1348,45,3
1349,42,6
1350,41,7
1351,69,0
1352,35,2
1353,42,4
1354,34,5
1355,43,8
1356,41,7
1357,37,1
1358,43,3
1359,38,2
1360,34,9
1361,38,4
1362,31,2
1363,42,9
1364,40,6
1365,39,5
1366,38,1
1367,40,8
1368,43,3
1369,39,3
1370,44,2
1371,39,5
1372,46,2
1373,38,4
1374,41,1
1375,38,4
1376,40,9
1377,43,7
1378,39,1
1379,39,3
1380,45,4
1381,45,3
1382,41,11
1383,45,5
1384,41,3
1385,45,6
1386,37,4
1387,39,3
1388,36,4
1389,49,3
1390,39,6
1391,48,6
1392,33,7
1393,25,6
1394,2,0
1395,13,2
1396,0,0
1397,1,1
1398,43,2
1399,44,5
1400,22,1
1401,2,0
1402,3,0
1403,23,4
1404,1,0
1405,30,6
1406,9,2
1407,0,0
1408,36,3
1409,18,3
1410,20,4
1411,16,1
1412,4,3
1413,4,0
1414,2,0
1415,2,0
1416,3,0
1417,24,4
1418,44,3
1419,3,0
1420,8,0
1421,23,5
1422,2,0
1423,3,0
1424,2,0
1425,2,0
1426,7,3
1427,46,2
1428,69,0
1429,29,5
1430,29,1
1431,8,1
1432,1,0
1433,69,2
1434,2,1
1435,70,3
1436,69,1
1437,69,1
1438,69,5
1439,23,4
1440,69,4
1441,69,3
1442,69,2
1443,4,3
1444,46,4
1445,46,2
1446,14,3
1447,46,2
1448,69,3
1449,21,5
1450,21,6
1451,19,5
1452,23,8
1453,1,0
1454,2,0
1455,30,1
1457,3,0
1458,3,2
1459,31,1
1460,2,1
1461,16,3
1462,12,1
1463,1,1
1464,14,2
1465,4,0
1466,1,0
1467,2,1
1468,1,0
1469,1,0
1470,13,2
1472,8,1
1473,18,4
1474,1,0
1475,16,3
1476,27,4
1477,7,1
1478,28,1
1479,1,0
1480,23,3
1481,1,0
1482,8,3
1483,8,0
1484,16,5
1485,25,2
1486,3,2
1487,26,5
1488,24,6
1489,23,2
1490,19,2
1491,14,1
1492,28,8
1493,18,2
1494,46,4
1495,3,1
1496,46,1
1497,46,0
1498,46,3
1499,46,7
1500,46,1
1501,35,3
1502,26,6
1503,46,0
1504,46,0
1505,46,4
1506,46,1
1507,46,0
1508,23,0
1509,46,2
1510,46,7
1511,23,9
1512,46,5
1513,46,1
1514,46,2
1515,46,2
1516,46,0
1517,11,2
1518,46,2
1519,46,6
1520,46,2
1521,46,2
1522,46,2
1523,46,5
1524,46,2
1525,46,0
1526,46,2
1527,46,4
1528,46,2
1529,46,6
1530,46,6
1531,23,6
1532,46,2
1533,46,0
1534,46,5
1535,46,5
1536,46,0
1537,46,6
1538,46,5
1539,46,5
1540,46,1
1541,46,0
1542,23,5
1543,46,3
1544,47,2
1545,38,6
1546,46,2
1547,46,5
1548,46,0
1549,45,0
1550,46,2
1551,46,0
1552,46,4
1553,46,7
1554,46,1
1555,18,5
1556,23,2
1557,2,0
1558,23,5
1559,46,6
1560,46,5
1561,23,4
1562,9,4
1563,32,3
1564,16,3
1565,15,1
1566,28,3
1567,25,8
1568,22,4
1569,17,4
1570,33,4
1571,7,2
1572,2,1
1573,25,9
1574,5,0
1575,33,2
1576,23,3
1577,20,4
1578,7,1
1579,16,5
1580,2,0
1581,16,4
1582,10,5
1583,2,0
1584,2,0
1585,16,6
1586,1,0
1587,27,5
1588,27,4
1589,27,0
1590,1,0
1591,20,2
1592,18,1
1593,18,1
1594,7,2
1595,1,0
1596,4,0
1598,19,3
1599,18,3
1600,1,0
1601,3,0
1602,7,1
1603,5,1
1604,4,1
1605,11,1
1606,1,1
1607,2,0
1608,23,3
1609,7,3
1610,20,3
1611,23,0
1612,27,6
1613,27,5
1614,17,0
1615,6,0
1616,13,0
1617,2,0
1618,8,1
1619,19,2
1620,14,2
1621,7,2
1622,27,5
1623,21,1
1624,7,1
1626,2,1
1627,10,1
1628,5,0
1629,23,5
1630,3,1
1631,6,4
1632,1,0
1633,3,0
1634,19,4
1635,14,1
1636,25,5
1638,32,1
1639,6,0
1640,10,1
1641,22,1
1642,28,1
1643,6,3
1644,5,1
1645,3,2
1646,2,0
1647,5,1
1648,10,2
1649,1,0
1650,7,4
1651,9,2
1652,2,0
1653,2,0
1654,1,0
1655,3,0
1656,1,0
1657,17,3
1658,2,2
1659,1,0
1660,8,1
1661,23,3
1662,4,3
1663,2,0
1665,23,5
1666,11,0
1667,27,3
1668,3,1
1669,2,0
1670,23,5
1671,2,0
1672,25,7
1673,23,3
1674,7,0
1675,1,0
1676,23,4
1677,23,2
1678,17,4
1679,6,0
1680,3,0
1681,23,5
1682,23,8
1683,23,5
1684,23,7
1685,23,5
1686,23,5
1687,23,6
1688,23,4
1689,23,5
1690,23,4
1691,23,6
1692,23,7
1693,23,2
1694,23,4
1695,23,5
1696,23,3
1697,22,5
1698,23,6
1699,23,1
1700,23,3
1701,23,5
1702,23,8
1703,23,9
1704,23,6
1705,23,7
1706,23,5
1707,23,4
1708,23,5
1709,23,8
1710,23,8
1711,23,8
1712,23,7
1713,23,7
1714,22,2
1715,23,7
1716,23,7
1717,23,2
1718,23,7
1719,23,5
1720,23,3
1721,23,7
1722,23,2
1723,23,5
1724,23,5
1725,23,3
1726,23,3
1727,23,6
1728,23,3
1729,23,5
1730,23,3
1731,23,5
1732,23,7
1733,23,6
1734,23,2
1735,23,9
1736,23,1
1737,23,10
1738,23,13
1739,23,3
1740,22,3
1741,23,3
1742,23,4
1743,23,5
1744,23,6
1745,23,6
1746,23,6
1747,23,6
1748,23,3
1749,23,9
1750,23,3
1751,23,5
1752,23,4
1753,1,0
1754,18,7
1755,23,5
1756,23,3
1757,23,8
1758,23,6
1759,16,4
1760,23,2
1761,23,5
1762,23,5
1763,23,5
1764,2,0
1765,23,7
1766,23,5
1767,23,5
1768,23,4
1769,23,9
1770,23,3
1771,23,6
1772,10,1
1773,23,1
1774,23,3
1775,23,6
1776,23,4
1777,23,4
1778,23,6
1779,23,5
1780,22,6
1781,23,1
1782,23,4
1783,23,3
1784,23,7
1785,23,6
1786,23,2
1787,23,8
1788,23,4
1789,23,6
1790,23,4
1791,22,3
1792,23,4
1793,23,1
1794,23,4
1795,23,7
1796,24,3
1797,23,4
1798,23,2
1799,23,2
1800,23,7
1801,23,2
1802,23,5
1803,23,4
1804,23,4
1805,23,6
1806,23,4
1807,23,6
1808,23,6
1809,23,4
1810,23,5
1811,23,5
1812,23,3
1813,23,6
1814,23,2
1815,23,7
1816,23,4
1817,23,1
1818,23,5
1819,23,5
1820,23,2
1821,23,2
1822,23,1
1823,23,2
1824,23,6
1825,23,7
1826,23,5
1827,22,5
1828,23,7
1829,23,4
1830,23,3
1831,23,4
1832,23,2
1833,2,0
1834,21,2
1835,23,2
1836,17,3
1837,12,2
1838,23,1
1840,23,3
1841,6,2
1842,1,0
1843,1,0
1844,4,1
1845,7,0
1846,23,6
1847,2,1
1848,22,3
1849,2,1
1850,6,0
1851,21,4
1852,1,1
1853,2,0
1854,1,0
1855,1,0
1856,3,0
1857,12,3
1858,15,3
1859,4,0
1860,2,0
1861,1,0
1862,20,5
1863,10,1
1864,11,3
1865,3,0
1866,6,0
1867,9,4
1868,12,5
1869,14,3
1870,20,5
1871,8,4
1872,9,1
1873,2,0
1874,12,1
1875,13,3
1876,20,3
1877,2,0
1878,1,0
1879,7,0
1880,17,6
1881,1,0
1882,14,5
1883,4,1
1884,3,0
1885,2,1
1886,2,1
1887,7,1
1888,15,2
1889,2,0
1890,9,1
1891,14,4
1892,11,7
1893,4,0
1894,5,2
1895,4,2
1896,8,0
1897,12,4
1898,9,2
1899,1,0
1900,7,1
1901,3,0
1902,10,1
1903,2,1
1904,12,3
1905,5,1
1906,4,1
1907,7,1
1908,1,0
1909,6,0
1910,7,0
1911,13,1
1912,6,0
1913,7,2
1914,3,1
1915,2,0
1916,7,0
1918,5,0
1919,1,0
1920,15,4
1921,2,0
1922,5,2
1923,2,0
1924,9,2
1925,5,0
1926,8,2
1927,4,1
1928,3,0
1929,2,0
1930,12,4
1931,1,0
1932,2,0
1933,5,0
1934,11,2
1935,15,2
1936,8,4
1937,10,0
1938,1,1
1940,4,2
1941,9,1
1942,1,1
1943,7,1
1944,2,1
1945,3,0
1946,3,2
1947,10,1
1948,5,3
1949,7,2
1950,5,1
1951,9,1
1952,3,0
1953,4,1
1954,5,2
1955,13,2
1956,2,1
1957,3,0
1958,6,1
1959,2,1
1960,13,1
1961,11,4
1962,12,3
1963,12,3
1964,12,4
1965,8,1
1966,4,1
1967,11,2
1968,11,2
1969,11,2
1970,11,1
1971,3,0
1972,1,1
1973,11,2
1974,11,2
1975,1,0
1976,8,1
1977,11,4
1978,5,0
1979,12,2
1980,2,1
1981,8,2
1982,12,2
1983,1,0
1984,11,4
1985,11,4
1986,5,2
1987,3,1
1988,2,0
1989,11,5
1990,11,1
1991,12,4
1992,4,2
1993,2,1
1994,8,2
1995,8,3
1996,5,0
1997,5,2
1998,5,0
1999,11,1
2000,8,1
2001,10,3
2002,7,2
2003,8,1
2004,9,2
2005,3,0
2006,10,3
2007,5,2
2008,4,0
2009,3,1
2010,5,0
2011,9,0
2012,9,3
2013,2,1
2014,1,0
2015,2,1
2016,9,0
2017,5,1
2018,5,1
2019,4,1
2020,7,0
2021,1,0
2022,9,1
2023,5,0
2024,9,4
2025,10,2
2026,1,0
2027,3,0
2028,2,0
2029,1,0
2030,2,0
2031,1,0
2032,9,0
2033,3,1
2034,1,0
2035,2,0
2036,3,1
2037,2,0
2038,1,0
2039,1,0
2040,9,4
2041,9,4
2042,6,2
2043,1,0
2044,1,0
2045,8,1
2046,9,0
2047,2,0
2048,1,0
2049,7,0
2050,8,2
2051,6,2
2052,7,3
2053,7,1
2054,3,1
2055,1,0
2056,4,2
2057,6,2
2058,4,1
2059,2,0
2060,5,2
2061,7,4
2062,7,1
2063,8,1
2064,1,0
2065,1,0
2066,2,0
2067,2,1
2068,3,0
2069,3,0
2070,7,0
2071,6,1
2072,1,0
2073,7,2
2074,8,1
2075,8,1
2076,2,0
2077,4,0
2078,1,1
2079,7,3
2080,1,0
2081,1,1
2082,6,3
2083,6,4
2084,2,0
2085,1,0
2086,7,0
2087,3,0
2088,5,0
2089,37,5
2090,3,1
2091,1,1
2092,6,3
2093,4,1
2094,4,2
2095,4,1
2096,3,3
2097,5,4
2098,1,1
2099,7,1
2100,7,4
2101,4,1
2102,1,0
2103,7,0
2104,1,0
2105,2,0
2106,3,0
2107,2,0
2108,3,0
2109,6,1
2110,6,0
2111,5,3
2112,23,3
2113,5,0
2114,6,1
2115,6,1
2116,6,0
2117,5,1
2118,1,0
2119,2,0
2120,3,0
2121,6,1
2122,5,0
2123,5,0
2124,5,0
2125,5,0
2126,1,0
2127,1,0
2128,2,1
2129,4,0
2130,1,1
2131,1,0
2132,5,1
2133,5,2
2134,1,0
2135,1,0
2136,5,2
2137,2,1
2138,2,0
2139,1,1
2140,1,1
2141,5,1
2142,6,0
2143,1,0
2144,1,1
2145,5,1
2146,6,1
2147,3,0
2148,2,2
2149,6,1
2150,5,1
2151,5,0
2152,1,1
2153,5,1
2154,6,4
2155,5,0
2156,5,0
2157,4,2
2158,4,0
2159,5,2
2160,3,1
2162,3,2
2163,3,0
2164,1,0
2165,2,0
2166,5,1
2167,6,3
2168,3,0
2169,1,0
2170,1,0
2171,1,0
2172,1,0
2173,3,0
2174,4,0
2175,4,0
2176,5,0
2177,4,1
2178,4,1
2179,1,0
2180,5,1
2182,2,0
2183,1,0
2184,2,0
2185,5,2
2186,1,0
2187,1,1
2188,2,1
2189,4,2
2190,3,0
2191,5,1
2192,2,2
2193,1,1
2194,1,0
2195,2,0
2196,5,2
2197,3,0
2198,1,0
2199,4,1
2200,1,1
2201,2,1
2202,1,0
2203,4,1
2204,1,0
2205,3,0
2206,4,0
2207,5,1
2208,3,0
2209,1,1
2210,4,2
2211,3,0
2212,2,0
2213,2,0
2214,4,0
2215,3,0
2216,3,0
2217,1,1
2218,1,0
2219,1,1
2220,1,1
2221,4,1
2222,3,0
2223,2,0
2225,1,1
2226,3,0
2227,2,0
2228,2,0
2229,1,0
2230,1,0
2231,1,1
2232,1,0
2233,4,0
2234,2,0
2235,1,0
2236,3,0
2237,3,0
2238,4,1
2239,2,0
2240,3,2
2241,3,0
2242,3,0
2243,3,0
2244,1,1
2245,1,0
2246,2,0
2247,1,1
2248,1,0
2249,4,0
2250,23,7
2251,4,1
2252,4,2
2253,3,1
2254,1,0
2255,1,0
2256,2,1
2257,3,0
2258,1,0
2259,1,0
2260,2,1
2261,3,1
2262,4,0
2263,2,0
2264,2,0
2265,4,1
2266,2,0
2267,2,0
2268,4,1
2269,3,2
2270,2,0
2271,4,1
2272,3,0
2273,1,0
2274,2,1
2275,3,0
2276,3,2
2277,3,0
2278,4,1
2279,4,1
2280,3,0
2281,1,1
2282,2,0
2283,1,0
2284,3,0
2285,3,0
2286,1,0
2287,2,0
2288,1,0
2289,2,0
2290,1,1
2291,2,0
2292,1,0
2293,2,2
2294,2,0
2295,3,0
2296,3,1
2297,3,0
2298,1,1
2299,1,0
2300,1,0
2301,3,0
2302,3,0
2303,1,0
2304,2,2
2305,2,0
2306,1,0
2307,3,3
2308,3,0
2309,11,1
2310,2,0
2311,1,1
2312,2,2
2313,1,0
2314,1,0
2315,3,1
2317,1,0
2318,1,0
2319,1,0
2320,1,1
2321,2,2
2322,2,0
2323,1,0
2324,1,0
2325,1,0
2326,1,1
2327,3,3
2328,1,1
2329,1,0
2330,3,0
2331,2,1
2332,3,0
2333,1,1
2334,1,0
2335,3,1
2336,1,0
2337,3,0
2338,2,0
2339,1,0
2340,2,0
2341,1,0
2342,3,0
2343,3,0
2344,3,2
2345,1,1
2346,2,2
2347,2,0
2348,1,0
2349,1,1
2350,3,0
2351,3,1
2352,1,0
2353,2,0
2354,1,0
2355,1,0
2356,2,0
2357,2,0
2358,1,0
2359,3,0
2360,3,0
2361,1,1
2362,2,0
2363,2,0
2364,2,1
2365,1,0
2366,1,1
2367,1,0
2368,1,0
2369,1,0
2370,1,0
2371,2,1
2372,2,0
2373,2,0
2374,2,0
2375,2,2
2376,2,0
2377,1,0
2378,1,0
2379,1,1
2380,1,0
2381,1,0
2382,2,0
2383,1,0
2384,2,1
2385,2,1
2386,1,0
2387,2,0
2388,1,1
2389,1,0
2390,1,0
2391,1,0
2392,2,0
2393,1,0
2394,1,1
2396,2,0
2397,2,1
2398,1,1
2401,1,0
2402,1,0
2403,2,1
2404,1,0
2405,1,0
2406,1,0
2407,2,0
2408,1,1
2409,2,0
2410,2,1
2411,1,1
2412,1,0
2414,2,1
2415,1,1
2416,1,0
2417,2,1
2418,1,0
2419,2,0
2420,2,0
2421,1,0
2422,2,1
2423,2,0
2424,2,2
2425,1,0
2426,2,0
2428,1,0
2429,2,0
2430,2,1
2431,2,1
2432,2,0
2433,2,1
2434,2,1
2435,1,0
2436,1,1
2437,2,0
2438,2,1
2439,2,0
2440,2,0
2441,1,1
2442,1,0
2443,2,1
2444,1,0
2445,1,0
2446,1,0
2447,1,1
2448,1,0
2449,1,0
2450,2,1
2451,2,0
2452,1,0
2453,2,0
2454,1,0
2455,1,1
2456,1,1
2457,2,1
2458,1,0
2459,1,0
2460,2,0
2461,1,0
2462,1,0
2463,0,0
2464,1,0
2465,2,1
2466,2,1
2467,2,1
2468,1,0
2469,1,0
2470,1,1
2471,2,1
2472,1,0
2473,2,1
2474,2,0
2475,2,0
2477,2,0
2479,1,1
2480,1,0
2481,2,0
2482,1,0
2483,1,0
2484,1,0
2485,2,0
2486,1,0
2487,1,0
2488,22,2
2489,1,1
2490,1,0
2491,1,0
2492,1,0
2494,2,0
2495,1,0
2496,1,1
2497,1,0
2498,2,0
2499,2,0
2500,2,0
2501,1,0
2502,2,1
2503,1,1
2504,2,0
2505,1,0
2506,1,1
2507,2,0
2508,1,1
2509,1,0
2510,1,0
2511,2,0
2512,1,0
2514,2,0
2515,2,0
2516,2,1
2517,2,0
2518,1,1
2519,1,1
2520,1,1
2521,1,0
2522,1,1
2523,1,0
2525,1,0
2526,1,0
2527,1,0
2528,2,0
2537,1,0
2538,1,0
2539,1,0
2540,1,0
2541,1,0
2542,1,0
2543,1,1
2544,1,0
2545,1,0
2546,1,0
2547,1,0
2548,1,0
2549,1,0
2550,1,1
2551,1,0
2552,1,1
2553,1,0
2554,1,0
2555,1,0
2556,1,0
2557,1,0
2558,1,0
2559,1,0
2560,1,0
2561,1,0
2562,1,0
2563,1,1
2564,1,1
2565,1,0
2566,1,0
2567,1,0
2568,1,0
2569,1,0
2570,1,0
2571,1,0
2572,1,0
2573,1,0
2574,1,0
2575,1,0
2576,1,1
2578,1,0
2579,1,0
2580,1,0
2581,1,1
2585,1,1
2586,1,0
2587,1,0
2588,1,0
2589,1,0
2590,1,0
2591,1,0
2592,1,0
2593,1,1
2594,1,0
2595,1,0
2596,1,1
2597,1,1
2598,1,1
2599,1,1
2600,1,1
2601,1,0
2602,1,0
2603,1,1
2604,1,0
2605,1,1
2606,1,0
2607,1,1
2608,1,0
2609,1,0
2610,1,0
2611,1,0
2612,1,0
2614,1,1
2615,1,0
2616,1,0
2617,1,0
2618,1,0
2619,1,0
2620,1,0
2621,1,1
2623,1,0
2624,1,0
2625,1,1
2626,1,0
2627,1,0
2628,1,0
2630,1,1
2631,1,0
2632,1,0
2633,1,0
2634,1,0
2635,1,1
2636,1,0
2637,1,0
2638,1,0
2639,1,0
2640,1,0
2641,1,0
2642,1,0
2643,1,0
2644,1,0
2645,1,1
2646,1,0
2647,1,0
2648,1,1
2649,1,0
2650,1,0
2651,1,1
2652,1,0
2653,1,0
2654,1,0
2655,1,0
2656,1,0
2657,1,0
2658,1,0
2659,1,0
2660,1,1
2661,1,0
2662,1,0
2663,1,0
2664,1,0
2670,1,0
2673,1,0
2674,1,1
2675,1,0
2676,1,0
2677,1,1
2679,1,0
2680,1,1
2681,1,0
2682,1,0
2683,1,0
2684,1,0
2685,1,0
2686,1,0
2687,1,0
2688,1,0
2689,1,1
2690,1,0
2691,1,0
2692,1,1
2694,1,0
2695,1,1
2696,1,0
2697,1,0
2698,1,1
2699,1,0
2700,1,0
2701,1,0
2702,1,1
2703,1,0
2704,1,0
2705,1,0
2706,1,0
2707,1,0
2708,1,0
2709,1,0
2710,1,0
2711,1,0
2712,1,0
2713,1,0
2714,1,0
2715,1,0
2716,1,0
2717,1,0
2718,1,0
2719,1,0
2720,1,1
2726,1,0
2727,1,0
2728,1,0
2729,1,0
2730,1,0
2731,1,0
2732,1,0
2733,1,1
2737,1,1
2738,1,0
2739,1,0
2740,1,0
2742,1,0
2743,1,0
2744,1,0
2746,1,0
2747,1,0
2748,1,0
2749,1,0
2750,1,0
2751,1,0
2752,1,0
2753,1,0
2754,1,0
2755,1,0
2756,1,1
2757,1,0
2758,1,0
2760,1,0
2761,1,0
2762,1,0
2763,1,0
2764,1,0
2766,1,0
2767,1,0
2768,1,0
2772,1,0
2773,1,0
2777,1,0
2778,1,0
2779,1,0
2780,1,0
2781,1,0
2782,1,0
2783,1,0
2784,1,0
2785,1,1
2786,1,1
2787,1,1
2788,1,1
2789,1,0
2790,1,0
2791,1,0
2792,1,0
2793,1,0
2798,1,0
2799,1,0
2800,1,1
2804,1,1
2805,1,0
2809,1,0
2810,1,0
2811,1,0
2812,1,1
2813,1,0
2814,1,1
2815,1,0
2816,1,0
2817,1,0
2818,1,0
2819,1,0
2820,1,0
2821,1,0
2822,1,0
2823,1,1
2824,1,1
2825,1,0
2826,1,0
2827,1,1
2828,1,0
2829,1,0
2830,1,0
2831,1,1
2832,1,0
2834,1,0
2836,1,0
2837,1,0
2838,1,0
2839,1,0
2840,1,1
2841,1,0
2842,1,1
2843,1,0
2844,1,0
2845,1,1
2846,1,0
2847,1,0
2848,1,0
2849,1,1
2850,1,0
2851,1,1
2852,1,1
2853,1,0
2854,1,1
2855,1,1
2856,1,0
2857,1,0
2858,1,0
2859,1,0
2860,1,0
2861,1,0
2862,1,1
2863,1,0
2864,1,0
2867,1,0
2868,1,1
2869,1,0
2870,1,0
2871,1,0
2872,1,0
2873,1,1
2874,1,0
2875,1,0
2876,1,0
2877,1,0
2878,1,1
2879,1,0
2880,1,0
2881,1,0
2882,1,0
2883,1,0
2884,1,0
2886,1,0
2887,1,0
2888,1,0
2894,1,0
2895,1,0
2896,1,1
2897,1,0
2898,1,0
2899,1,0
2900,1,0
2901,1,1
2903,1,0
2904,1,0
2905,1,0
2906,1,0
2907,1,0
2908,1,0
2909,1,0
2910,1,0
2911,1,1
2912,1,0
2913,1,0
2914,1,1
2915,1,0
2916,1,0
2917,1,0
2918,1,0
2919,1,0
2920,1,0
2922,1,0
2923,1,1
2924,1,0
2925,1,0
2926,1,0
2929,1,0
2930,1,0
2931,1,0
2932,1,0
2933,1,1
2934,1,0
2935,1,0
2936,1,0
2940,1,0
2941,1,0
2942,1,0
2945,1,0
2946,1,1
2947,1,0
2949,1,1
2950,1,0
2951,1,1
2952,1,0
2953,1,0
2954,1,0
2955,1,0
2956,1,0
2957,1,1
2958,1,0
2959,1,0
2960,1,0
2963,1,0
2966,1,0
2971,1,0
2972,1,0
2973,1,1
2977,1,0
2978,1,0
2979,1,0
2980,1,1
2981,1,0
2982,1,0
2985,1,0
2986,1,0
2987,1,0
2988,1,0
2989,1,0
2990,1,0
2991,1,1
2992,1,1
2993,1,0
2994,1,0
2995,1,1
2996,1,1
2997,1,0
2998,1,0
2999,1,0
3000,1,1
3001,1,0
3002,1,1
3003,1,0
3004,1,0
3005,1,0
3006,1,0
3007,1,0
3008,1,1
3009,1,0
3010,1,0
3011,1,0
3012,1,0
3013,1,0
3014,1,0
3015,1,1
3016,1,0
3017,1,0
3018,1,0
3019,1,0
3020,1,1
3021,1,1
3022,1,1
3023,1,0
3024,1,0
3025,1,1
3026,1,1
3027,1,0
3028,1,0
3029,1,0
3030,1,0
3031,1,1
3032,1,1
3036,1,0
3037,1,0
3038,1,0
3039,1,0
3040,1,1
3041,1,1
3042,1,0
3043,1,0
3044,1,1
3045,1,0
3047,1,1
3048,1,0
3049,1,0
3050,1,0
3051,1,1
3052,1,0
3053,1,0
3054,1,0
3057,1,0
3058,1,0
3059,1,0
3060,1,1
3061,1,0
3062,1,0
3063,1,1
3064,1,1
3065,1,0
3070,1,0
3071,1,0
3072,1,0
3073,1,0
3074,1,0
3075,1,0
3076,1,0
3077,1,0
3079,1,1
3080,1,0
3081,1,1
3086,1,0
3087,1,0
3088,1,0
3089,1,0
3090,1,1
3091,1,0
3092,1,0
3093,1,0
3094,1,1
3095,1,0
3096,1,0
3097,1,0
3098,1,0
3099,1,0
3100,1,0
3101,1,1
3102,1,0
3103,1,0
3104,1,0
