id,host,action,time,exec,lender,renter
0073e56eeb094844bb13e9462dfb35df,172.20.185.120,linpack,1610285474.0286016,0,0,0
00cbf3312a6c424996cdcd8d8b00d225,172.20.185.122,network,1610285493.160639,0,0,0
0156801d94cd421daef9d3956b9b58da,172.20.185.122,disk,1610285453.1278133,0,0,0
01ec00c79942419c8651f3b8461cc8c9,172.20.185.119,linpack,1610285458.7710373,0,0,0
0283b4d79b6a47e891a1a943c3bd2add,172.20.185.123,map_reduce,1610285499.1228943,0,0,0
02c1961003554f30ae8649a699ab7791,172.20.185.122,k-means,1610285448.1427476,0,0,0
030f0f62ad59449da5c5a57ffca3aad5,172.20.185.119,image,1610285478.7703493,0,0,0
04c6aa4de291452aa70b592842b6444c,172.20.185.119,k-means,1610285458.7564979,0,0,0
051cf94a5f704a5f866eb3fe0389b161,172.20.185.122,k-means,1610285498.1488047,0,0,0
05236cc3b6cb4f3184e15796fba86c28,172.20.185.120,k-means,1610285474.039917,0,0,0
05d0effd4e2b4b3faf6c0c515a592ff0,172.20.185.119,linpack,1610285483.7793436,0,0,0
05ef1498b4aa4628acd5944ffa5b493f,172.20.185.119,k-means,1610285498.762768,0,0,0
06a206969682429b8d67b09cddc30104,172.20.185.119,float_operation,1610285473.7809985,0,0,0
06c04bc1412e44419b8dabe7cbd35d7e,172.20.185.120,matmul,1610285494.037789,0,0,0
07a81bc0022a4550a6238e5f7c5ed7d2,172.20.185.122,video,1610285478.1773648,0,0,0
07b7e513cbf74b8888f71e82455c31e9,172.20.185.121,image,1610285474.534905,0,0,0
08063d554c3e4351b5fabe5c33950f5c,172.20.185.120,couchdb_test,1610285494.0211031,0,0,0
096ef4efa8bd4fb19e0cf92fbfac2fc6,172.20.185.121,linpack,1610285474.513591,0,0,0
09a26779637748d9a177c65b5c8f8304,172.20.185.122,disk,1610285448.1280947,0,0,0
09b171088231434794d8fad5f6d5a922,172.20.185.120,linpack,1610285469.0273004,0,0,0
0aca643c7376421aa3ad4d71a4f9c521,172.20.185.121,video,1610285484.5212882,0,0,0
0b37b32cb4c142b4aa877385d5456336,172.20.185.121,k-means,1610285469.497528,0,0,0
0ba47d7c98db4ffca38653107e0ca26f,172.20.185.123,markdown2html,1610285469.1037557,0,0,0
0d167825527b4f39b4a181fac24c968d,172.20.185.120,markdown2html,1610285489.0246422,0,0,0
0dc680ba4a6945b4b61f7f14339e1acf,172.20.185.122,disk,1610285483.131577,0,0,0
0e6a90df3e1842fe84abe74e900d4794,172.20.185.121,image,1610285499.5354686,0,0,0
0f1e079d89734ae98f2598cfa30d6d54,172.20.185.119,map_reduce,1610285493.7911844,0,0,0
0f4e2ba4cf704368996e8fe8e8abace9,172.20.185.123,linpack,1610285484.1424952,0,0,0
109259fc004a4ebca1bfd8a58eee7964,172.20.185.121,map_reduce,1610285469.5272534,0,0,0
11119d7816a4432282d773364a8629f3,172.20.185.120,float_operation,1610285494.048074,0,0,0
116755795c7840119bb5686db7e87b20,172.20.185.119,disk,1610285478.7903602,0,0,0
11d467f6c3a04d34a8a8346a6b5c3681,172.20.185.119,linpack,1610285478.7752626,0,0,0
12a67b34c602462ca72e9e5834577ee3,172.20.185.121,video,1610285479.5186374,0,0,0
12cfcc653ab94048a4cc6f9a16cec1ba,172.20.185.121,float_operation,1610285489.5046504,0,0,0
13404d460b1842de9f681744de3f067e,172.20.185.119,image,1610285458.7662241,0,0,0
13def9ae4167448a84171537f1e410ab,172.20.185.123,disk,1610285469.1352813,0,0,0
13f0f9ab60164be89395bcc46627767e,172.20.185.119,video,1610285498.8005354,0,0,0
164aa22112b94c0fa14ba0fcebd458be,172.20.185.123,markdown2html,1610285489.1054082,0,0,0
16b0cc91706242ceaf3004d73ce1c943,172.20.185.122,video,1610285473.178868,0,0,0
16b505ad77be45e49e647c48d4b70afd,172.20.185.122,float_operation,1610285458.1495697,0,0,0
16cc27963f59471cacfe6a0af8a1e970,172.20.185.121,float_operation,1610285499.505042,0,0,0
16cfa89e033249c4a28cc233e506b7e8,172.20.185.122,float_operation,1610285498.1538882,0,0,0
173dd06d337847228a474371f267400c,172.20.185.120,network,1610285469.0532851,0,0,0
1755f2a47ca64c6cb8746e6329d52558,172.20.185.123,network,1610285479.1257017,0,0,0
182affeaa0544d359104cb80c8e8f579,172.20.185.120,disk,1610285499.0093348,0,0,0
197a04ceb0414064a003ce29611deab3,172.20.185.120,float_operation,1610285489.045992,0,0,0
1a36857edc0c4aef9500de2fb3b8e0f3,172.20.185.122,linpack,1610285478.171425,0,0,0
1ba7ee8b8b7b44fc9157892803f2643d,172.20.185.120,linpack,1610285489.0298908,0,0,0
1baefc706a004720821f0baa7dd85606,172.20.185.121,linpack,1610285479.5136917,0,0,0
1bf3901e35424bc4b205cd81416d3ce5,172.20.185.121,k-means,1610285499.4997907,0,0,0
1c3409bda72e4e3abeacc56177e890ff,172.20.185.122,linpack,1610285498.175098,0,0,0
1d7f0c944bb84fad8880274255b0f783,172.20.185.121,float_operation,1610285469.5027158,0,0,0
1db6a04453dd4b31abde1138dae5db17,172.20.185.123,couchdb_test,1610285479.1152356,0,0,0
1dcf09ab3ccc4f2fbc9e3854c05e62c2,172.20.185.122,linpack,1610285448.1661654,0,0,0
1e9e80af66324e59bbc8aa25232ac8c7,172.20.185.119,matmul,1610285463.7485569,0,0,0
1ec9bcc54b174cf69944067d1bac4d9b,172.20.185.121,markdown2html,1610285494.5479288,0,0,0
205aa77f6d964043a8526b0f53fbd3be,172.20.185.120,matmul,1610285479.0346336,0,0,0
2149f17cb66a43c98ed9b4f2fc8c45e5,172.20.185.120,markdown2html,1610285494.026353,0,0,0
217f1458aa3d4d73883e999572a19d02,172.20.185.119,linpack,1610285488.7781398,0,0,0
21c772fb01434e75a45a3c909e5024c3,172.20.185.120,network,1610285479.0558407,0,0,0
221f3c422a8b4bee948eb77716cc999b,172.20.185.123,k-means,1610285479.1536396,0,0,0
22f67c3f6eb3400f8dc1c49d5c8a9471,172.20.185.122,k-means,1610285478.1466246,0,0,0
2329add70af04359ab7fc922938900fe,172.20.185.119,markdown2html,1610285473.7661629,0,0,0
23795c04a0b14bf68c433d472c28f4d9,172.20.185.123,k-means,1610285489.1543865,0,0,0
2466ab6c9a8e45768f8275e8c564706f,172.20.185.121,network,1610285469.5469942,0,0,0
24b9ac07b30d488aaa02094a7d049b66,172.20.185.120,image,1610285499.0150802,0,0,0
24be366c5a1145039d46cf3bde61846f,172.20.185.120,float_operation,1610285484.0461426,0,0,0
263423fbf8b346829af7e85d024bf4a4,172.20.185.123,k-means,1610285494.1575766,0,0,0
265f86f916914ce98a77a2df3a140172,172.20.185.120,markdown2html,1610285474.023749,0,0,0
26f3f4491a474444b03377f6439ccf6e,172.20.185.120,float_operation,1610285474.0448241,0,0,0
2864974227484b339e01b6b48a702f76,172.20.185.121,disk,1610285484.541093,0,0,0
2870c4867d244175b61934b112627f03,172.20.185.122,markdown2html,1610285468.1357758,0,0,0
29120976626d4d85903f1bc5f392b02f,172.20.185.120,float_operation,1610285469.0428822,0,0,0
2acb7b256f594fe5aecb2bf066d072d7,172.20.185.120,linpack,1610285479.0282776,0,0,0
2ae34152e1044ba38721674ef9f8c591,172.20.185.121,network,1610285479.548725,0,0,0
2bd8ae6090ba41aa905e53258d04ed8c,172.20.185.119,map_reduce,1610285478.7852812,0,0,0
2c11d097fb7c496a9e7aa0ebe115f206,172.20.185.120,markdown2html,1610285479.0229316,0,0,0
2c786938539f46989c2f114d3748048a,172.20.185.119,couchdb_test,1610285478.7446172,0,0,0
2ca7cabf535a479097d5539729f0c869,172.20.185.119,couchdb_test,1610285468.7427988,0,0,0
2d4f4aeff0494f9ea416022dd55038f2,172.20.185.122,map_reduce,1610285493.1273055,0,0,0
2df59bc299e542e2a58423402a554c0e,172.20.185.121,video,1610285489.5207126,0,0,0
2e1c61b10018447aaab616c43a3e58e7,172.20.185.121,linpack,1610285484.515598,0,0,0
2e4df482ca95454887110312617c24e3,172.20.185.122,k-means,1610285468.1456628,0,0,0
2fef4e3cf9b04d0884edb661b6797510,172.20.185.119,linpack,1610285493.7803183,0,0,0
3031fe70257140548944d2bbf44bd819,172.20.185.122,k-means,1610285463.1465638,0,0,0
3066ef03adb549a78286c1d92f9123a3,172.20.185.121,linpack,1610285494.515944,0,0,0
3151ad74ef1048f6bbc90e6ee5c28013,172.20.185.120,markdown2html,1610285484.024985,0,0,0
318e67cc8ab14b8392ec88f4ba4cdbbb,172.20.185.119,markdown2html,1610285478.7652981,0,0,0
31e6b0b099c24dc1963e8135f96bd75a,172.20.185.123,image,1610285469.1457088,0,0,0
32b562b2705c4df29be7394fa7085714,172.20.185.119,disk,1610285468.7899253,0,0,0
32cd3694258c4951bbdb9ab3fbdd3a25,172.20.185.122,matmul,1610285458.1594872,0,0,0
33ec66ad54c84d83bbee451922227106,172.20.185.119,k-means,1610285483.7629066,0,0,0
33fe3281d6ca41e1b0126b82954ff5df,172.20.185.119,linpack,1610285473.7760415,0,0,0
360bcfb5304b41cc9bfd2e3c21a3711d,172.20.185.120,linpack,1610285484.0307205,0,0,0
36cd975d83e64770a64db44ce38c0202,172.20.185.119,couchdb_test,1610285488.74615,0,0,0
371c84ad8d8d45e99374d42f3dcb939d,172.20.185.123,matmul,1610285499.1330092,0,0,0
382167f6d6284c74a08e5d6a0d0d27b1,172.20.185.123,video,1610285499.158631,0,0,0
3a289f760c7f4fb2bf1d39ba0d83d9cc,172.20.185.120,video,1610285494.053202,0,0,0
3c6cb1278feb4ee89e81b910ead4eefc,172.20.185.123,couchdb_test,1610285484.1154249,0,0,0
3c957a95e706487393ed994b99f3fa82,172.20.185.122,couchdb_test,1610285473.1686237,0,0,0
3cbf9c5e4e8b4b958cff934ab0e6569b,172.20.185.121,map_reduce,1610285499.5304272,0,0,0
3d40566c17714e0d8c954c434b0e8f2d,172.20.185.122,matmul,1610285478.1615636,0,0,0
3d78f9953d6f46139643fc6a374e9ca5,172.20.185.121,linpack,1610285499.515358,0,0,0
3d992c7cf7a240c0a4ebf912339f97fc,172.20.185.122,k-means,1610285473.1474476,0,0,0
3db9078282884a769ba50eaefaabefb1,172.20.185.120,image,1610285469.0117967,0,0,0
3e3b94d525fd42ccba8018b85526d9f2,172.20.185.119,image,1610285493.7750819,0,0,0
3fd7d8a465be4c3682ac04b3a8c9ff56,172.20.185.120,network,1610285494.0582054,0,0,0
3fe4c5837f74443f979e401e4c38abae,172.20.185.119,linpack,1610285468.7738895,0,0,0
409d61b8c4bc483883e47b79dd6c74de,172.20.185.122,matmul,1610285488.163065,0,0,0
415d71a1a4bf4a0d84355faa600f70df,172.20.185.122,map_reduce,1610285473.1249135,0,0,0
42ab77f8f3bd4f6e8b9500a7624a3b7a,172.20.185.122,disk,1610285498.1332734,0,0,0
43851a59490941cdab8c3ec65fdcce17,172.20.185.122,couchdb_test,1610285493.170814,0,0,0
43e52e80c9934a69a798add8efa20bc8,172.20.185.122,linpack,1610285488.173309,0,0,0
441ba7e594b04b51901866da084cca74,172.20.185.119,network,1610285463.753542,0,0,0
44209feb899f47408a832be3c8392a65,172.20.185.120,matmul,1610285484.035709,0,0,0
445260c1f03e4caea6e7d8127ea4feba,172.20.185.121,linpack,1610285469.5122433,0,0,0
47623ce806fb40bc95e7df74775e46ab,172.20.185.122,image,1610285448.138081,0,0,0
4879f680bd3643b69037dacc0f861555,172.20.185.119,linpack,1610285498.778914,0,0,0
4963b1d435924880b2d8b9d7706a7431,172.20.185.122,video,1610285468.1748555,0,0,0
498e3cdfd6454ec181287dacdd6b0634,172.20.185.121,disk,1610285469.5370808,0,0,0
49c179c7aa7544ff842225503e6093d7,172.20.185.123,matmul,1610285489.1333349,0,0,0
4a7c8d52627547e49fb65c8af88abc38,172.20.185.120,video,1610285499.052929,0,0,0
4c2af56495f14dd39fb01c781ef1c3f4,172.20.185.123,image,1610285489.1491024,0,0,0
4c3ec9ca8805465b8b58aebc930e11d4,172.20.185.122,float_operation,1610285483.1534145,0,0,0
4d1a9d597a4046949d8221dcbc85441a,172.20.185.123,linpack,1610285479.1427965,0,0,0
4d2880ba976643bc90c48a0170066fb6,172.20.185.119,video,1610285473.7958183,0,0,0
4dbc0513cb73499fa06f6dae34218d77,172.20.185.122,disk,1610285463.1295066,0,0,0
4e74ae6601a8480b87ee192224db32e9,172.20.185.123,matmul,1610285484.132318,0,0,0
4e98811ab03642c7814e304966de9bf1,172.20.185.123,couchdb_test,1610285499.1178517,0,0,0
4f39072f17af4b7391725fea41c6fadc,172.20.185.119,linpack,1610285463.774742,0,0,0
4f5cd8567c524cc9938e0a5cc3b4348c,172.20.185.121,matmul,1610285489.525859,0,0,0
5018e52b75c240f99a02e670a2cbcbc2,172.20.185.121,video,1610285474.5198016,0,0,0
50d632cbda9a4966aeb751d38a88b790,172.20.185.120,float_operation,1610285479.0453365,0,0,0
511c5f76e4ee44638443d25176679346,172.20.185.122,markdown2html,1610285488.137693,0,0,0
5277dc7577a04dbd9d291b57d274b03c,172.20.185.122,matmul,1610285463.1628227,0,0,0
53ab76c4c76743e3855b6d1783cb7192,172.20.185.122,k-means,1610285483.1484313,0,0,0
558a53ea94e04d48a139efb125f0f71c,172.20.185.122,matmul,1610285473.1637626,0,0,0
56378b82ef014c8585294a1c5535ba63,172.20.185.119,disk,1610285488.7941325,0,0,0
565c6a0b1d3f4e53a4d2874aef7e0a53,172.20.185.120,couchdb_test,1610285484.0186384,0,0,0
56992e82d2574c42b2bc16bb71436531,172.20.185.121,matmul,1610285479.5236213,0,0,0
56e21821120d4a738cfd9717170949bd,172.20.185.123,disk,1610285499.13802,0,0,0
57c734aaec6d421b8349a3aef68545c9,172.20.185.121,map_reduce,1610285489.5310478,0,0,0
58d2f4b828a1421bb9243a223e0cbbf4,172.20.185.122,couchdb_test,1610285453.1633148,0,0,0
590accb1de3049f18c0e025f4df3c8ec,172.20.185.119,float_operation,1610285463.7796102,0,0,0
596b772c798c49d2bfa96bf09afca5d5,172.20.185.120,markdown2html,1610285469.0222332,0,0,0
59d12666af3f427eb1e6b60131831578,172.20.185.119,video,1610285458.7902818,0,0,0
59eb9fd1f3ed44e7b7b0c4217e8bf98e,172.20.185.122,float_operation,1610285453.1491368,0,0,0
5ad2eada767b4b7ea86eca6a0ef69b2c,172.20.185.122,markdown2html,1610285478.1364942,0,0,0
5b63b92fa9b747a2a858970a5721f491,172.20.185.121,disk,1610285499.5404665,0,0,0
5baa6fed7eee4d4fa88e8ed0cdb0afeb,172.20.185.122,linpack,1610285473.1739895,0,0,0
5c483c7ea7d64ee09a44266a7da532a4,172.20.185.123,couchdb_test,1610285474.1153035,0,0,0
5d79614d5a274ab88c2049145a729d94,172.20.185.121,video,1610285499.5203898,0,0,0
5e6f7f6424e64b12a050c2f5620c3dbe,172.20.185.122,image,1610285458.1389134,0,0,0
5eeac756068a4413bd3ba2be83c5acb0,172.20.185.121,float_operation,1610285494.505377,0,0,0
5f9084e0a6744c30a6b4e1192e91c29b,172.20.185.119,float_operation,1610285493.7853374,0,0,0
60267a2fd91c444eb3d83a3582e632d4,172.20.185.122,image,1610285498.143612,0,0,0
6063a82092af4d49893998f4f8c7eb10,172.20.185.120,video,1610285489.0514376,0,0,0
6194efcdfdd84b5fa6abcf462cdd418b,172.20.185.122,matmul,1610285483.163842,0,0,0
61c6373853574de6a9fb3dd2ac12351a,172.20.185.121,linpack,1610285489.5147347,0,0,0
62032f93c2624e90b6c0a6b0a48ead57,172.20.185.121,matmul,1610285494.527819,0,0,0
6257d85e8f2b4adfa6ef161e13ea60d6,172.20.185.122,video,1610285483.1789432,0,0,0
62753e4238af428c897f518c3777c54b,172.20.185.120,image,1610285474.0135238,0,0,0
63d43d72c18c4bec989c611861a054e1,172.20.185.122,video,1610285448.1707623,0,0,0
6408ef9ce30f495391344c161237dbca,172.20.185.120,video,1610285469.0480263,0,0,0
648f267b6f6f424a9f429733ecf7693d,172.20.185.122,k-means,1610285458.144257,0,0,0
6688e37c108c470b97ad51c6fb976143,172.20.185.119,image,1610285483.7743337,0,0,0
673880f1ffc442a496741a92a84bb7a4,172.20.185.122,map_reduce,1610285483.125953,0,0,0
678a8fcd40c342feaa3981e3b3844e44,172.20.185.121,k-means,1610285489.499407,0,0,0
67e313de32be442e8c6d714a11924fbe,172.20.185.121,markdown2html,1610285469.5420425,0,0,0
67fa578c2b9e436a956e536a6ffcad81,172.20.185.119,matmul,1610285473.749534,0,0,0
6886dc5a9a504da99012308233200e98,172.20.185.119,couchdb_test,1610285473.7438247,0,0,0
694ebe6502dd47e5841fee9793c0f1ba,172.20.185.123,markdown2html,1610285484.1052103,0,0,0
69a7a793800a44318f35c3e777bccd75,172.20.185.120,map_reduce,1610285474.0596364,0,0,0
69c662e1b15b443eac1edb0ed1f428ab,172.20.185.122,disk,1610285458.1290138,0,0,0
6a41127707514451a0b30ca84d5717ab,172.20.185.123,matmul,1610285479.1309307,0,0,0
6a5a3e4a4672460986bbb7e1fd486f30,172.20.185.123,k-means,1610285499.153085,0,0,0
6af619e5fa2c4120aa75224cc1a97b95,172.20.185.119,map_reduce,1610285498.789756,0,0,0
6b10335a14f84ce8ba99a919f6e09fe9,172.20.185.123,float_operation,1610285499.1119568,0,0,0
6b35156e81d449109528cc60d19e9adc,172.20.185.122,video,1610285463.1772902,0,0,0
6b8f376fd36e416f91d7b53b8a8315ec,172.20.185.123,k-means,1610285469.1508858,0,0,0
6ba773737e3d448e9cb01dcd908e1032,172.20.185.123,network,1610285469.1247463,0,0,0
6bc930aa53a14496a3b05fdb2e295ab4,172.20.185.122,markdown2html,1610285458.134054,0,0,0
6bd0b178f45148828fd12ab027e0c45b,172.20.185.119,network,1610285488.7569494,0,0,0
6c620e249dc6476a8afcd0e0b706d017,172.20.185.119,float_operation,1610285458.775974,0,0,0
6d2cfbd17ada4417a46405df10741e16,172.20.185.122,network,1610285453.1539636,0,0,0
6d752d067dea4ca09301ebee00ea152f,172.20.185.121,video,1610285469.5172427,0,0,0
6d84be4204a34430be4262f39a937e7d,172.20.185.123,k-means,1610285484.1525004,0,0,0
6e4814e726f24e31a9e73559bdf60042,172.20.185.123,video,1610285474.1559587,0,0,0
6ebd4251a78c4c3c811552197c892bd8,172.20.185.122,disk,1610285468.1296515,0,0,0
6ebd930bd2a24ccea1fccabbd074f73e,172.20.185.121,network,1610285489.5510747,0,0,0
6f76c8000f574ba09b76a9c08701ebca,172.20.185.120,map_reduce,1610285484.0610805,0,0,0
6fb1a042aae14f91892c3089fb84a5b0,172.20.185.122,float_operation,1610285478.1515453,0,0,0
700cfc5aa61b4f92b632aa0b418824ff,172.20.185.119,image,1610285468.7686703,0,0,0
7043ab92875b4e3a92fd90c6bbf7406e,172.20.185.121,disk,1610285489.5410135,0,0,0
7149c5811a6a4abba2b0b247c82e14fa,172.20.185.122,map_reduce,1610285478.1257098,0,0,0
7176ea6ffa1b449095be401795d1280b,172.20.185.123,image,1610285479.148189,0,0,0
7188b8d183b54104a071d460aecc2827,172.20.185.119,float_operation,1610285488.7834637,0,0,0
71a84209a2a54469ba7ae7994e38d243,172.20.185.120,disk,1610285494.0089066,0,0,0
7205f12e1715453ba9957fdcf4ccb666,172.20.185.121,map_reduce,1610285479.5285366,0,0,0
7232159fcbcb461385fb919f61997595,172.20.185.121,markdown2html,1610285479.5438747,0,0,0
7255d0990cde4aab9c6ca88ecc2e9308,172.20.185.122,couchdb_test,1610285448.16146,0,0,0
72d11b7d962043aa96c5d03474152eee,172.20.185.119,matmul,1610285493.7521493,0,0,0
730d9512c5ff462ca3ebb7ed51544c5d,172.20.185.119,disk,1610285483.7940826,0,0,0
7391c272df494ad1a8accee75ab55c95,172.20.185.123,disk,1610285474.1362207,0,0,0
74fdf562e9f9452590b2fdd59fb9ee20,172.20.185.120,couchdb_test,1610285499.0205288,0,0,0
75dd80fc0290474c8eb88c7f013575c3,172.20.185.119,k-means,1610285478.7603548,0,0,0
76c78355878743d68a6d450ceca4b392,172.20.185.120,map_reduce,1610285494.0632133,0,0,0
76e7f039d9cc4f7680c49a8a08422442,172.20.185.122,network,1610285498.1599252,0,0,0
770e73238a8f4d8888b4f586ccee738b,172.20.185.122,image,1610285473.1411722,0,0,0
777f3d165a4649d790396fd7f7f0d40d,172.20.185.119,float_operation,1610285468.7790725,0,0,0
778c6b00d882466082c5c4a2c3780294,172.20.185.123,disk,1610285489.1386724,0,0,0
77b2b0dae4d04ce88a49ac40b23bc0ea,172.20.185.123,map_reduce,1610285494.1245584,0,0,0
7869813dca944ea9a3579f9255821e9f,172.20.185.120,disk,1610285484.0083196,0,0,0
7a27bbc8f06a44948d986e36dd983a42,172.20.185.119,markdown2html,1610285468.7635312,0,0,0
7a74c26bea004b0497ce65abc9c0f16b,172.20.185.121,matmul,1610285469.5222049,0,0,0
7b2cf2d222a046c6bb1c8359c3c10d18,172.20.185.119,k-means,1610285488.7621908,0,0,0
7b7f1b16be9e4a13918ad3e86d17fd8a,172.20.185.122,k-means,1610285488.1478453,0,0,0
7b861b4136b3468f8dc8af052a3e6757,172.20.185.120,matmul,1610285474.0350094,0,0,0
7c4d5b1220b44f8a92caadcc5150e7d9,172.20.185.119,video,1610285483.7989173,0,0,0
7c6a89fe3485487ab45f5c4d81060c86,172.20.185.122,map_reduce,1610285468.1240659,0,0,0
7ce5c9dbd1da4ce4a24a6c429c7d1001,172.20.185.122,markdown2html,1610285493.1393063,0,0,0
7db3ddd210f24f6cbec1f6799bd826c4,172.20.185.122,matmul,1610285493.1656196,0,0,0
7dd0a08c337d4a7299690ecfa1b2aaa0,172.20.185.119,couchdb_test,1610285463.7417932,0,0,0
7dd0becced5c44de805ada8fd74d20bd,172.20.185.123,network,1610285494.1309655,0,0,0
7e9225053dde41ca896fd71acba344c5,172.20.185.121,matmul,1610285484.5261962,0,0,0
7ecfb99a6fdd4b2a8f3ccfc86333bd1b,172.20.185.122,couchdb_test,1610285488.1683395,0,0,0
7f2d2fe31a744daeb560d530853c9370,172.20.185.122,linpack,1610285468.169917,0,0,0
7f4f335b93cf4bfe93388eeb27170154,172.20.185.122,k-means,1610285453.1443672,0,0,0
802f1321a9704b679bf843ff3339a1ed,172.20.185.119,video,1610285478.795268,0,0,0
8080d30ca29f4712b9174d464e513203,172.20.185.122,network,1610285448.1520371,0,0,0
80c7b64effb84aa89c36632f48ec67e8,172.20.185.120,map_reduce,1610285489.0619266,0,0,0
81999cae4d734bfcb7d0a72308cb91fb,172.20.185.120,k-means,1610285479.0400314,0,0,0
82768c4dab6f4884931c3ea4e438d726,172.20.185.122,image,1610285483.1420317,0,0,0
831004d838a24d3585f260c877ab0cc3,172.20.185.122,map_reduce,1610285463.123538,0,0,0
83aa563396e94bbcaa189a27eead4286,172.20.185.123,linpack,1610285499.1429236,0,0,0
83dcf500076744c3822400cb11be9a0e,172.20.185.120,image,1610285494.0150878,0,0,0
83e70395d08e46519f1326a5788402d7,172.20.185.121,couchdb_test,1610285489.509742,0,0,0
841d417faf3e4400be4df839aa1c519a,172.20.185.123,float_operation,1610285479.1096067,0,0,0
85f0c22fab62412bbe3d93a60660046e,172.20.185.119,k-means,1610285493.7638469,0,0,0
863d29c47a024af89d34092daf894afc,172.20.185.122,map_reduce,1610285488.1267846,0,0,0
865e5641f6284a229418485fcd08d688,172.20.185.120,map_reduce,1610285479.0612028,0,0,0
86889cee8440448db43471205a36adf9,172.20.185.121,map_reduce,1610285494.5329492,0,0,0
86cd0d7974a94237a5c71c2280a73cfe,172.20.185.120,image,1610285489.014032,0,0,0
86ee9484411f4ef0941b5f666e43b8d8,172.20.185.119,markdown2html,1610285483.7691603,0,0,0
8766e303772540b4a3abc3e8a38ca0c1,172.20.185.119,image,1610285498.773637,0,0,0
88d2f0ef726b41d8a673f28e7fd42d44,172.20.185.119,image,1610285473.771049,0,0,0
89d7edbcea0440d3ad3324f832f5fd49,172.20.185.120,map_reduce,1610285499.0629866,0,0,0
8d1b1677eae74cb5baeb02228e8d6de1,172.20.185.121,image,1610285479.5335104,0,0,0
8d6e6a067ce04c4682c940acdfd40110,172.20.185.122,markdown2html,1610285483.137013,0,0,0
8dcb024c47f24f6f93adfd1ed8425f7f,172.20.185.122,linpack,1610285493.1760738,0,0,0
8df17a39470d444f95bbf68baad9934d,172.20.185.123,network,1610285484.1274028,0,0,0
8e36da251a4c4a668eea1c96f6dd68a4,172.20.185.123,video,1610285479.15885,0,0,0
8f47dc35f991428fac1780f28c2d68a9,172.20.185.122,k-means,1610285493.1493971,0,0,0
90de4464377043d494e5b95d42b3606d,172.20.185.122,network,1610285488.1577518,0,0,0
913bd5115a7942b2ab8bea3effd95928,172.20.185.119,matmul,1610285468.7481074,0,0,0
9412cba3ff514dfb8f05a393711f9e69,172.20.185.123,k-means,1610285474.1509948,0,0,0
942cd9908a52408bbb9f22ff5ac8ede2,172.20.185.123,map_reduce,1610285469.11955,0,0,0
95af42076ef94f0890a215ce0dcecbd4,172.20.185.121,image,1610285489.5358865,0,0,0
960f9e355f5a4a6eb3020b23cd66453b,172.20.185.122,matmul,1610285453.1586533,0,0,0
982d26f069e049b383076e08baf61d45,172.20.185.119,matmul,1610285478.750363,0,0,0
9872d2d81dc444c8b94fb669508b00e1,172.20.185.119,map_reduce,1610285473.7858956,0,0,0
987658e26b8d4f2ba5a7999a8890853c,172.20.185.123,map_reduce,1610285484.1217282,0,0,0
98e25634fead4abda506376a0321ab5f,172.20.185.122,float_operation,1610285488.152734,0,0,0
99ca91bb713d40d8985766ea5bea7e42,172.20.185.121,disk,1610285479.5387845,0,0,0
9a346474831d4336b349ba30b7700d35,172.20.185.119,video,1610285463.795192,0,0,0
9bc30d54bb6a491f89c7d772ecc975e0,172.20.185.122,disk,1610285478.1313834,0,0,0
9ca4b1703e7a4ecd9f0b956a3da98b66,172.20.185.123,matmul,1610285474.1313128,0,0,0
9cdabbb7002a48c99551cf83456a449e,172.20.185.123,image,1610285499.148108,0,0,0
9cf30856728f4980aa1e5ad5a20ef89c,172.20.185.119,disk,1610285498.7952137,0,0,0
9d595f03012942cbbb18ed9a4e8f08dc,172.20.185.119,network,1610285478.755413,0,0,0
9db1c5a7d1b947ca9f88d7d0f573326a,172.20.185.119,float_operation,1610285498.784346,0,0,0
9db957123e33448d9f3cbb5f2ce4a64d,172.20.185.123,image,1610285484.1474924,0,0,0
9dd614187f9e42bbac29428cf97aaea2,172.20.185.123,markdown2html,1610285494.1061907,0,0,0
9f12bb9dfa5b482fafc99a6f0e37ee42,172.20.185.119,markdown2html,1610285458.7613246,0,0,0
9f4cc282d4754b48ac5d404eef89f728,172.20.185.121,video,1610285494.5222678,0,0,0
9f626ec0c01d4096809c67adbc24c717,172.20.185.123,float_operation,1610285489.110817,0,0,0
a13cf74b4a964adcbaa3f221b73a8f9b,172.20.185.122,image,1610285478.141547,0,0,0
a19e2ae7ec6c4fd794720d8862b94ad2,172.20.185.122,float_operation,1610285473.1525233,0,0,0
a1ed236f9c794caa8a29020154c19179,172.20.185.122,map_reduce,1610285453.1223388,0,0,0
a27be9bde32d41948e34806ac5d02105,172.20.185.122,video,1610285458.1739411,0,0,0
a2a5f222d21d4cff99beec3c6cee96e6,172.20.185.122,markdown2html,1610285463.1359043,0,0,0
a2afc943f65d411487ccc4b7fea8da6c,172.20.185.120,k-means,1610285489.040673,0,0,0
a32a62cea6174b5f99d3d3f322771c25,172.20.185.119,float_operation,1610285483.7842472,0,0,0
a3841cd26c2a45f4a5853d84362bfed9,172.20.185.120,linpack,1610285499.031388,0,0,0
a507741a69864545b67e7fe55dcd5f2f,172.20.185.119,k-means,1610285468.7584496,0,0,0
a510d45f127f45bcaa151e07a189efd3,172.20.185.119,network,1610285458.751763,0,0,0
a57aa20203324a709a8f27705e96e3d3,172.20.185.122,markdown2html,1610285453.1328063,0,0,0
a6196eea8ebf4713b06f756b4d1cb581,172.20.185.123,map_reduce,1610285474.1201563,0,0,0
a78dc78b2e2e4151b0de9b02cd4f1411,172.20.185.119,couchdb_test,1610285498.7467618,0,0,0
a7cd03e8eb4742c0909787e52f1f69c5,172.20.185.123,markdown2html,1610285479.104315,0,0,0
a9b07408de64474294c6f7cfdea596aa,172.20.185.123,couchdb_test,1610285469.1144624,0,0,0
aafc12abc9b842db82056668cf509954,172.20.185.120,matmul,1610285469.0324583,0,0,0
ab12d53fc90645f1b7ab486d70f44761,172.20.185.119,map_reduce,1610285463.784473,0,0,0
ac223cd39a8b46a78a5278b1988833a4,172.20.185.120,k-means,1610285484.040616,0,0,0
ad3a4119c6e849f28c3057505311cfa0,172.20.185.119,image,1610285488.7727401,0,0,0
ae279f6a202449648919044c4e24a3d7,172.20.185.121,markdown2html,1610285489.5460992,0,0,0
ae48c0cdbbd24b6199e333ed7d452b01,172.20.185.120,map_reduce,1610285469.0585282,0,0,0
ae899249c2dd40678a96e5bf2e54f102,172.20.185.123,matmul,1610285469.1298354,0,0,0
af114b89ec2c41278566ffa74fbcc3a8,172.20.185.122,network,1610285483.158913,0,0,0
af977f6718834c1c9aabea7d368d5078,172.20.185.119,map_reduce,1610285488.7889135,0,0,0
b021df7082fa45508796d1b19147ffd2,172.20.185.123,image,1610285494.1522138,0,0,0
b13fa456fe8943ffafbb1596c7f94330,172.20.185.119,disk,1610285458.7856092,0,0,0
b23f79abd65e4bcba3300de264064e71,172.20.185.121,k-means,1610285474.4979637,0,0,0
b38736bdbd9041be8b98b085ed31c19c,172.20.185.121,markdown2html,1610285474.5447075,0,0,0
b3dda2cd8ca44cfba24d266a7f568f07,172.20.185.120,couchdb_test,1610285469.0169885,0,0,0
b444df9e4cfb47b78e356027a2853526,172.20.185.121,image,1610285494.5379598,0,0,0
b503c7f1c5f74ba888f241d56dec0f9e,172.20.185.122,couchdb_test,1610285463.1677241,0,0,0
b5b995ad2b6944cf803741b6b0167810,172.20.185.120,disk,1610285474.0071788,0,0,0
b6b01723ce264d13a179990a6a1816c7,172.20.185.122,markdown2html,1610285473.1361217,0,0,0
b6c9a4af10fc4fbc9dcc6191b56a1ef1,172.20.185.119,couchdb_test,1610285483.7454019,0,0,0
b8066d77716c409da33fb23215ec162d,172.20.185.122,image,1610285453.1392806,0,0,0
b94fd4f795ac4e58aec99a4d347b6558,172.20.185.119,matmul,1610285488.751878,0,0,0
b9c4d87a4eca4540846621a8bfdf9af0,172.20.185.119,map_reduce,1610285468.7841294,0,0,0
ba46b46b4f334ff6887fca5506d80b0c,172.20.185.119,image,1610285463.7699533,0,0,0
bb471647551448ed9669d5fe193dd158,172.20.185.120,k-means,1610285494.0429485,0,0,0
bbf5ca1a345242279164790e8d87f5a9,172.20.185.120,image,1610285484.0136645,0,0,0
bbfa03c658f74cffa5f4a9d36bbc4e81,172.20.185.122,couchdb_test,1610285498.1700726,0,0,0
bc0777137b064ed394c34769ddd2e798,172.20.185.122,map_reduce,1610285448.1221395,0,0,0
bccd5ed700b142c9b963be3cc181a6d8,172.20.185.122,network,1610285473.1575007,0,0,0
bd31b72ea882433ba86d984d77533603,172.20.185.121,couchdb_test,1610285484.5092795,0,0,0
bd39386ac96341ce8afe62e1284f786d,172.20.185.121,network,1610285474.5495975,0,0,0
bd8f2a0d4fd0448ab99d2b669e738c7a,172.20.185.121,float_operation,1610285474.5037062,0,0,0
c1be409ecd0543f0b8dd33b38fe8fc81,172.20.185.122,couchdb_test,1610285458.1644113,0,0,0
c1d440e8a4f445ada164411112c171c9,172.20.185.120,disk,1610285469.006268,0,0,0
c2280e57055441a7b295260599940dce,172.20.185.122,couchdb_test,1610285483.1689835,0,0,0
c3913bea31e241f8a5455f39553e73db,172.20.185.123,video,1610285489.1595907,0,0,0
c45bca23228c4199a122f860afdf6390,172.20.185.123,network,1610285474.1263967,0,0,0
c4c037d93ad84ed1b8eb2aa7d113703c,172.20.185.122,network,1610285463.157875,0,0,0
c50d188456484f6093e02e3244aebed5,172.20.185.123,disk,1610285479.1364455,0,0,0
c57d452c66414a7c82643aa0d13fa4ec,172.20.185.122,map_reduce,1610285498.1277266,0,0,0
c78db1ec2933482192c25772a9d2627c,172.20.185.121,disk,1610285494.542911,0,0,0
c82cb781fc7b4c16899ff505b2d3cd25,172.20.185.120,matmul,1610285489.0352705,0,0,0
c950cdf3830b47c4bff8947ec569789e,172.20.185.119,video,1610285493.8010306,0,0,0
ca7ae72c4cec46ab9dbb6c5694868ac5,172.20.185.122,linpack,1610285453.168119,0,0,0
ca82427028f248948c6e04d4420245b8,172.20.185.123,network,1610285499.1279707,0,0,0
cad6f039f42c435886fae61c8125171d,172.20.185.121,map_reduce,1610285484.5311096,0,0,0
cb06441f00d54fedad8e76c10739b913,172.20.185.120,markdown2html,1610285499.0258393,0,0,0
cb7bd7b3b6d7446783d105b182248374,172.20.185.121,k-means,1610285479.498525,0,0,0
cc0b26ffea0642e9ab61845e274e35a4,172.20.185.123,map_reduce,1610285489.1219087,0,0,0
cc76ba066e924fe6b058e47782b2a324,172.20.185.119,couchdb_test,1610285458.7413929,0,0,0
ccde9ad31a834420a8a1c83ea0486792,172.20.185.123,markdown2html,1610285499.1066213,0,0,0
ccf8daf09d2e474f856b261127fb5bb7,172.20.185.122,image,1610285463.140978,0,0,0
cf1508f204e144db822c476ba2527193,172.20.185.121,network,1610285499.5506394,0,0,0
cfc7df00e4ab45419357a8ebc0037e60,172.20.185.119,video,1610285468.7949607,0,0,0
d0062341ded4447bb5b13a553309ca63,172.20.185.119,matmul,1610285458.7470171,0,0,0
d06d4b11e8754d6c839193d962192f56,172.20.185.119,map_reduce,1610285458.780756,0,0,0
d08bb4f4bb5348c5b6bf3c7e805764b6,172.20.185.123,network,1610285489.1281571,0,0,0
d17d21842e5a4850b4a3067f3b449e1a,172.20.185.123,disk,1610285494.1415105,0,0,0
d1c0adeb8e804acf8553a459c5ab0def,172.20.185.122,disk,1610285473.1306686,0,0,0
d1df5fa8fdec4052b0d7c72da36b113c,172.20.185.119,network,1610285483.7578988,0,0,0
d1ee4ff1a1844cebbadf039ec5c1b753,172.20.185.123,video,1610285484.1576257,0,0,0
d2337b88edac4adb916ee88d035e65be,172.20.185.122,float_operation,1610285448.1472204,0,0,0
d297c2a57ab64903bdaba624167b56cd,172.20.185.120,couchdb_test,1610285479.017666,0,0,0
d2b439aa0eb44f50a55f5df8d63e4adb,172.20.185.122,linpack,1610285458.1691494,0,0,0
d2ed7758f7ba44019e7d35f48893951e,172.20.185.123,linpack,1610285494.1468422,0,0,0
d3e41126b1e2490d8a54d14c630f026f,172.20.185.120,network,1610285499.0580559,0,0,0
d49703dccee946a0a8b718f3b713e20e,172.20.185.123,linpack,1610285469.1406524,0,0,0
d50e53cc847c462abf0a0babdc633112,172.20.185.121,float_operation,1610285484.5042386,0,0,0
d534b773972c4cb4937f52ca87a3b357,172.20.185.120,k-means,1610285499.0422091,0,0,0
d63154f26a9c430cb117d5f4cdebfea6,172.20.185.119,network,1610285473.754551,0,0,0
d675cae95e0949dcaf59a9e97de34d7e,172.20.185.119,network,1610285498.75753,0,0,0
d67fe04b83a6485c950ba7cf5bb96352,172.20.185.122,image,1610285493.1443262,0,0,0
d6b92af6c8884adfb4f67643b664add5,172.20.185.121,couchdb_test,1610285499.510289,0,0,0
d78f59877f814bd4a0de3e79f41137ce,172.20.185.122,matmul,1610285498.1649914,0,0,0
d84696469daa4e82bacf0c84b65a832d,172.20.185.122,video,1610285453.1730375,0,0,0
d87a673170b0487086ef80b6cf76ddf2,172.20.185.119,disk,1610285493.7961402,0,0,0
d8b17ceb720d438c945afd30395123d3,172.20.185.122,network,1610285458.154659,0,0,0
d8bd0fc783f64a8ebbe4e4fa75cb9bde,172.20.185.122,video,1610285488.178334,0,0,0
d8f77884b0144adcb2a5f799a8187876,172.20.185.120,couchdb_test,1610285474.0184746,0,0,0
daadc478dc754ef8912c7e6f60c96eb4,172.20.185.122,video,1610285498.1801739,0,0,0
db0fbe85eec2482c8fe8bae56f270194,172.20.185.120,disk,1610285489.0087142,0,0,0
db1668adb5c149a19fb50b63f19ab3d5,172.20.185.123,float_operation,1610285484.1103764,0,0,0
db83a083bdd44dd18d43a7253c50b6ca,172.20.185.120,couchdb_test,1610285489.0192657,0,0,0
dc24a78ed57849cd94199896cd89b6cf,172.20.185.123,markdown2html,1610285474.1039357,0,0,0
dc8b15db2efe46eebcdb3f78103b9608,172.20.185.121,network,1610285494.5528798,0,0,0
dca59be4220b49e9a432104d83b38a93,172.20.185.122,couchdb_test,1610285478.1664627,0,0,0
dcc55de4a7d8464fbe7a4acacaaab615,172.20.185.120,disk,1610285479.0074358,0,0,0
ddea872cb0eb44daa3313b2cf30e292c,172.20.185.119,markdown2html,1610285488.7674546,0,0,0
df3c610177be4132bd6f16577adc2742,172.20.185.120,k-means,1610285469.0376422,0,0,0
df41dfc6aba041c2ad4db02924cb70c7,172.20.185.122,float_operation,1610285493.1556668,0,0,0
dfa971cb96ec41b08f59d127cb807af3,172.20.185.123,map_reduce,1610285479.1204333,0,0,0
dfbbe36a78a74a16874f05b02f8d2ff7,172.20.185.122,matmul,1610285448.1567886,0,0,0
dfd7d0d57c7a472c97beac8dd4f0eb61,172.20.185.119,markdown2html,1610285498.7681725,0,0,0
e0cd0197ae5042c89a19aa421f2c86d3,172.20.185.123,float_operation,1610285469.109291,0,0,0
e113c1e1c49740cd9a4f3cc772bf374c,172.20.185.123,matmul,1610285494.1360643,0,0,0
e188073cd2d842ca87e696581f3e751d,172.20.185.119,network,1610285493.7572467,0,0,0
e25a8a8e8e9e436db264fbd4e3fa82f7,172.20.185.122,map_reduce,1610285458.1233253,0,0,0
e2bf14e66a7f4b1eb5b2e81ac9f435b1,172.20.185.119,markdown2html,1610285493.7688196,0,0,0
e2d54022c73f444385ad1de2a14f06b1,172.20.185.120,float_operation,1610285499.0476608,0,0,0
e2d8b84264a3478bb24828c5fa7415d3,172.20.185.120,video,1610285479.05062,0,0,0
e2ebf5091ff442ba801b90366dec3f7a,172.20.185.122,image,1610285468.1406622,0,0,0
e2f44302fd9f40fe9769aa332fb1aa1c,172.20.185.119,matmul,1610285498.7522216,0,0,0
e2fec957130b49e48160aeaf028ac9cc,172.20.185.119,network,1610285468.7533803,0,0,0
e35442841f26496bad33d789b23643f2,172.20.185.121,image,1610285484.5360389,0,0,0
e3adce1c1e994acbb2fca345f3c70a0d,172.20.185.123,linpack,1610285489.1438448,0,0,0
e4da5a849aa84a1da2e05be4312fed22,172.20.185.120,linpack,1610285494.0313783,0,0,0
e4e5164b36484c58978e71b80842b458,172.20.185.122,network,1610285468.155304,0,0,0
e53b6932221142549fb12513b9c78024,172.20.185.120,matmul,1610285499.0367603,0,0,0
e5abab1bf2be4346a8884de143020440,172.20.185.122,float_operation,1610285463.1516647,0,0,0
e5c7d2bc16ce41e09580f5b9957c3116,172.20.185.122,markdown2html,1610285448.1332517,0,0,0
e5f33aca19104f23bb064726eb0603cb,172.20.185.123,video,1610285494.162824,0,0,0
e69789922cfc4b57af97b02c264606ba,172.20.185.122,network,1610285478.1566222,0,0,0
e74bf20eb54b4249b80e6d93ea7db221,172.20.185.121,float_operation,1610285479.5035784,0,0,0
e75e8a95081445abb73b7c934f024f0f,172.20.185.121,k-means,1610285494.4995184,0,0,0
e7f502a32a7c4ee1a735c4ce21c12fb3,172.20.185.121,couchdb_test,1610285474.5087514,0,0,0
e8135a1014184002835573642bbf5531,172.20.185.122,image,1610285488.14282,0,0,0
e936cf63960040a4b0890ddd38cd895c,172.20.185.121,map_reduce,1610285474.5298502,0,0,0
ea7345758e854dbf87db831dd3a5d5a0,172.20.185.123,video,1610285469.1559527,0,0,0
ea960b81e5cf4ec3baa772cc44e8ba81,172.20.185.122,video,1610285493.1810482,0,0,0
eab572454dce4bc7ae00dcc9b81b8374,172.20.185.121,markdown2html,1610285499.5455208,0,0,0
ec02a9f0d24749338713abec52587990,172.20.185.120,image,1610285479.0125651,0,0,0
ec97eac914a549c9b40b9cada20e12d9,172.20.185.119,float_operation,1610285478.7803063,0,0,0
edc0ab8e44944643a75ba4c9b01b7a20,172.20.185.123,float_operation,1610285474.1102188,0,0,0
ee23ccb6b3b441fc948384f7e49e0587,172.20.185.119,couchdb_test,1610285493.7464395,0,0,0
ee316c18e5134561a4ac3f984c9d4606,172.20.185.119,map_reduce,1610285483.7891853,0,0,0
ee6ab1170297471895252d495a79f974,172.20.185.121,matmul,1610285474.5249007,0,0,0
ee9a5d9558ea42db9f2e03786406d44f,172.20.185.120,video,1610285484.051161,0,0,0
ef85ba1af5774b51a29ed08bd294f45c,172.20.185.123,couchdb_test,1610285489.1161659,0,0,0
efd61283a1d4414bb830f61819c22ffd,172.20.185.123,float_operation,1610285494.1127002,0,0,0
efed2a342da4442f8b6edaa49d69a374,172.20.185.122,float_operation,1610285468.1504028,0,0,0
f02682932bc14dffb64d6af1d4e5b6c3,172.20.185.121,markdown2html,1610285484.5459673,0,0,0
f0846d8cd324414a99a22e80bbd5539e,172.20.185.121,matmul,1610285499.5253677,0,0,0
f0f9c87e5c0147859272ff7b6795d8e0,172.20.185.122,couchdb_test,1610285468.165036,0,0,0
f1b9b39d512c471daac3ee82f41b47ee,172.20.185.121,couchdb_test,1610285479.5086014,0,0,0
f2e7757936ff4f76bffdb5d6a8250f84,172.20.185.123,disk,1610285484.1373384,0,0,0
f2f11fa6ffc64239adcf12c7e6c5b782,172.20.185.122,markdown2html,1610285498.138457,0,0,0
f31a8e2d98b5494b96ae2efd69bbda91,172.20.185.119,k-means,1610285473.760689,0,0,0
f4044437a32341269b4f9bfaf3ed8b3e,172.20.185.119,k-means,1610285463.7587242,0,0,0
f41908eedc054370a8e1ed39ba8784d1,172.20.185.122,linpack,1610285483.1739192,0,0,0
f5dfc27c95fa44cfbc8e5eb1e51b240a,172.20.185.119,matmul,1610285483.7517061,0,0,0
f6b51aa5e0d243eaad853c62b511061d,172.20.185.120,video,1610285474.0498085,0,0,0
f77bbf04cb3e492fabc0e8476b6a3d71,172.20.185.122,matmul,1610285468.1600997,0,0,0
f884530b0e3e49f88218528eba5ee119,172.20.185.120,network,1610285489.0566893,0,0,0
f898a4d6436e44559682ce81f82fc58c,172.20.185.121,k-means,1610285484.4988592,0,0,0
f8b7753d4b6146c291b5ce9e9e04ffb6,172.20.185.123,linpack,1610285474.1410604,0,0,0
f8badbb57bbd469cb547605e64d4124c,172.20.185.123,couchdb_test,1610285494.1194797,0,0,0
f901569ff01946c8a8037b52a9e39a99,172.20.185.119,disk,1610285463.789816,0,0,0
f921f330a87e4350840b10f3e4c72094,172.20.185.121,couchdb_test,1610285469.5075486,0,0,0
f967220afa144740ad855838e4f13dca,172.20.185.122,disk,1610285488.1323838,0,0,0
f9b7467695fc4f1bac11eeaf3ad78f4a,172.20.185.119,markdown2html,1610285463.7651322,0,0,0
fa26e1b1803248bdbe3ffece902d7490,172.20.185.122,disk,1610285493.1331973,0,0,0
fa80ca62ee9149c3ac93a82e81b9c520,172.20.185.121,couchdb_test,1610285494.510892,0,0,0
fb1bc2ef668d42ec954764376844934f,172.20.185.120,network,1610285484.0561063,0,0,0
fb231d66e90e4bac8834aa9ae80565d9,172.20.185.121,image,1610285469.5322707,0,0,0
fbf7d84d57db4e1e8227a51764174a9e,172.20.185.120,network,1610285474.0547616,0,0,0
fcb7ee8a4eb24f19958d890cb9b89b27,172.20.185.121,network,1610285484.5507517,0,0,0
fd342bacce154a909e8fb8d432a1e95e,172.20.185.119,disk,1610285473.7909245,0,0,0
fda03b421ab245aca717a61dd0c3da61,172.20.185.119,video,1610285488.7994037,0,0,0
fea849e103384118bf1701380ee8653f,172.20.185.122,linpack,1610285463.1726248,0,0,0
ff17fcb375174ac6b0aabb11268789f3,172.20.185.121,disk,1610285474.5397615,0,0,0
fff882a7b93d4c81a25da735e3e276f9,172.20.185.123,image,1610285474.146173,0,0,0
