id,action,start_way,container_attr,container_way,queue_time,create_time,rent_end,rent_time,inter_start,inter_end,end-to-end,container_start,container_end,exeuction
a6b60ed139674afe90c3d177ecebe687,linpack,cold,exec,create,0.001194000244140625,2.4639925956726074,1609570322.5108044,0.0057220458984375,1609570322.4955516,1609570327.2516348,4.756083250045776,1609570324.9791849,1609570327.176287,2.1971020698547363
90add05181104a95b7ccc85ac4e78a56,matmul,warm,renter,rent,7.43865966796875e-05,0.0,1609570344.0871599,0.024842500686645508,1609570344.057353,1609570344.3534808,0.2961277961730957,1609570344.0900614,1609570344.2883646,0.19830322265625
852a3ef0fee346e687e95006b97190dd,linpack,cold,exec,create,0.003208160400390625,2.363074779510498,1609570444.4186463,0.005319118499755859,1609570444.4055762,1609570448.5557213,4.150145053863525,1609570446.7858558,1609570448.4738872,1.6880314350128174
8d5c36588f3441a49c45e0bd38fb54c4,matmul,warm,renter,rent,0.003199338912963867,2.384185791015625e-07,1609570459.5248199,0.021135807037353516,1609570459.495469,1609570459.8566008,0.3611316680908203,1609570459.5289528,1609570459.7893243,0.26037144660949707
312dba90f8564b78bd18b2de9eb388d3,linpack,cold,exec,create,6.961822509765625e-05,2.355466842651367,1609570538.4425774,0.005618572235107422,1609570538.4322658,1609570542.7818089,4.34954309463501,1609570540.8022237,1609570542.7079892,1.9057655334472656
22486d808b6f48cdb518c599e5df8bcf,matmul,warm,renter,rent,0.004156351089477539,4.76837158203125e-07,1609570550.0328085,0.024309635162353516,1609570549.9997597,1609570550.298622,0.2988622188568115,1609570550.0369315,1609570550.2447028,0.20777130126953125
e557cd5f2d67433caf8161bd0b55996b,linpack,cold,exec,create,0.004185676574707031,2.513594627380371,1609570629.610952,0.0055119991302490234,1609570629.5949483,1609570633.6842537,4.089305400848389,1609570632.1296349,1609570633.5796661,1.4500312805175781
e16d14bc825041a08b0760e10994665d,matmul,warm,renter,rent,7.2479248046875e-05,2.384185791015625e-07,1609570642.9560268,0.02194976806640625,1609570642.9294438,1609570643.3107402,0.38129639625549316,1609570642.9602358,1609570643.2422094,0.28197360038757324
d0a73ea9bf2b4f8bb387608ede15a658,linpack,cold,exec,create,0.001199483871459961,2.4834909439086914,1609570717.0410862,0.006028890609741211,1609570717.0291169,1609570722.769983,5.740866184234619,1609570719.529203,1609570722.7109149,3.1817119121551514
cb6fc5c79ce9488684098ae102bb0af5,matmul,warm,renter,rent,0.0012159347534179688,4.76837158203125e-07,1609570732.274227,0.021944761276245117,1609570732.246125,1609570732.531066,0.2849409580230713,1609570732.278308,1609570732.4761355,0.19782757759094238
00b86f2a34de4ef9ba26807d76427148,linpack,cold,exec,create,0.0032007694244384766,2.394780397415161,1609570808.0215724,0.005789041519165039,1609570808.007656,1609570812.4053888,4.397732734680176,1609570810.4198012,1609570812.3070397,1.8872385025024414
9b2fd539dc9a4da0aa9f5c41466a1d7c,matmul,warm,renter,rent,0.0011897087097167969,2.384185791015625e-07,1609570820.7025418,0.02153778076171875,1609570820.6750505,1609570820.9827714,0.3077208995819092,1609570820.7067418,1609570820.918332,0.21159029006958008
eecbe3b131e24d5ab5afb8a2de319476,linpack,cold,exec,create,7.677078247070312e-05,2.5768239498138428,1609570892.881496,0.005781412124633789,1609570892.8707633,1609570901.192633,8.321869611740112,1609570895.4613612,1609570901.1240323,5.662671089172363
1177aa004d4c48ac9a86851c1f48f971,matmul,cold,exec,create,0.003201007843017578,2.3067944049835205,1609571037.506861,0.006010532379150391,1609571037.4928002,1609571040.1141374,2.6213371753692627,1609571039.8170974,1609571040.0217102,0.20461273193359375
6c011c53e2e34dfaa29801f12351c185,linpack,cold,exec,create,7.867813110351562e-05,2.5255327224731445,1609571125.2348597,0.0060384273529052734,1609571125.223836,1609571129.453537,4.229701042175293,1609571127.7645154,1609571129.3721318,1.6076164245605469
0397c0c8ddf642769411a462a5d4382e,matmul,warm,renter,rent,0.004199028015136719,4.76837158203125e-07,1609571139.5382788,0.02327108383178711,1609571139.5059178,1609571139.8310885,0.32517075538635254,1609571139.5413768,1609571139.767533,0.22615623474121094
847f665352d8496b814487b6ec9cf108,linpack,cold,exec,create,0.002204418182373047,2.421052932739258,1609571233.204016,0.005856752395629883,1609571233.1910124,1609571237.581789,4.390776634216309,1609571235.6291494,1609571237.5209172,1.8917677402496338
62272ff8fede49be8dcccfdf81bf0140,matmul,warm,renter,rent,0.0032241344451904297,4.76837158203125e-07,1609571261.2817552,0.022393465042114258,1609571261.2512856,1609571261.536074,0.2847883701324463,1609571261.2859697,1609571261.4794385,0.19346880912780762
ea3d9836c12346d69e72e567c2f951ab,linpack,cold,exec,create,0.0011756420135498047,2.544313669204712,1609571339.6225648,0.005949735641479492,1609571339.6108003,1609571345.3429003,5.732100009918213,1609571342.171209,1609571345.2589803,3.08777117729187
01434f0428aa4ce1a1d22b2cf876433f,matmul,warm,renter,rent,0.0021369457244873047,4.76837158203125e-07,1609571367.2755158,0.022258996963500977,1609571367.2465127,1609571367.5462234,0.299710750579834,1609571367.2797136,1609571367.476925,0.19721126556396484
9ff49def7cc64e1a8fd6dfd70c74b2a2,linpack,cold,exec,create,0.003221273422241211,2.3054561614990234,1609571531.390294,0.0059854984283447266,1609571531.3762443,1609571535.672935,4.2966907024383545,1609571533.6987624,1609571535.582174,1.8834116458892822
da67db89d42e480fb9a578caad09cafa,matmul,warm,renter,rent,0.0021924972534179688,2.384185791015625e-07,1609571544.840055,0.022017240524291992,1609571544.8109467,1609571545.0992434,0.2882966995239258,1609571544.843763,1609571545.0316265,0.18786334991455078
a47c024305054e06ada9f2460244729a,linpack,cold,exec,create,0.0031998157501220703,2.4356863498687744,1609571619.979302,0.006001710891723633,1609571619.9651127,1609571624.4435875,4.478474855422974,1609571622.420149,1609571624.3900769,1.9699277877807617
d8d3d8ce727e4f22be477ea60b36beaa,matmul,warm,renter,rent,0.002188444137573242,4.76837158203125e-07,1609571656.6660986,0.02100539207458496,1609571656.6383634,1609571656.9412415,0.30287814140319824,1609571656.6693408,1609571656.8766727,0.20733189582824707
1f1b3733001e45acad8919848f8965c6,linpack,cold,exec,create,0.004186868667602539,2.457998752593994,1609571748.8154645,0.0053424835205078125,1609571748.8014219,1609571756.150151,7.348729133605957,1609571751.2765453,1609571756.0857372,4.809191942214966
8d52b3c8791f4b2281211c6e4519883c,matmul,warm,renter,rent,0.0041997432708740234,4.76837158203125e-07,1609571765.6167052,0.0222775936126709,1609571765.5855877,1609571765.875999,0.29041123390197754,1609571765.619787,1609571765.804942,0.18515491485595703
9f173065477441b49b07a008df3e8903,linpack,cold,exec,create,0.003139972686767578,2.5663654804229736,1609571839.0483208,0.005753278732299805,1609571839.0346682,1609571847.5037587,8.469090461730957,1609571841.6181338,1609571847.4393406,5.82120680809021
373da1ea7c2a41fd93c793c4dc51a954,matmul,warm,renter,rent,0.004189252853393555,4.76837158203125e-07,1609571870.8534222,0.02251911163330078,1609571870.8220358,1609571871.1240232,0.3019874095916748,1609571870.8575366,1609571871.057246,0.19970941543579102
cfbcd7cee2514132bccb59975c010581,linpack,cold,exec,create,7.319450378417969e-05,2.393636703491211,1609571953.8800027,0.0056760311126708984,1609571953.8696513,1609571959.9423614,6.072710037231445,1609571956.2769217,1609571959.870431,3.5935091972351074
cbd542e932c3439cb3ffcc1abe851f08,matmul,warm,renter,rent,0.0011928081512451172,4.76837158203125e-07,1609571972.009689,0.021678686141967773,1609571971.9821641,1609571972.3022833,0.32011914253234863,1609571972.0139067,1609571972.2402313,0.22632455825805664
e8406a021e1141d492b9f32e92baea5b,linpack,cold,exec,create,0.002197742462158203,2.2533724308013916,1609572042.939676,0.005969524383544922,1609572042.9268768,1609572048.0504456,5.123568773269653,1609572045.1972985,1609572047.9831214,2.785822868347168
d5c34cd0eb4c4507bb8c8475b2ddf56c,matmul,warm,renter,rent,0.001226186752319336,2.384185791015625e-07,1609572074.8821194,0.020733118057250977,1609572074.8558602,1609572075.22839,0.3725297451019287,1609572074.8851373,1609572075.0902648,0.20512747764587402
0b909ff109774517acb7dab6f6ed481c,linpack,cold,exec,create,0.0031909942626953125,2.2889811992645264,1609572264.8919544,0.0051305294036865234,1609572264.8790638,1609572270.9803755,6.101311683654785,1609572267.1854472,1609572270.9155285,3.73008131980896
f49ee0efffe548a8abe0fda6a92f60ad,matmul,cold,exec,create,0.0031824111938476562,2.819756507873535,1609572275.6214402,0.006589412689208984,1609572275.6069393,1609572278.7462168,3.139277458190918,1609572278.4441216,1609572278.6825812,0.23845958709716797
73913701acc64d4d879ef6d56f0fab25,linpack,cold,exec,create,0.003208160400390625,2.3165342807769775,1609572553.6521966,0.006252765655517578,1609572553.637917,1609572560.2011533,6.563236236572266,1609572555.9745696,1609572560.1413906,4.166821002960205
eeac7213459449989f63126716b20f48,linpack,cold,exec,create,0.0021872520446777344,2.439966917037964,1609572811.4847856,0.005179166793823242,1609572811.4730983,1609572816.6718235,5.19872522354126,1609572813.928015,1609572816.607023,2.6790080070495605
32b67c7bc758488f97e15b5426d97a53,matmul,warm,renter,rent,0.004102945327758789,2.384185791015625e-07,1609572847.1039803,0.01974630355834961,1609572847.0756905,1609572847.392786,0.3170955181121826,1609572847.1072261,1609572847.3329487,0.2257225513458252
df344f928bde420082fc6c65e8386236,linpack,cold,exec,create,0.003943920135498047,2.563033103942871,1609572984.9640517,0.006061077117919922,1609572984.9462068,1609572989.4202929,4.474086046218872,1609572987.535376,1609572989.3427513,1.807375192642212
6aa2b8b07f7a4080bb84346c70ac67ed,matmul,warm,renter,rent,6.699562072753906e-05,2.384185791015625e-07,1609572997.819188,0.021015167236328125,1609572997.7936769,1609572998.138057,0.34438014030456543,1609572997.822105,1609572998.050246,0.22814106941223145
33217d19a8ad4e02a8c2e8c2f0ad605b,linpack,cold,exec,create,0.0022046566009521484,2.3800995349884033,1609573144.2881072,0.006227016448974609,1609573144.2748406,1609573148.5238256,4.248985052108765,1609573146.6715796,1609573148.4656522,1.7940726280212402
1f6b88d5c5dd4243aaaa6d5fb4f3e320,matmul,warm,renter,rent,7.891654968261719e-05,4.76837158203125e-07,1609573165.649718,0.02351522445678711,1609573165.6214135,1609573165.959788,0.33837461471557617,1609573165.653869,1609573165.8923035,0.2384345531463623
614f00063adf4bc998f8c25a2a80d9fa,linpack,cold,exec,create,0.0021996498107910156,2.342388868331909,1609573347.4314895,0.005616903305053711,1609573347.4188697,1609573352.6717083,5.252838611602783,1609573349.778305,1609573352.5941093,2.8158042430877686
a71b7443f3984423ac4ce6ead0e70412,matmul,warm,renter,rent,0.0031914710998535156,7.152557373046875e-07,1609573387.5192232,0.02187800407409668,1609573387.4896376,1609573387.8425295,0.3528919219970703,1609573387.5233886,1609573387.7754598,0.2520711421966553
acac4d7032244ae39c72de8d8effac87,linpack,cold,exec,create,0.003191709518432617,2.3029491901397705,1609573465.2427337,0.004866600036621094,1609573465.230402,1609573470.614473,5.384071111679077,1609573467.5487692,1609573470.5518763,3.0031070709228516
2bcbeb9b27fe41ab99051680b29ccd3a,matmul,warm,renter,rent,0.003202676773071289,2.384185791015625e-07,1609573496.5420885,0.02208399772644043,1609573496.5111887,1609573496.8596547,0.3484659194946289,1609573496.5450408,1609573496.7784255,0.2333846092224121
1c4f2b9d917446c1a740ff08e7f4b854,linpack,cold,exec,create,0.0011973381042480469,2.2032251358032227,1609573605.3801606,0.0058743953704833984,1609573605.3683941,1609573610.884459,5.516064882278442,1609573607.587594,1609573610.8305984,3.243004322052002
ecf9a5648c0243dfb85549a44f694ed4,linpack,cold,exec,create,0.0022013187408447266,2.248551368713379,1609573704.5280063,0.0058400630950927734,1609573704.5151503,1609573710.4341576,5.919007301330566,1609573706.7805762,1609573710.3690844,3.588508129119873
e055a835db1149dea5e916f0eec79269,matmul,warm,renter,rent,0.0031578540802001953,2.384185791015625e-07,1609573769.303275,0.020437240600585938,1609573769.2760615,1609573769.5983493,0.32228779792785645,1609573769.3070564,1609573769.4982579,0.19120144844055176
3893147766a84a3eaad350d7b5588fbf,linpack,cold,exec,create,0.002177000045776367,2.4998035430908203,1609573855.0745213,0.006201028823852539,1609573855.0613909,1609573859.4547765,4.393385648727417,1609573857.5775084,1609573859.3818395,1.8043310642242432
443478ef73f14352822341268a8f3e97,matmul,warm,renter,rent,0.002196073532104492,4.76837158203125e-07,1609573871.225603,0.028566360473632812,1609573871.1904948,1609573871.4812098,0.29071497917175293,1609573871.2297497,1609573871.422839,0.19308924674987793
bb1b3cab1f754c1b810ee626e57bc420,linpack,cold,exec,create,0.0021495819091796875,2.455024003982544,1609573966.7417994,0.005212068557739258,1609573966.7298634,1609573974.0656497,7.33578634262085,1609573969.1998937,1609573974.0039537,4.804059982299805
c3524249c1a04b259b8017d832565fe2,linpack,cold,exec,create,7.653236389160156e-05,2.2208871841430664,1609574071.2526212,0.006009578704833984,1609574071.241739,1609574076.183857,4.942117929458618,1609574073.476783,1609574076.1032856,2.626502513885498
5a532b567a4345ed8351454c3ac5ecb6,matmul,warm,renter,rent,7.605552673339844e-05,0.0,1609574132.0980663,0.02159881591796875,1609574132.0715084,1609574132.3726704,0.3011620044708252,1609574132.1011548,1609574132.2927501,0.19159531593322754
861b6c0a890f40e4a5fe2542df045d27,linpack,cold,exec,create,7.796287536621094e-05,2.2716338634490967,1609574223.1997604,0.006134510040283203,1609574223.188746,1609574227.3066154,4.1178693771362305,1609574225.476914,1609574227.2357836,1.7588696479797363
ccd0586c2bf54fd4ae6e26a00bb770ac,linpack,cold,exec,create,0.002160787582397461,2.3607735633850098,1609574344.2902083,0.005771636962890625,1609574344.2774265,1609574351.0778596,6.800433158874512,1609574346.6552806,1609574351.0200515,4.364770889282227
46dc14d4fecc4dfa8faee72acc22a28e,matmul,warm,renter,rent,0.002180814743041992,2.384185791015625e-07,1609574364.4767625,0.019456148147583008,1609574364.4516785,1609574364.8221135,0.3704349994659424,1609574364.4796197,1609574364.7641063,0.2844865322113037
842c541d0c5149f3a67126ea7c2910a5,linpack,cold,exec,create,6.771087646484375e-05,2.468569755554199,1609574447.8384514,0.005450248718261719,1609574447.8284774,1609574454.5484686,6.719991207122803,1609574450.3100536,1609574454.46608,4.156026363372803
d776e9e162da4c7a8de59801f52884dd,matmul,warm,renter,rent,7.009506225585938e-05,4.76837158203125e-07,1609574464.5299897,0.023524999618530273,1609574464.5017061,1609574464.8084164,0.30671024322509766,1609574464.534176,1609574464.7486897,0.21451354026794434
771f6b9ea17c44198ccd28375a167c6b,linpack,cold,exec,create,6.866455078125e-05,2.3275063037872314,1609574577.746046,0.005429506301879883,1609574577.7359648,1609574582.1693864,4.433421611785889,1609574580.0773702,1609574582.1101987,2.0328285694122314
479ec58103e34e30a1db617c88ed0829,matmul,cold,exec,create,6.651878356933594e-05,2.866870880126953,1609574585.8193052,0.0056760311126708984,1609574585.809117,1609574588.959118,3.150000810623169,1609574588.6903262,1609574588.8970194,0.20669317245483398
