id,host,time,action,qos,qos_target,lender_pool,type
9c02b53467c2489ca3dd3a6a3a35c648,172.20.185.121,1610271424.8983302,map_reduce,0.42250000000000004,0.2,1,repack
92df3ab027104e19a09cffde8694b9ea,172.20.185.119,1610271425.308805,couchdb_test,0.42250000000000004,0.37266666666666665,1,repack
88b25086eefd48f7989a0b343befdde0,172.20.185.119,1610271426.1252296,disk,0.65,0.2,1,repack
8948e94c103343fda6907304537dd2d7,172.20.185.121,1610271426.8649142,map_reduce,0.42250000000000004,0.2,2,repack
53d8f18220cf4a7d8ffd046678b2f3e1,172.20.185.119,1610271427.3146996,couchdb_test,0.42250000000000004,0.37266666666666665,2,repack
78dcd044353e4a30995820e7bdbb57ff,172.20.185.119,1610271428.1101701,disk,0.65,0.2,2,repack
60422275663143e890aa4b2b8fa6b078,172.20.185.122,1610271428.4355116,video,0.7725,0.2,1,repack
455dca8af607443bbcd14aafc8ebf5cf,172.20.185.121,1610271428.829817,map_reduce,0.42250000000000004,0.2,3,repack
f7e7c2567b8e4f29af4d4a8d40183ff7,172.20.185.119,1610271429.4257371,couchdb_test,0.42250000000000004,0.37266666666666665,3,repack
503c69b953394f96aa28e53381799b90,172.20.185.119,1610271430.2518098,disk,0.65,0.2,3,repack
12e42f867c4e4dc0a4f50a9a36176a0d,172.20.185.122,1610271432.7869093,float_operation,0.42250000000000004,0.2,1,repack
6937504aa8514f2697210fdf5e5717c3,172.20.185.122,1610271435.0145173,float_operation,0.42250000000000004,0.2,2,repack
873dd2583a4c4ea182db9c931ae62a86,172.20.185.122,1610271435.0427275,video,0.7725,0.2,2,repack
0160abbc21e546c1abad6b2b996d77f8,172.20.185.121,1610271436.2171938,video,0.9593898281250001,0.2,1,repack
ea7ef0bf63674f3683a379cd325d2787,172.20.185.122,1610271437.1140044,video,0.7725,0.2,3,repack
24a13a95c7eb4aaaba7626e5af474e9f,172.20.185.121,1610271440.2004678,video,0.97360338828125,0.2,2,repack
81792184829c440a84a6c4b11343f708,172.20.185.121,1610271444.320179,video,0.9888474315488281,0.2,3,repack
a73d9e1256d44e9db00e6c957ec6408c,172.20.185.119,1610271445.332819,image,0.9628907633587239,0.2,1,repack
704c2eb17fbb4e3190ad0e33dea2e624,172.20.185.119,1610271447.3351486,image,0.9758789961831705,0.2,2,repack
0cf7a23224144f67b66022d7ccfdb303,172.20.185.119,1610271449.49439,image,0.9843213475190609,0.2,3,repack
fe152774dd944a3698d5d22ea6132b1b,172.20.185.119,1610271451.869739,image,0.9898088758873895,0.2,4,repack
fdb9bc5f32d84717a76a2ef03e8d1d52,172.20.185.119,1610271456.0809495,image,0.9933757693268032,0.2,5,repack
e31652cec90b4ef6b5ac5c31513620ca,172.20.185.119,1610271457.4853733,image,0.9956942500624221,0.2,6,repack
4547a5f73cb44f1799ec124ec7e0cacd,172.20.185.119,1610271457.51846,image,0.9956942500624221,0.2,7,repack
7634a32a689549f4ab8e1bf04d91063b,172.20.185.122,1610271504.2657743,float_operation,0.624625,0.2,1,create
e57b8bb87edc4fa5a54c9611259386e8,172.20.185.121,1610271508.8810365,map_reduce,0.5079396339316407,0.2,2,repack
eca513f53cee4d56afcf487a8b9aa811,172.20.185.122,1610271510.3413744,video,0.502125,0.2,1,repack
fd33d8418e2e4ba48349f2a9a7052b8e,172.20.185.121,1610271510.8244705,map_reduce,0.5079396339316407,0.2,3,repack
7345c9d61be84014bc37349a67b89fd4,172.20.185.122,1610271511.4023125,map_reduce,0.65,0.2,1,repack
5af7283658934bedb37766c8e74a9d57,172.20.185.119,1610271511.6842725,image,0.9999981529050389,0.2,5,repack
9504bda2dfc84298a1ed1b9ebdaf3b0d,172.20.185.122,1610271512.4303784,video,0.67638125,0.2,2,repack
b5a69ad3241d4f9bb5e391b1ba94a19d,172.20.185.122,1610271513.0720735,map_reduce,0.65,0.2,2,repack
fdded31b0d7145acbe553ec9e444f182,172.20.185.122,1610271513.3609116,map_reduce,0.65,0.2,3,repack
853b15b723ae463689211d43a0f1f68c,172.20.185.119,1610271513.6402624,image,0.9999981529050389,0.2,5,repack
c49c8854659f4f8991c534fdc9a873a3,172.20.185.122,1610271514.879021,map_reduce,0.65,0.2,4,repack
2634982c15a640d6b64b51069ae29520,172.20.185.119,1610271515.406692,image,0.9999981529050389,0.2,6,repack
46dc33cf009f41acb228325f2b007704,172.20.185.119,1610271571.3946536,image,0.9906666561603739,0.2,5,repack
a53eef6f98da4980b2583b32bd759bcd,172.20.185.122,1610271626.431861,float_operation,0.93299321640625,0.2,1,create
30d72ec904b64ed39d6884124384deba,172.20.185.121,1610271630.88253,map_reduce,0.7425447461625522,0.2,2,repack
8b28d35b88884bbdb949edaf77fcc322,172.20.185.122,1610271632.1936643,video,0.43964781250000007,0.2,1,repack
0badf6634d0b4faf84a3283f2a2c99f2,172.20.185.121,1610271632.849173,map_reduce,0.7425447461625522,0.2,3,repack
da8c163941b04029b198c597de493319,172.20.185.121,1610271808.9520142,map_reduce,0.5134533374045102,0.2,2,repack
b4d5088428ac4cd8b2867c7018e206f1,172.20.185.121,1610271810.9288552,map_reduce,0.5134533374045102,0.2,3,repack
d14306bb50a24c34839e45e0444cc88c,172.20.185.119,1610271811.502611,image,0.9915662650538908,0.2,5,repack
015c549fbdee40a78569905c437d793f,172.20.185.119,1610271937.5110464,image,0.6473542313775639,0.2,5,repack
807bdcf19575416783944befaf794b7e,172.20.185.120,1610271999.0326476,disk,0.65,0.2,1,repack
643084bd83da4e2cb3a95bde56927336,172.20.185.120,1610272001.0721645,disk,0.65,0.2,2,repack
551092175c744b2ba23a0451f946f69a,172.20.185.119,1610272007.5066361,image,0.9460662847421981,0.2,5,repack
4a03a10e62ef4d0e9ece919fb826b50f,172.20.185.120,1610272024.5127795,disk,0.65,0.2,1,create
a8e40a28b1074422b1d47846036d1a4b,172.20.185.120,1610272024.5135746,disk,0.65,0.2,2,create
14bcc77982394b3e973f20ad06df031a,172.20.185.122,1610272057.7158597,float_operation,0.9986121613386588,0.2,1,create
1aea64b504ea4e04840505ea522fea7a,172.20.185.121,1610272061.0603342,map_reduce,0.737364331734035,0.2,2,repack
09d06b77474f472392008297b1a10dc5,172.20.185.121,1610272063.0081303,map_reduce,0.737364331734035,0.2,3,repack
21f1b97533174307a56a02e9ee2fe7d9,172.20.185.122,1610272063.037033,map_reduce,0.42250000000000004,0.2,1,repack
2d71358f0c8a4e6f8fe8fa5d90bb1531,172.20.185.122,1610272065.0075371,map_reduce,0.42250000000000004,0.2,2,repack
2a27d6cd84de4166b840ffbc68d7814e,172.20.185.122,1610272070.31128,video,0.4707382805078125,0.2,1,repack
e7cb63cca6644216b9c4f7d93503f051,172.20.185.122,1610272072.4558358,video,0.4707382805078125,0.2,2,repack
69dc01621ff2413985e7be148ec73128,172.20.185.122,1610272127.908709,float_operation,0.9990979048701283,0.2,1,create
277b955ad0464b878464a25ab4730f0e,172.20.185.119,1610272130.6453607,disk,0.9999999999991195,0.2,1,create
71319af2e7fb461b93353e5d21362bbe,172.20.185.120,1610272139.162306,image,0.65,0.2,1,repack
2fd09186318a447fb1218c450980f2ad,172.20.185.122,1610272141.086986,linpack,0.9585903153662109,0.2,1,repack
b593604ab40a463b85479d5df3869caa,172.20.185.120,1610272141.1013381,image,0.65,0.2,2,repack
7efa43781c9541e4905d043be8353200,172.20.185.122,1610272143.1259398,linpack,0.9730837049880371,0.2,2,repack
b20e4a82b0974262b8f65a5353295c04,172.20.185.120,1610272143.2148826,image,0.65,0.2,3,repack
74ada622369241d68dfcffd2b7299151,172.20.185.122,1610272145.1742327,linpack,0.9825044082422241,0.2,3,repack
0241899385784b56bc7ab29f5082e7ed,172.20.185.120,1610272145.1818023,image,0.65,0.2,4,repack
987b164de0c04c8ebed073ea29002c48,172.20.185.119,1610272145.5461497,disk,0.9999999999994277,0.2,1,create
6c3612fb60c24e14b6f2ec00a6435538,172.20.185.119,1610272145.6475234,linpack,0.961111111111111,0.2,1,repack
a4dfe3b312a149c79d7caaf56e35a3b1,172.20.185.120,1610272147.1505342,image,0.65,0.2,5,repack
55e9d0fe5a3544d9aa4a7451f1517c09,172.20.185.122,1610272147.3191838,linpack,0.9886278653574456,0.2,4,repack
b4e18c54dcaf43e5b7bbce835db8af20,172.20.185.122,1610272149.0883508,linpack,0.9926081124823396,0.2,5,repack
f3ccef1a10cd4e7882e261449c9a897b,172.20.185.120,1610272149.1545467,image,0.65,0.2,6,repack
6118414e30844fc68418fecaf9448efd,172.20.185.122,1610272151.1343477,linpack,0.9926081124823396,0.2,6,repack
d56b9f1f2a754cb3bafe22562775ee0c,172.20.185.119,1610272153.490916,linpack,0.9134722222222221,0.2,2,repack
6e87ef9539914a61adefc6cd07089682,172.20.185.119,1610272155.5383048,linpack,0.9134722222222221,0.2,3,repack
1534f4dc041a468a9a9291a0219265c3,172.20.185.119,1610272157.4977734,linpack,0.9134722222222221,0.2,4,repack
630d35b1699c4127aea1b419b795ff61,172.20.185.122,1610272239.9419067,float_operation,0.9996188648076292,0.2,1,create
a2e54fa1db2f45e8bc33224defd6cf42,172.20.185.121,1610272243.1568222,map_reduce,0.7666357256773164,0.2,2,repack
0924f5432ea34aacbc3a426400980bc5,172.20.185.121,1610272249.0366964,map_reduce,0.8483132216902557,0.2,3,repack
403d66dd4da74e14ab9ca67fd84140ed,172.20.185.119,1610272363.5831592,image,0.9955696202531645,0.2,5,repack
6ab9a3491d2849c389bd331ac9e78380,172.20.185.122,1610272386.9141898,float_operation,0.9998389703812233,0.2,1,create
6a542e7d42a14bfaba3b6f1b66834022,172.20.185.121,1610272391.0896046,map_reduce,0.8249968100663971,0.2,2,repack
1f43e1e9f5784eee94a703d806c5d966,172.20.185.122,1610272394.4659824,video,0.35677650028445806,0.2,1,repack
8cb6f29aee3a4d069498be018eed83d3,172.20.185.122,1610272395.2661395,map_reduce,0.17850625000000006,0.2,1,repack
da67e218aa2344308a95b3b317ac0166,172.20.185.122,1610272395.4483922,map_reduce,0.17850625000000006,0.2,2,repack
06501717e9224a78af82ddbcabd9d4fd,172.20.185.122,1610272397.0746238,map_reduce,0.17850625000000006,0.2,3,repack
3f2db799ff1e4026bcedf3905bd3b0ce,172.20.185.122,1610272399.098822,map_reduce,0.17850625000000006,0.2,4,repack
a41e65eef4734775bf111c88e1080643,172.20.185.119,1610272433.5582764,image,0.9906560196497021,0.2,5,repack
df257ce1ae0f414ba9ca2b8a5c4d0fce,172.20.185.122,1610272446.8125417,float_operation,0.9999319649860668,0.2,1,create
6857f4f005544064be2a57453494f4bb,172.20.185.122,1610272448.47323,video,0.35677650028445806,0.2,1,create
8ffc1bdc2b5b49f0b7b8d3c82c94f24f,172.20.185.119,1610272449.3737147,disk,0.9999999999999999,0.2,1,create
1dc521004fab4c58a1ddf94fee455de0,172.20.185.122,1610272451.2598264,linpack,0.30956375289046256,0.2,1,repack
c6c6b7bc898d437da5eb12be3d187f9f,172.20.185.122,1610272453.2032661,linpack,0.30956375289046256,0.2,2,repack
8c15c179db884d67b88b05a612a8faf2,172.20.185.122,1610272455.2471282,linpack,0.30956375289046256,0.2,3,repack
1c5adbed2b7c463885405b51fdedf1ee,172.20.185.122,1610272457.2396555,linpack,0.30956375289046256,0.2,4,repack
b9e71c5780124baf965ab656c15cd541,172.20.185.122,1610272459.1879103,linpack,0.30956375289046256,0.2,5,repack
086dc4f28ba64b6e8ee452e75750c121,172.20.185.122,1610272461.2198534,linpack,0.30956375289046256,0.2,6,repack
932dd119158d42b7bdbaf6be17a5f296,172.20.185.122,1610272515.4807506,linpack,0.9960727923689442,0.2,5,repack
3fa7627153b04b4f9e4616756c514773,172.20.185.122,1610272517.4036763,linpack,0.9960727923689442,0.2,5,repack
54896dd2193f4cffb4653210614d3bb5,172.20.185.122,1610272552.737815,float_operation,0.9999813158842986,0.2,1,create
a875f701427f4ad6ab1e4789bc22dfdd,172.20.185.122,1610272588.9476113,linpack,0.9999983152933795,0.2,2,create
9238d20bbba5455895b255b2dea7b1ed,172.20.185.122,1610272589.5493925,float_operation,0.9999921059611161,0.2,1,create
d1b9e2a33ea347ddaa03a878a18c5962,172.20.185.119,1610272593.355116,disk,0.9999999999999999,0.2,1,create
917a5edb101e42e6a088c164ffa36ffc,172.20.185.119,1610272597.6471388,linpack,0.25917925086805554,0.2,1,repack
7c1b2b74a385411f941b4f3c352afcab,172.20.185.119,1610272598.543971,disk,0.6499999999999999,0.2,2,repack
7b8c2bb28cf54cb481a576723dea94ee,172.20.185.120,1610272599.217609,disk,0.42250000000000004,0.2,1,repack
af77cc3914584371b38136029434c466,172.20.185.121,1610272599.234689,map_reduce,0.9260624942511598,0.2,2,repack
d8d7fbacc3064afa99ba7c353f047788,172.20.185.119,1610272599.852984,image,0.34705357122905456,0.2,5,repack
b8d5de36fcc74a8e9f27c83c8ad3ff84,172.20.185.119,1610272599.9023583,linpack,0.25917925086805554,0.2,2,repack
66235114e7864411bab461637ce0815b,172.20.185.119,1610272600.9059052,image,0.34705357122905456,0.2,6,repack
2b57cef8497b485db45a80a8d3086bc1,172.20.185.121,1610272601.1478035,map_reduce,0.9260624942511598,0.2,3,repack
568d999ce2794e65a4d7fba835a71050,172.20.185.120,1610272601.2291129,disk,0.42250000000000004,0.2,2,repack
049dd367e9104d548a54eda043cfe640,172.20.185.119,1610272601.7795672,linpack,0.25917925086805554,0.2,3,repack
ae1e226f4faf4f9b87706079d3108b5a,172.20.185.120,1610272603.3243833,image,0.27462500000000006,0.2,1,repack
6888c076e231433b8963db9e87f9bf29,172.20.185.119,1610272603.688088,linpack,0.25917925086805554,0.2,4,repack
67b0a10c82804d52b5a1b0387e4bc0f6,172.20.185.120,1610272605.304337,image,0.27462500000000006,0.2,2,repack
532f63eed3d342648fdff5e4fb9d9112,172.20.185.119,1610272605.669708,linpack,0.25917925086805554,0.2,5,repack
f42255ae0d4a45daa145b7e3548ba12d,172.20.185.120,1610272607.3007205,image,0.27462500000000006,0.2,3,repack
2820bd0e5f5141de8778e4ae0479fdde,172.20.185.119,1610272607.6415854,linpack,0.25917925086805554,0.2,6,repack
10de14e2dc834d7a84a711c8d0b0ace1,172.20.185.120,1610272609.2597973,image,0.27462500000000006,0.2,4,repack
45c8c8240d614ac3adf33df542acf297,172.20.185.120,1610272611.3280795,image,0.27462500000000006,0.2,5,repack
0ae0eb9263ea49a5bbbbcb10d861f434,172.20.185.120,1610272613.2897637,image,0.27462500000000006,0.2,6,repack
c11a3aa0cf9844e6a6bc3907387d5bf4,172.20.185.119,1610272647.6411316,network,0.8669125,0.2,1,repack
b92dc4b9a97c4255b97ccf44f05e4136,172.20.185.119,1610272649.6617985,network,0.8669125,0.2,2,repack
0d195ee39ba94d748a71e4a581b2362a,172.20.185.119,1610272651.7074156,network,0.8669125,0.2,3,repack
33d8ab79e88541ae8aeb09ff7db03853,172.20.185.119,1610272656.0257344,image,0.9975859226170284,0.2,3,repack
fdbdd81d1cfc4bc2bfd6977091c8979c,172.20.185.119,1610272657.6828496,image,0.9984308497010684,0.2,4,repack
f4aa9273c2ff4fdfaae36475dd601c9f,172.20.185.119,1610272659.968087,image,0.9984308497010684,0.2,5,repack
f30b672791254831841ba7b45bada47f,172.20.185.119,1610272662.3085768,image,0.9984308497010684,0.2,5,repack
b31912c1cea84fd8935444783a5bd6b6,172.20.185.119,1610272733.7136626,image,0.9813308822115279,0.2,5,repack
33e35ce2cc9a4ed6aee09bcd86660be7,172.20.185.119,1610272735.6835253,image,0.9813308822115279,0.2,6,repack
9b9dcf50c9574d48a5364d0f3ac66a58,172.20.185.119,1610272749.6763554,markdown2html,0.42250000000000004,0.2,1,repack
52616a148d724dd4a82ad5c0017390ef,172.20.185.119,1610272751.6391516,markdown2html,0.42250000000000004,0.2,2,repack
ffe41a11a3eb4e2aa5453a89889df149,172.20.185.119,1610272753.618395,markdown2html,0.42250000000000004,0.2,3,repack
